rcp_no	corp_name	req	item	reason	orig_rcp_no	before	after	status
20250829000681	신영증권	예	Ⅰ. 회사의 개요 4. 주식의 총수 등 라. 자기주식에 관한 사항	기재 미흡	20250612000448	"라. 자기주식에 관한 사항
(1) 보유현황
(단위 : 주)
취득방법
취득(계약체결)결정 공시일자
주식종류
취득기간
취득목적
최초보유예상기간
최초취득수량
변동 수량
기말수량
비고
처분(-)
소각(-)
배당가능이익범위이내취득
직접취득
1994.09.26
우선주
1994.10.04~1995.03.11
-
-
658,000
-
-
658,000
-
1995.04.24
우선주
1995.05.11~1995.06.11
-
-
64,000
-
-
722,000
-
1995.04.24
보통주
1995.05.06~1995.06.18
-
-
100,000
89,788
-
10,212
처분은 종업원 상여지급(1995.06.20,
1996.03.30, 1996.05.25)
1996.06.13
보통주
1996.06.19~1996.07.26
-
-
100,000
109,949
-
263
처분은 종업원 상여지급 (1997.03.24)
1997.01.30
우선주
1997.02.05~1997.03.24
증시의 가격안정
-
100,000
107,810
-
714,190
처분은 종업원 상여지급 (1998.03.27)
1997.03.27
보통주
1997.04.02~1997.07.02
증시의 가격안정
-
266,640
-
-
266,903
-
1997.10.10
보통주
1997.10.17~1998.01.13
증시의 가격안정
-
254,450
-
-
521,353
-
1998.09.28
보통주
1998.10.08~1998.11.06
증시의 가격안정
-
100,000
-
-
621,353
-
1998.09.28
우선주
1998.10.08~1998.11.06
증시의 가격안정
-
300,000
-
-
1,014,190
-
1998.11.09
우선주
1998.11.16~1999.02.19
증시의 가격안정
-
300,000
-
-
1,314,190
-
1999.04.12
우선주
1999.04.23~1999.05.07
증시의 가격안정
-
200,000
-
-
1,514,190
-
1999.05.13
보통주
1999.05.19~1999.06.18
증시의 가격안정
-
400,000
-
-
1,021,353
-
1999.05.13
우선주
1999.05.19~1999.06.18
증시의 가격안정
-
300,000
-
-
1,814,190
-
1999.07.14
우선주
1999.07.21~1999.08.26
증시의 가격안정
-
300,000
-
-
2,114,190
-
1999.12.10
보통주
1999.12.16~2000.02.08
증시의 가격안정
-
100,000
-
-
1,121,353
-
1999.12.10
우선주
1999.12.16~2000.02.08
증시의 가격안정
-
300,000
-
-
2,414,190
-
2000.05.03
보통주
2000.05.10~2000.05.26
자기주식의 가격안정
최종취득일로부터 6월 이상
100,000
-
-
1,221,353
-
2000.05.03
우선주
2000.05.10~2000.05.26
자기주식의 가격안정
최종취득일로부터 6월 이상
200,000
-
-
2,614,190
-
2000.06.13
보통주
2000.06.19~2000.08.16
자기주식의 가격안정
최종취득일로부터 6월 이상
300,000
-
-
1,521,353
-
2000.06.13
우선주
2000.06.19~2000.08.16
자기주식의 가격안정
최종취득일로부터 6월 이상
196,620
-
-
2,810,810
-
2000.09.19
보통주
2001.09.26~2001.12.13
자기주식의 가격안정
최종취득일로부터 6월 이상
200,000
-
-
1,721,353
-
2002.08.20
보통주
2002.08.28~2002.09.18
자기주식의 가격안정
최종취득일로부터 6월 이상
100,000
-
-
1,821,353
-
2002.08.20
우선주
2002.08.28~2002.09.18
자기주식의 가격안정
최종취득일로부터 6월 이상
100,000
-
-
2,910,810
-
2002.09.19
우선주
2002.09.26~2002.10.28
자기주식의 가격안정
최종취득일로부터 6월 이상
100,000
-
-
3,010,810
-
2003.05.21
보통주
2003.05.29~2003.07.01
자기주식의 가격안정
최종취득일로부터 6월 이상
100,000
-
-
1,921,353
-
2003.05.21
우선주
2003.05.29~2003.07.01
자기주식의 가격안정
최종취득일로부터 6월 이상
100,000
-
-
3,110,810
-
2003.07.24
우선주
2003.07.30~2003.09.26
자기주식의 가격안정
최종취득일로부터 6월 이상
100,000
-
-
3,210,810
-
2003.10.01
우선주
2003.10.08~2003.11.04
자기주식의 가격안정
최종취득일로부터 6월 이상
100,000
-
-
3,310,810
-
2003.11.06
보통주
2003.11.12~2004.01.20
자기주식의 가격안정
최종취득일로부터 6월 이상
100,000
-
-
2,021,353
-
2003.11.06
우선주
2003.11.12~2004.01.20
자기주식의 가격안정
최종취득일로부터 6월 이상
100,000
-
-
3,410,810
-
2004.01.30
보통주
2004.02.04~2004.03.10
자기주식의 가격안정
최종취득일로부터 6월 이상
100,000
-
-
2,121,353
-
2004.01.30
우선주
2004.02.04~2004.03.10
자기주식의 가격안정
최종취득일로부터 6월 이상
100,000
-
-
3,510,810
-
2004.07.29
우선주
2004.08.04~2004.10.11
자기주식의 가격안정
최종취득일로부터 6월 이상
100,000
-
-
3,610,810
-
2004.10.14
우선주
2004.10.22~2005.01.11
자기주식의 가격안정
최종취득일로부터 6월 이상
50,000
-
-
3,660,810
-
2005.01.25
우선주
2005.03.29~2005.04.20
자기주식의 가격안정
최종취득일로부터 6월 이상
50,000
-
-
3,710,810
-
2005.10.04
우선주
2005.10.10~2006.01.07
자기주식의 가격안정
최종취득일로부터 6월 이상
19,300
-
-
3,730,110
-
2006.02.08
우선주
2006.03.31~2006.04.21
주가안정을 통한 주주가치 증진
최종취득일로부터 6월 이상
100,000
-
-
3,830,110
-
2006.05.30
우선주
2006.06.05~2006.06.19
주가안정을 통한 주주가치 증진
최종취득일로부터 6월 이상
100,000
-
-
3,930,110
-
2006.06.21
우선주
2006.06.26~2006.09.21
주가안정을 통한 주주가치 증진
최종취득일로부터 6월 이상
100,000
-
-
4,030,110
-
2006.10.09
보통주
2006.10.16~2006.12.26
주가안정을 통한 주주가치 증진
최종취득일로부터 6월 이상
100,000
-
-
2,221,353
-
2007.05.04
보통주
2007.05.25~2007.06.29
주가안정을 통한 주주가치 증진
최종취득일로부터 6월 이상
100,000
-
-
2,321,353
-
2007.11.27
우선주
2007.12.03~2007.12.20
주가안정을 통한 주주가치 증진
최종취득일로부터 6월 이상
300,000
-
-
4,330,110
-
2009.01.15
보통주
2009.01.22~2009.04.15
주가안정을 통한 주주가치 증진
최종취득일로부터 6월 이상
100,000
-
-
2,421,353
-
2009.10.21
우선주
2009.10.26~2009.11.10
주가안정을 통한 주주가치 증진
-
50,000
-
-
4,380,110
-
2009.11.11
우선주
2009.11.16~2010.01.08
주가안정을 통한 주주가치 증진
-
100,000
-
-
4,480,110
-
2010.01.20
우선주
2010.01.25~2010.02.23
주가안정을 통한 주주가치 증진
-
100,000
-
-
4,580,110
-
2011.10.19
보통주
2011.10.20~2011.12.19
자기주식의 가격안정
-
91,110
15,690
-
2,496,773
처분은 성과보상 이연지급 대상자에 대한 자기주식 교부 (2015.12.31, 2016.03.31, 2017.03.31)
2017.09.27
보통주
2017.09.28~2017.12.22
주주가치 제고 및 임직원 성과보상
최종취득일로부터 6월 이상
100,000
6,103
-
2,590,670
처분은 성과보상 지급 대상자에 대한 자기주식 교부(2018.03.30)
2017.09.27
우선주
2017.09.28~2017.12.22
주주가치 제고 및 임직원 성과보상
최종취득일로부터 6월 이상
50,000
-
-
4,630,110
-
2018.05.16
보통주
2018.05.17~2018.08.10
주주가치 제고 및 임직원 성과보상
최종취득일로부터 6월 이상
100,000
-
-
2,690,670
-
2018.05.16
우선주
2018.05.17~2018.08.10
주주가치 제고 및 임직원 성과보상
최종취득일로부터 6월 이상
100,000
-
-
4,730,110
-
2018.10.17
보통주
2018.10.18~2019.01.17
주주가치 제고 및 임직원 성과보상
최종취득일로부터 6월 이상
48,232
5,227
-
2,733,675
처분은 성과보상 지급 대상자에 대한 자기주식 교부(2019.03.29)
2018.10.17
우선주
2018.10.18~2019.01.17
주주가치 제고 및 임직원 성과보상
최종취득일로부터 6월 이상
27,841
-
-
4,757,951
-
2019.06.14
보통주
2019.06.17~2019.08.22
주주가치 제고 및 임직원 성과보상
최종취득일로부터 6월 이상
50,000
-
-
2,783,675
-
2019.06.14
우선주
2019.06.17~2019.08.22
주주가치 제고 및 임직원 성과보상
최종취득일로부터 6월 이상
50,000
-
-
4,807,951
-
2019.10.16
보통주
2019.10.17~2019.11.29
주주가치 제고 및 임직원 성과보상
최종취득일로부터 6월 이상
50,000
-
-
2,833,675
-
2019.10.16
우선주
2019.10.17~2019.11.29
주주가치 제고 및 임직원 성과보상
최종취득일로부터 6월 이상
50,000
-
-
4,857,951
-
2019.12.13
우선주
2019.12.16~2020.03.12
주주가치 증대 및 임직원 성과보상
최종취득일로부터 6월 이상
50,000
-
-
4,907,951
-
2020.03.17
보통주
2020.03.18~2020.04.28
주주가치 증대 및 임직원 성과보상
최종취득일로부터 6월 이상
100,000
6,994
-
2,926,681
처분은 성과보상 지급 대상자에 대한 자기주식 교부(2020.03.31)
2020.03.17
우선주
2020.03.18~2020.04.28
주주가치 증대 및 임직원 성과보상
최종취득일로부터 6월 이상
50,000
-
-
4,957,951
-
2020.08.21
보통주
2020.08.24~2020.11.23
주주가치 증대 및 임직원 성과보상
최종취득일로부터 6월 이상
100,000
14,459
-
3,012,222
처분은 성과보상 지급 대상자에 대한 자기주식 교부(2021.03.30, 2022.03.30)
2020.08.21
우선주
2020.08.24~2020.11.23
주주가치 증대 및 임직원 성과보상
최종취득일로부터 6월 이상
51,707
-
-
5,009,658
-
2021.01.07
우선주
2021.01.08~2021.01.28
주주가치 증대 및 임직원 성과보상
최종취득일로부터 6월 이상
50,000
-
-
5,059,658
-
2021.02.02
우선주
2021.02.03~2021.03.11
주주가치 증대
최종취득일로부터 6월 이상
50,000
-
-
5,109,658
-
2021.04.21
우선주
2021.04.22~2021.07.13
주주가치 증대
최종취득일로부터 6월 이상
50,000
-
-
5,159,658
-
2021.07.21
우선주
2021.07.22~2021.10.21
주주가치 증대
최종취득일로부터 6월 이상
8,532
-
-
5,168,190
-
2022.05.10
보통주
2022.05.11~2022.08.10
주주가치 증대
최종취득일로부터 6월 이상
100,000
-
-
3,112,222
-
2022.05.10
우선주
2022.05.11~2022.08.10
주주가치 증대
최종취득일로부터 6월 이상
44,093
-
-
5,212,283
-
2022.09.29
보통주
2022.09.30~2022.12.29
주주가치 증대
최종취득일로부터 6월 이상
70,393
22,144
-
3,160,471
처분은 성과보상 지급 대상자에 대한 자기주식 교부(2023.03.30, 2024.03.28, 2025.03.28)
2022.09.29
우선주
2022.09.30~2022.12.29
주주가치 증대
최종취득일로부터 6월 이상
50,000
5,262,283
-
-
처분은 전환청구기간 종료에 따른 보통주 전환 (2024.04.08)
신탁계약에의한 취득
-
-
-
-
-
-
-
-
-
-
-
-
-
-
-
-
-
-
-
-
기타 취득
-
보통주
2024.04.08
전환우선주 자동전환
-
5,262,283
-
-
5,262,283
-
-
-
-
-
-
-
-
-
-
-
총계
14,063,201
5,640,447
-
8,422,754
-
(2) 자기주식 보유 목적
당사는 자기주식을 보유함으로써 주주가치를 제고하고, 주가 안정화를 도모하는 것을 주요 목적으로 하고 있음
(3) 자기주식 취득계획
보고일 현재 자기주식 추가 취득 계획 없음
(4) 자기주식 처분계획
보고일 현재 자기주식 소각 및 처분 계획 없음※ 당사는 금융회사 지배구조에 관한 법률에 의거하여 주식기준 보상제도를 운영하고 있습니다. 책임 경영 및 회사의 장기성과 연계 강화를 위해 성과급의 일부를 이연하여 지급하고, 회사의 장기성과와 연동될 수 있도록 주식 및 주식연계상품 등으로 지급하고 있습니다.
(5) 자기주식 소각계획
법규 및 규정에 따라 자기주식 취득 및 처분 계획을 공시하여 투자자 신뢰 제고"	"라. 자기주식에 관한 사항(1) 보유현황
(단위 : 주)
취득방법
취득(계약체결)결정 공시일자
주식종류
취득기간
취득목적
최초보유예상기간
최초취득수량
변동 수량
기말수량
비고
처분(-)
소각(-)
배당가능이익범위이내취득
직접취득
1995.04.24
보통주
1995.05.06~1995.06.18
-
-
100,000
100,000
-
-
주1)
1996.06.13
보통주
1996.06.19~1996.07.26
-
-
100,000
100,000
-
-
주2)
1997.03.27
보통주
1997.04.02~1997.07.02
증시의 가격안정
-
266,640
70,354
-
196,286
주3)
1997.10.10
보통주
1997.10.17~1998.01.13
증시의 가격안정
-
254,450
-
-
254,450
-
1998.09.28
보통주
1998.10.08~1998.11.06
증시의 가격안정
-
100,000
-
-
100,000
-
1999.05.13
보통주
1999.05.19~1999.06.18
증시의 가격안정
-
400,000
-
-
400,000
-
1999.12.10
보통주
1999.12.16~2000.02.08
증시의 가격안정
-
100,000
-
-
100,000
-
2000.05.03
보통주
2000.05.10~2000.05.26
자기주식의 가격안정
최종취득일로부터 6월 이상
100,000
-
-
100,000
-
2000.06.13
보통주
2000.06.19~2000.08.16
자기주식의 가격안정
최종취득일로부터 6월 이상
300,000
-
-
300,000
-
2000.09.19
보통주
2001.09.26~2001.12.13
자기주식의 가격안정
최종취득일로부터 6월 이상
200,000
-
-
200,000
-
2002.08.20
보통주
2002.08.28~2002.09.18
자기주식의 가격안정
최종취득일로부터 6월 이상
100,000
-
-
100,000
-
2003.05.21
보통주
2003.05.29~2003.07.01
자기주식의 가격안정
최종취득일로부터 6월 이상
100,000
-
-
100,000
-
2003.11.06
보통주
2003.11.12~2004.01.20
자기주식의 가격안정
최종취득일로부터 6월 이상
100,000
-
-
100,000
-
2004.01.30
보통주
2004.02.04~2004.03.10
자기주식의 가격안정
최종취득일로부터 6월 이상
100,000
-
-
100,000
-
2006.10.09
보통주
2006.10.16~2006.12.26
주가안정을 통한 주주가치 증진
최종취득일로부터 6월 이상
100,000
-
-
100,000
-
2007.05.04
보통주
2007.05.25~2007.06.29
주가안정을 통한 주주가치 증진
최종취득일로부터 6월 이상
100,000
-
-
100,000
-
2009.01.15
보통주
2009.01.22~2009.04.15
주가안정을 통한 주주가치 증진
최종취득일로부터 6월 이상
100,000
-
-
100,000
-
2011.10.19
보통주
2011.10.20~2011.12.19
자기주식의 가격안정
-
91,110
-
-
91,110
-
2017.09.27
보통주
2017.09.28~2017.12.22
주주가치 제고 및 임직원 성과보상
최종취득일로부터 6월 이상
100,000
-
-
100,000
-
2018.05.16
보통주
2018.05.17~2018.08.10
주주가치 제고 및 임직원 성과보상
최종취득일로부터 6월 이상
100,000
-
-
100,000
-
2018.10.17
보통주
2018.10.18~2019.01.17
주주가치 제고 및 임직원 성과보상
최종취득일로부터 6월 이상
48,232
-
-
48,232
-
2019.06.14
보통주
2019.06.17~2019.08.22
주주가치 제고 및 임직원 성과보상
최종취득일로부터 6월 이상
50,000
-
-
50,000
-
2019.10.16
보통주
2019.10.17~2019.11.29
주주가치 제고 및 임직원 성과보상
최종취득일로부터 6월 이상
50,000
-
-
50,000
-
2020.03.17
보통주
2020.03.18~2020.04.28
주주가치 증대 및 임직원 성과보상
최종취득일로부터 6월 이상
100,000
-
-
100,000
-
2020.08.21
보통주
2020.08.24~2020.11.23
주주가치 증대 및 임직원 성과보상
최종취득일로부터 6월 이상
100,000
-
-
100,000
-
2022.05.10
보통주
2022.05.11~2022.08.10
주주가치 증대
최종취득일로부터 6월 이상
100,000
-
-
100,000
-
2022.09.29
보통주
2022.09.30~2022.12.29
주주가치 증대
최종취득일로부터 6월 이상
70,393
-
-
70,393
-
1994.09.26
우선주
1994.10.04~1995.03.11
-
-
658,000
107,810
-
550,190
주4)
1995.04.24
우선주
1995.05.11~1995.06.11
-
-
64,000
-
-
64,000
-
1997.01.30
우선주
1997.02.05~1997.03.24
증시의 가격안정
-
100,000
-
-
100,000
-
1998.09.28
우선주
1998.10.08~1998.11.06
증시의 가격안정
-
300,000
-
-
300,000
-
1998.11.09
우선주
1998.11.16~1999.02.19
증시의 가격안정
-
300,000
-
-
300,000
-
1999.04.12
우선주
1999.04.23~1999.05.07
증시의 가격안정
-
200,000
-
-
200,000
-
1999.05.13
우선주
1999.05.19~1999.06.18
증시의 가격안정
-
300,000
-
-
300,000
-
1999.07.14
우선주
1999.07.21~1999.08.26
증시의 가격안정
-
300,000
-
-
300,000
-
1999.12.10
우선주
1999.12.16~2000.02.08
증시의 가격안정
-
300,000
-
-
300,000
-
2000.05.03
우선주
2000.05.10~2000.05.26
자기주식의 가격안정
최종취득일로부터 6월 이상
200,000
-
-
200,000
-
2000.06.13
우선주
2000.06.19~2000.08.16
자기주식의 가격안정
최종취득일로부터 6월 이상
196,620
-
-
196,620
-
2002.08.20
우선주
2002.08.28~2002.09.18
자기주식의 가격안정
최종취득일로부터 6월 이상
100,000
-
-
100,000
-
2002.09.19
우선주
2002.09.26~2002.10.28
자기주식의 가격안정
최종취득일로부터 6월 이상
100,000
-
-
100,000
-
2003.05.21
우선주
2003.05.29~2003.07.01
자기주식의 가격안정
최종취득일로부터 6월 이상
100,000
-
-
100,000
-
2003.07.24
우선주
2003.07.30~2003.09.26
자기주식의 가격안정
최종취득일로부터 6월 이상
100,000
-
-
100,000
-
2003.10.01
우선주
2003.10.08~2003.11.04
자기주식의 가격안정
최종취득일로부터 6월 이상
100,000
-
-
100,000
-
2003.11.06
우선주
2003.11.12~2004.01.20
자기주식의 가격안정
최종취득일로부터 6월 이상
100,000
-
-
100,000
-
2004.01.30
우선주
2004.2.4~2004.3.10
자기주식의 가격안정
최종취득일로부터 6월 이상
100,000
-
-
100,000
-
2004.07.29
우선주
2004.8.4~2004.10.11
자기주식의 가격안정
최종취득일로부터 6월 이상
100,000
-
-
100,000
-
2004.10.14
우선주
2004.10.22~2005.01.11
자기주식의 가격안정
최종취득일로부터 6월 이상
50,000
-
-
50,000
-
2005.01.25
우선주
2005.03.29~2005.04.20
자기주식의 가격안정
최종취득일로부터 6월 이상
50,000
-
-
50,000
-
2005.10.04
우선주
2005.10.10~2006.01.07
자기주식의 가격안정
최종취득일로부터 6월 이상
19,300
-
-
19,300
-
2006.02.08
우선주
2006.03.31~2006.04.21
주가안정을 통한 주주가치 증진
최종취득일로부터 6월 이상
100,000
-
-
100,000
-
2006.05.30
우선주
2006.06.05~2006.06.19
주가안정을 통한 주주가치 증진
최종취득일로부터 6월 이상
100,000
-
-
100,000
-
2006.06.21
우선주
2006.06.26~2006.09.21
주가안정을 통한 주주가치 증진
최종취득일로부터 6월 이상
100,000
-
-
100,000
-
2007.11.27
우선주
2007.12.03~2007.12.20
주가안정을 통한 주주가치 증진
최종취득일로부터 6월 이상
300,000
-
-
300,000
-
2009.10.21
우선주
2009.10.26~2009.11.10
주가안정을 통한 주주가치 증진
-
50,000
-
-
50,000
-
2009.11.11
우선주
2009.11.16~2010.01.08
주가안정을 통한 주주가치 증진
-
100,000
-
-
100,000
-
2010.01.20
우선주
2010.01.25~2010.02.23
주가안정을 통한 주주가치 증진
-
100,000
-
-
100,000
-
2017.09.27
우선주
2017.09.28~2017.12.22
주주가치 제고 및 임직원 성과보상
최종취득일로부터 6월 이상
50,000
-
-
50,000
-
2018.05.16
우선주
2018.05.17~2018.08.10
주주가치 제고 및 임직원 성과보상
최종취득일로부터 6월 이상
100,000
-
-
100,000
-
2018.10.17
우선주
2018.10.18~2019.01.17
주주가치 제고 및 임직원 성과보상
최종취득일로부터 6월 이상
27,841
-
-
27,841
-
2019.06.14
우선주
2019.06.17~2019.08.22
주주가치 제고 및 임직원 성과보상
최종취득일로부터 6월 이상
50,000
-
-
50,000
-
2019.10.16
우선주
2019.10.17~2019.11.29
주주가치 제고 및 임직원 성과보상
최종취득일로부터 6월 이상
50,000
-
-
50,000
-
2019.12.13
우선주
2019.12.16~2020.03.12
주주가치 증대 및 임직원 성과보상
최종취득일로부터 6월 이상
50,000
-
-
50,000
-
2020.03.17
우선주
2020.03.18~2020.04.28
주주가치 증대 및 임직원 성과보상
최종취득일로부터 6월 이상
50,000
-
-
50,000
-
2020.08.21
우선주
2020.08.24~2020.11.23
주주가치 증대 및 임직원 성과보상
최종취득일로부터 6월 이상
51,707
-
-
51,707
-
2021.01.07
우선주
2021.01.08~2021.01.28
주주가치 증대 및 임직원 성과보상
최종취득일로부터 6월 이상
50,000
-
-
50,000
-
2021.02.02
우선주
2021.02.03~2021.03.11
주주가치 증대
최종취득일로부터 6월 이상
50,000
-
-
50,000
-
2021.04.21
우선주
2021.04.22~2021.07.13
주주가치 증대
최종취득일로부터 6월 이상
50,000
-
-
50,000
-
2021.07.21
우선주
2021.07.22~2021.10.21
주주가치 증대
최종취득일로부터 6월 이상
8,532
-
-
8,532
-
2022.05.10
우선주
2022.05.11~2022.08.10
주주가치 증대
최종취득일로부터 6월 이상
44,093
-
-
44,093
-
2022.09.29
우선주
2022.09.30~2022.12.29
주주가치 증대
최종취득일로부터 6월 이상
50,000
-
-
50,000
-
신탁계약에의한 취득
-
-
-
-
-
-
-
-
-
-
-
-
-
-
-
-
-
-
-
-
기타 취득
-
보통주
2024.04.08
전환우선주 자동전환
-
5,262,283
-
-
5,262,283
-
-
우선주
2024.04.08
전환우선주 자동전환
-
-
5,262,283
-
-
주5)
총계
14,063,201
5,640,447
-
8,422,754
-
주1) 처분은 종업원 상여지급(1995.06.20~1997.03.24)주2) 처분은 종업원 상여지급(1997.03.24)주3) 처분은 종업원 상여지급(1997.03.24) 및 성과보상 지급 대상자에 대한 자기주식 교부(2015.12.31~2025.03.28)주4) 처분은 종업원 상여지급(1998.03.27)주5) 처분은 전환청구기간 종료에 따른 보통주 전환 (2024.04.08)
(2) 자기주식 보유 목적
당사는 배당가능 이익내에서 직접 취득한 자기주식으로 현재 보통주 8,422,754주를 보유하고 있습니다. 당사는 자기주식을 보유함으로써 주주가치를 제고하고, 주가 안정화를 도모하는 것을 주요 목적으로 취득하였으며, 경영환경 변화에 따른 전략투자와 재무구조 개선 등을 위한 재원확보, 임직원에 대한 보상 등의 목적으로 보유 중입니다.
(3) 자기주식 취득계획
당사는 주가를 안정화시키고, 주주가치 제고를 위해 지속적으로 자기주식을 취득해 오고 있습니다. 2022년 12월을 마지막으로 취득하였으며(120.393주), 현재로서는 자기주식 취득에 대해 검토중인 구체적인 계획은 없습니다. 다만, 향후 주가 추이, 대내외 환경 등을 종합적으로 고려하여 주가안정 및 주주가치 제고를 위해 필요하다고 판단시 자기주식 취득을 검토할 예정입니다.
(4) 자기주식 처분계획
당사는 2025년 3월 27일 이사회 결의를 통해 임원 성과급 지급 목적으로 자기주식 7,257주의 처분을 결정하여 2025년 3월 28일 처분하였습니다. 이는 금융회사 지배구조에 관한 법률에 의거한 주식기준 보상제도에 따른 성과보상 지급분 중 주식 지급을 위한 것입니다. 당사는 보유 중인 자기주식에 대하여 임직원 성과보상 외에 다른 목적의 처분은 없었습니다. 현재로서는 당사가 검토중인 구체적인 자기주식 처분계획은 없으나, 향후 재무구조 개선, 주주가치 제고 및 임직원에 대한 보상을 위해 필요하다고 판단시 자기주식 처분 계획을 검토할 예정입니다.
(5) 자기주식 소각계획
당사는 보고일 현재 자기주식 소각에 대한 구체적인 계획은 없습니다. 자기주식 소각 여부는 회사의 장기적인 자본 운용계획과 재무상황 및 대내외 경영환경 등을 종합적으로 고려하여 판단할 필요가 있으며, 현재 진행중인 관련 법규 및 제도변경 등을 고려하여 신중히 검토할 예정입니다."	ok_sub
20250828000839	노드메이슨	예	Ⅲ. 재무에 관한 사항1. 요약재무정보가. 연결재무정보	정정기재	20250318001317	"1. 요약재무정보
가. 요약 재무정보 - 연결
(단위 : 백만원)
사업연도
구분
2024연도
(제12기)
2023연도
(제11기)
2022연도
(제10기)
회계처리 기준
K-IFRS
K-IFRS
K-IFRS
감사인(감사의견)
적정
적정
적정
유동자산
매출채권
재고자산
비유동자산
투자자산
유형자산
무형자산
기타비유동자산
자산총계
7,0062,0504,10817,397012,8087353,85424,403
7,8112,5834,09815,24422311,0738553,09223,055
9,7864,0304,46916,4921,88710,4427733,38926,277
유동부채
매입채무
단기차입금
비유동부채
부채총계
10,7131,8621,3818,17418,887
8,4721,6425507,37615,848
5,2651,6631,1609,11914,384
지배기업소유지분 자본금
자본잉여금
기타자본구성요소
기타포괄손익누계액
결손금 비지배지분
자본총계
6,9992,23915,659(699)(465)(9,735)(1,484)5,516
8,4212,21515,489(151)(284)(8,848)(1,214)7,207
12,3212,21515,461(140)(457)(4,757)(428)11,893
(단위 : 백만원)
사업연도
구분
2024연도
(제12기)
2023연도
(제11기)
2022연도
(제10기)
매출액
21,651
19,489
16,325
영업이익
29
(3,588)
(3,300)
당기순이익
(1,142)
(4,916)
(3,243)
기타포괄손익
(196)
204
(218)
총포괄손익
(1,338)
(4,712)
(3,461)
지배회사지분순손익
(889)
(4,090)
(2,556)
비지배지분
(253)
(826)
(686)
주당순이익
-200원
-923원
-587원
※ 제12기(당기)는 정기주주총회 승인전 재무제표이며. 향후 정기주주총회에서 재무제표 승인 관련 안건이 부결되거나 수정이 발생한 경우 정정보고서를 통해 그 내용 및 사유 등을 반영할 예정입니다.
나. 요약 재무정보 - 별도
(단위 : 백만원)
사업연도
구분
2024연도
(제12기)
2023연도
(제11기)
2022연도
(제10기)
회계처리 기준
K-IFRS
K-IFRS
K-IFRS
감사인(감사의견)
적정
적정
적정
유동자산
매출채권
재고자산
비유동자산
투자자산
유형자산
무형자산
기타비유동자산
자산총계
6,6482,6143,15718,1242,96111,391123,76024,772
7,6223,5753,25015,6412,8139,61893,20023,263
9,5713,9583,87615,0793,3538,453333,23924,650
유동부채
매입채무
단기차입금
비유동부채
부채총계
8,9781,4321,2817,70616,684
7,0591,5524507,25814,317
3,4481,5161,0608,60312,051
자본금
자본잉여금
기타자본구성요소
기타포괄손익누계액
결손금 자본총계
2,23915,65984(418)(9,477)8,088
2,21515,489107(377)(8,488)8,946
2,21515,461129(283)(4,924)12,599
(단위 : 백만원)
사업연도
구분
2024연도
(제12기)
2023연도
(제11기)
2022연도
(제10기)
매출액
17,539
17,169
15,104
영업이익
269
(1,453)
(1,919)
당기순이익
(990)
(3,564)
(2,534)
주당순이익
-223원
-805원
-582원
※ 제12기(당기)는 정기주주총회 승인전 재무제표이며. 향후 정기주주총회에서 재무제표 승인 관련 안건이 부결되거나 수정이 발생한 경우 정정보고서를 통해 그 내용 및 사유 등을 반영할 예정입니다."	"1. 요약재무정보
가. 요약 재무정보 - 연결
1) 요약재무정보(연결)
(단위 : 백만원)
사업연도
구분
2024연도
(제12기)
2023연도
(제11기)
2022연도
(제10기)
회계처리 기준
K-IFRS
K-IFRS
K-IFRS
감사인(감사의견)
적정
적정
적정
유동자산
매출채권
재고자산
비유동자산
투자자산
유형자산
무형자산
기타비유동자산
자산총계
7,5432,0504,10816,860012,8087353,31724,403
7,8112,5834,09815,24422311,0738553,09223,055
9,7864,0304,46916,4921,88710,4427733,38926,277
유동부채
매입채무
단기차입금
비유동부채
부채총계
10,7131,8621,3818,17418,887
8,4721,6425507,37615,848
5,2651,6631,1609,11914,384
지배기업소유지분 자본금
자본잉여금
기타자본구성요소
기타포괄손익누계액
결손금 비지배지분
자본총계
6,9992,23915,659(699)(465)(9,735)(1,484)5,516
8,4212,21515,489(151)(284)(8,848)(1,214)7,207
12,3212,21515,461(140)(457)(4,757)(428)11,893
(단위 : 백만원)
사업연도
구분
2024연도
(제12기)
2023연도
(제11기)
2022연도
(제10기)
매출액
21,483
19,489
16,325
영업이익
(190)
(3,588)
(3,300)
당기순이익
(1,310)
(4,916)
(3,243)
기타포괄손익
(28)
204
(218)
총포괄손익
(1,338)
(4,712)
(3,461)
지배회사지분순손익
(1,056)
(4,090)
(2,556)
비지배지분
(253)
(826)
(686)
주당순이익
-238원
-923원
-587원
※ 한
국채택국제회계기준 작성기준에 따라 작성되었습니다.2) 재무제표 재작성금융감독원 회계감리 결과를 반영하여 12기 재무제표를 재작성하였습니다.
나. 요약 재무정보 - 별도
1) 요약 재무정보(별도) (단위 : 백만원)
사업연도
구분
2024연도
(제12기)
2023연도
(제11기)
2022연도
(제10기)
회계처리 기준
K-IFRS
K-IFRS
K-IFRS
감사인(감사의견)
적정
적정
적정
유동자산
매출채권
재고자산
비유동자산
투자자산
유형자산
무형자산
기타비유동자산
자산총계
7,1412,6143,15717,6312,96111,391123,26724,772
7,6223,5753,25015,6412,8139,61893,20023,263
9,5713,9583,87615,0793,3538,453333,23924,650
유동부채
매입채무
단기차입금
비유동부채
부채총계
8,9781,4321,2817,70616,684
7,0591,5524507,25814,317
3,4481,5161,0608,60312,051
자본금
자본잉여금
기타자본구성요소
기타포괄손익누계액
결손금 자본총계
2,23915,65984(418)(9,477)8,088
2,21515,489107(377)(8,488)8,946
2,21515,461129(283)(4,924)12,599
(단위 : 백만원)
사업연도
구분
2024연도
(제12기)
2023연도
(제11기)
2022연도
(제10기)
매출액
17,539
17,169
15,104
영업이익
269
(1,453)
(1,919)
당기순이익
(990)
(3,564)
(2,534)
주당순이익
-223원
-805원
-582원
※ 한국채택국제회계기준 작성기준에 따라 작성되었습니다.
2) 재무제표 재작성금융감독원 회계감리 결과를 반영하여 12기 재무제표를 재작성하였습니다."	ok
20250828000839	노드메이슨	예	Ⅲ. 재무에 관한 사항1. 요약재무정보나. 별도재무정보	정정기재	20250318001317	"1. 요약재무정보
가. 요약 재무정보 - 연결
(단위 : 백만원)
사업연도
구분
2024연도
(제12기)
2023연도
(제11기)
2022연도
(제10기)
회계처리 기준
K-IFRS
K-IFRS
K-IFRS
감사인(감사의견)
적정
적정
적정
유동자산
매출채권
재고자산
비유동자산
투자자산
유형자산
무형자산
기타비유동자산
자산총계
7,0062,0504,10817,397012,8087353,85424,403
7,8112,5834,09815,24422311,0738553,09223,055
9,7864,0304,46916,4921,88710,4427733,38926,277
유동부채
매입채무
단기차입금
비유동부채
부채총계
10,7131,8621,3818,17418,887
8,4721,6425507,37615,848
5,2651,6631,1609,11914,384
지배기업소유지분 자본금
자본잉여금
기타자본구성요소
기타포괄손익누계액
결손금 비지배지분
자본총계
6,9992,23915,659(699)(465)(9,735)(1,484)5,516
8,4212,21515,489(151)(284)(8,848)(1,214)7,207
12,3212,21515,461(140)(457)(4,757)(428)11,893
(단위 : 백만원)
사업연도
구분
2024연도
(제12기)
2023연도
(제11기)
2022연도
(제10기)
매출액
21,651
19,489
16,325
영업이익
29
(3,588)
(3,300)
당기순이익
(1,142)
(4,916)
(3,243)
기타포괄손익
(196)
204
(218)
총포괄손익
(1,338)
(4,712)
(3,461)
지배회사지분순손익
(889)
(4,090)
(2,556)
비지배지분
(253)
(826)
(686)
주당순이익
-200원
-923원
-587원
※ 제12기(당기)는 정기주주총회 승인전 재무제표이며. 향후 정기주주총회에서 재무제표 승인 관련 안건이 부결되거나 수정이 발생한 경우 정정보고서를 통해 그 내용 및 사유 등을 반영할 예정입니다.
나. 요약 재무정보 - 별도
(단위 : 백만원)
사업연도
구분
2024연도
(제12기)
2023연도
(제11기)
2022연도
(제10기)
회계처리 기준
K-IFRS
K-IFRS
K-IFRS
감사인(감사의견)
적정
적정
적정
유동자산
매출채권
재고자산
비유동자산
투자자산
유형자산
무형자산
기타비유동자산
자산총계
6,6482,6143,15718,1242,96111,391123,76024,772
7,6223,5753,25015,6412,8139,61893,20023,263
9,5713,9583,87615,0793,3538,453333,23924,650
유동부채
매입채무
단기차입금
비유동부채
부채총계
8,9781,4321,2817,70616,684
7,0591,5524507,25814,317
3,4481,5161,0608,60312,051
자본금
자본잉여금
기타자본구성요소
기타포괄손익누계액
결손금 자본총계
2,23915,65984(418)(9,477)8,088
2,21515,489107(377)(8,488)8,946
2,21515,461129(283)(4,924)12,599
(단위 : 백만원)
사업연도
구분
2024연도
(제12기)
2023연도
(제11기)
2022연도
(제10기)
매출액
17,539
17,169
15,104
영업이익
269
(1,453)
(1,919)
당기순이익
(990)
(3,564)
(2,534)
주당순이익
-223원
-805원
-582원
※ 제12기(당기)는 정기주주총회 승인전 재무제표이며. 향후 정기주주총회에서 재무제표 승인 관련 안건이 부결되거나 수정이 발생한 경우 정정보고서를 통해 그 내용 및 사유 등을 반영할 예정입니다."	"1. 요약재무정보
가. 요약 재무정보 - 연결
1) 요약재무정보(연결)
(단위 : 백만원)
사업연도
구분
2024연도
(제12기)
2023연도
(제11기)
2022연도
(제10기)
회계처리 기준
K-IFRS
K-IFRS
K-IFRS
감사인(감사의견)
적정
적정
적정
유동자산
매출채권
재고자산
비유동자산
투자자산
유형자산
무형자산
기타비유동자산
자산총계
7,5432,0504,10816,860012,8087353,31724,403
7,8112,5834,09815,24422311,0738553,09223,055
9,7864,0304,46916,4921,88710,4427733,38926,277
유동부채
매입채무
단기차입금
비유동부채
부채총계
10,7131,8621,3818,17418,887
8,4721,6425507,37615,848
5,2651,6631,1609,11914,384
지배기업소유지분 자본금
자본잉여금
기타자본구성요소
기타포괄손익누계액
결손금 비지배지분
자본총계
6,9992,23915,659(699)(465)(9,735)(1,484)5,516
8,4212,21515,489(151)(284)(8,848)(1,214)7,207
12,3212,21515,461(140)(457)(4,757)(428)11,893
(단위 : 백만원)
사업연도
구분
2024연도
(제12기)
2023연도
(제11기)
2022연도
(제10기)
매출액
21,483
19,489
16,325
영업이익
(190)
(3,588)
(3,300)
당기순이익
(1,310)
(4,916)
(3,243)
기타포괄손익
(28)
204
(218)
총포괄손익
(1,338)
(4,712)
(3,461)
지배회사지분순손익
(1,056)
(4,090)
(2,556)
비지배지분
(253)
(826)
(686)
주당순이익
-238원
-923원
-587원
※ 한
국채택국제회계기준 작성기준에 따라 작성되었습니다.2) 재무제표 재작성금융감독원 회계감리 결과를 반영하여 12기 재무제표를 재작성하였습니다.
나. 요약 재무정보 - 별도
1) 요약 재무정보(별도) (단위 : 백만원)
사업연도
구분
2024연도
(제12기)
2023연도
(제11기)
2022연도
(제10기)
회계처리 기준
K-IFRS
K-IFRS
K-IFRS
감사인(감사의견)
적정
적정
적정
유동자산
매출채권
재고자산
비유동자산
투자자산
유형자산
무형자산
기타비유동자산
자산총계
7,1412,6143,15717,6312,96111,391123,26724,772
7,6223,5753,25015,6412,8139,61893,20023,263
9,5713,9583,87615,0793,3538,453333,23924,650
유동부채
매입채무
단기차입금
비유동부채
부채총계
8,9781,4321,2817,70616,684
7,0591,5524507,25814,317
3,4481,5161,0608,60312,051
자본금
자본잉여금
기타자본구성요소
기타포괄손익누계액
결손금 자본총계
2,23915,65984(418)(9,477)8,088
2,21515,489107(377)(8,488)8,946
2,21515,461129(283)(4,924)12,599
(단위 : 백만원)
사업연도
구분
2024연도
(제12기)
2023연도
(제11기)
2022연도
(제10기)
매출액
17,539
17,169
15,104
영업이익
269
(1,453)
(1,919)
당기순이익
(990)
(3,564)
(2,534)
주당순이익
-223원
-805원
-582원
※ 한국채택국제회계기준 작성기준에 따라 작성되었습니다.
2) 재무제표 재작성금융감독원 회계감리 결과를 반영하여 12기 재무제표를 재작성하였습니다."	ok
20250828000839	노드메이슨	예	Ⅲ. 재무에 관한 사항6. 배당에 관한 사항	정정기재	20250318001317	"6. 배당에 관한 사항
1. 회사의 배당정책에 관한 사항
당사의 배당정책은 배당가능이익 범위내에서 회사의 이익규모(손익계산서상 당기순이익), 미래 성장을 위한 투자계획 및 재무구조 등을 종합적으로 감안하여 결정하고 있습니다. 당사는 정관에 의거 이사회 결의 및 주주총회의 승인을 통하여 금전과 주식으로 이익 배당할 수 있습니다.
2. 배당관련 예측가능성 제공에 관한 사항
가. 정관상 배당절차 개선방안 이행 가부
구분
현황 및 계획
정관상 배당액 결정 기관
이사회, 주주총회
정관상 배당기준일을 배당액 결정 이후로 정할 수 있는지 여부
-
배당절차 개선방안 이행 관련 향후 계획
-
나. 배당액 확정일 및 배당기준일 지정 현황
구분
결산월
배당여부
배당액확정일
배당기준일
배당 예측가능성제공여부
비고
제12기
2024년 12월
X
-
2024년 12월 31일
X
-
제11기
2023년 12월
X
-
2023년 12월 31일
X
-
제10기
2022년 12월
X
-
2022년 12월 31일
X
-
3. 기타 참고사항(배당 관련 정관의 내용 등)
정관에서 배당에 관한 사항에 대하여 다음과 같이 규정하고 있습니다.
제12 조 (신주의 동등배당)
1.
회사가 정한 배당기준일 전에 유상증자, 무상증자 및 주식배당에 의하여 발행한 주식에 대하여는 동등배당한다.
2. 제1항의 규정에도 불구하고 배당기준일을 정하는 이사회 결의일로부터 그 배당기준일까지 발행한 신주에 대하여는 배당을 하지 아니한다.
제56조 (이익배당)
1. 이익배당은 금전 또는 금전 외의 재산으로 할 수 있다.
2. 이익의 배당을 주식으로 하는 경우 회사가 수종의 주식을 발행한 때에는 주주총회의 결의로 그와 다른 종류의 주식으로도 할 수 있다.3. 제1항의 배당은 이사회 결의로 정하는 배당기준일 현재의 주주명부에 기재된 주주 또는 등록된 질권자에게 지급한다.제57조 (중간배당)
1.회사는 이사회의 결의로 주주에게 상법 제462조의3의 규정에 의한 중간배당을 할 수 있다.
2. 제1항의 이사회 결의는 중간배당 기준일 이후 45일 내에 하여야 한다.
3. 중간배당은 직전결산기의 대차대조표상의 순자산액에서 다음 각호의 금액을 공제한 액을 한도로 한다.
①직전결산기의 자본금의 액
②
직전결산기까지 적립된 자본준비금과 이익준비금의 합계액
③
직전결산기의 정기주주총회에서 이익배당하기로 정한 금액
④
직전결산기까지 정관의 규정 또는 주주총회의 결의에 의하여 특정목적을 위해 적립한 임의준비금
⑤
상법시행령에서 정한 미실현이익
4.사업연도 개시일 이후 중간배당 기준일 이전에 신주를 발행한 경우(준비금의 자본전입, 주식배당, 전환사채의 전환청구, 신주인수권부사채의 신주인수권 행사에 의한 경우를 포함한다)에는 중간배당에 관해서는 당해 신주는 직전사업연도 말에 발행된 것으로 본다. 다만, 중간배당 기준일 후에 발행된 신주에 대하여는 최근 중간배당 기준일 직후에 발행된 것으로 본다.)
주요배당지표
구 분
주식의 종류
당기
전기
전전기
제12기
제11기
제10기
주당액면가액(원)
500
500
500
(연결)당기순이익(백만원)
-1,142
-4,916
-3,243
(별도)당기순이익(백만원)
-990
-3,564
-2,534
(연결)주당순이익(원)
-200
-923
-587
현금배당금총액(백만원)
-
-
-
주식배당금총액(백만원)
-
-
-
(연결)현금배당성향(%)
-
-
-
현금배당수익률(%)
-
-
-
-
-
-
-
-
주식배당수익률(%)
-
-
-
-
-
-
-
-
주당 현금배당금(원)
-
-
-
-
-
-
-
-
주당 주식배당(주)
-
-
-
-
-
-
-
-"	"6. 배당에 관한 사항
1. 회사의 배당정책에 관한 사항
당사의 배당정책은 배당가능이익 범위내에서 회사의 이익규모(손익계산서상 당기순이익), 미래 성장을 위한 투자계획 및 재무구조 등을 종합적으로 감안하여 결정하고 있습니다. 당사는 정관에 의거 이사회 결의 및 주주총회의 승인을 통하여 금전과 주식으로 이익 배당할 수 있습니다.
2. 배당관련 예측가능성 제공에 관한 사항
가. 정관상 배당절차 개선방안 이행 가부
구분
현황 및 계획
정관상 배당액 결정 기관
이사회, 주주총회
정관상 배당기준일을 배당액 결정 이후로 정할 수 있는지 여부
-
배당절차 개선방안 이행 관련 향후 계획
-
나. 배당액 확정일 및 배당기준일 지정 현황
구분
결산월
배당여부
배당액확정일
배당기준일
배당 예측가능성제공여부
비고
제12기
2024년 12월
X
-
2024년 12월 31일
X
-
제11기
2023년 12월
X
-
2023년 12월 31일
X
-
제10기
2022년 12월
X
-
2022년 12월 31일
X
-
3. 기타 참고사항(배당 관련 정관의 내용 등)
정관에서 배당에 관한 사항에 대하여 다음과 같이 규정하고 있습니다.
제12 조 (신주의 동등배당)1. 회사가 정한 배당기준일 전에 유상증자, 무상증자 및 주식배당에 의하여 발행한 주식에 대하여는 동등배당한다.2. 제1항의 규정에도 불구하고 배당기준일을 정하는 이사회 결의일로부터 그 배당기준일까지 발행한 신주에 대하여는 배당을 하지 아니한다.
제56조 (이익배당)
1. 이익배당은 금전 또는 금전 외의 재산으로 할 수 있다.
2. 이익의 배당을 주식으로 하는 경우 회사가 수종의 주식을 발행한 때에는 주주총회의 결의로 그와 다른 종류의 주식으로도 할 수 있다.3. 제1항의 배당은 이사회 결의로 정하는 배당기준일 현재의 주주명부에 기재된 주주 또는 등록된 질권자에게 지급한다.제57조 (중간배당)
1.회사는 이사회의 결의로 주주에게 상법 제462조의3의 규정에 의한 중간배당을 할 수 있다.
2. 제1항의 이사회 결의는 중간배당 기준일 이후 45일 내에 하여야 한다.
3. 중간배당은 직전결산기의 대차대조표상의 순자산액에서 다음 각호의 금액을 공제한 액을 한도로 한다.
①직전결산기의 자본금의 액
②직전결산기까지 적립된 자본준비금과 이익준비금의 합계액
③직전결산기의 정기주주총회에서 이익배당하기로 정한 금액
④직전결산기까지 정관의 규정 또는 주주총회의 결의에 의하여 특정목적을 위해 적립한 임의준비금
⑤상법시행령에서 정한 미실현이익
4.사업연도 개시일 이후 중간배당 기준일 이전에 신주를 발행한 경우(준비금의 자본전입, 주식배당, 전환사채의 전환청구, 신주인수권부사채의 신주인수권 행사에 의한 경우를 포함한다)에는 중간배당에 관해서는 당해 신주는 직전사업연도 말에 발행된 것으로 본다. 다만, 중간배당 기준일 후에 발행된 신주에 대하여는 최근 중간배당 기준일 직후에 발행된 것으로 본다.)
주요배당지표
구 분
주식의 종류
당기
전기
전전기
제12기
제11기
제10기
주당액면가액(원)
500
500
500
(연결)당기순이익(백만원)
-1,310
-4,916
-3,243
(별도)당기순이익(백만원)
-990
-3,564
-2,534
(연결)주당순이익(원)
-238
-923
-587
현금배당금총액(백만원)
-
-
-
주식배당금총액(백만원)
-
-
-
(연결)현금배당성향(%)
-
-
-
현금배당수익률(%)
-
-
-
-
-
-
-
-
주식배당수익률(%)
-
-
-
-
-
-
-
-
주당 현금배당금(원)
-
-
-
-
-
-
-
-
주당 주식배당(주)
-
-
-
-
-
-
-
-"	ok
20250828000839	노드메이슨	예	Ⅲ. 재무에 관한 사항8. 기타 재무에 관한 사항	정정기재	20250318001317	"8. 기타 재무에 관한 사항
가. 재무제표 재작성 등 유의사항(1) 재무제표 재작성- 해당사항이 없습니다.(2) 합병, 분할, 자산양수도, 영업양수도에 관한 사항- 해당사항이 없습니다.(3) 자산유동화와 관련한 자산매각의 회계처리 및 우발채무 등에 관한 사항- 우발채무 등에 관한 사항은 재무제표 주석을 참조하시기 바랍니다.(4) 기타 재무제표 이용에 유의하여야 할 사항- 해당사항이 없습니다.나. 대손충당금 설정현황(1)계정과목별 대손충당금 설정내역당기말 현재 대손충당금의 내역은 다음과 같습니다. (단위 : 천원)
구 분
계정과목
채권금액
대손충당금
대손충당금 설정률
제12기(당기)
매출채권
4,277,796
2,228,021
52.08%
대여금
-
-
-
합 계
4,277,796
2,228,021
52.08%
제11기(전기)
매출채권
4,789,427
2,206,271
46.07%
대여금
-
-
-
합 계
4,789,427
2,206,271
46.07%
제10기(전전기)
매출채권
5,632,461
1,602,174
28.45%
대여금
-
-
-
합 계
5,632,461
1,602,174
28.45%
(2) 최근 3사업연도의 대손충당금 변동현황 (단위 : 천원)
구 분
제12기(당기)
제11기(전기)
제10기(전전기)
1. 기초 대손충당금 잔액합계
2,206,271
1,602,174
286,967
2. 순대손처리액(①－②±③)
21,750
604,097
1,315,207
① 대손처리액(상각채권액)
194,906
604,272
1,311,034
② 상각채권회수액
-
-
-
③ 기타증감액
-
-
-
3. 대손상각비 계상(환입)액
-
-
-
4. 연결범위의 변동
-
(175)
4,174
5. 대체
(173,156)
-
-
6. 기말 대손충당금 잔액합계
2,228,021
2,206,271
1,602,174
(3) 매출채권관련 대손충당금 설정방침회사는 채무자의 경제적 어려움 등 개별적인 손상사건이 파악된 채권에 대해 개별분석을 통해 회수가능가액을 산정하고 산정된 회수가능가액과 장부금액의 차액을 대손충당금으로 인식하였으며, 손상되지 아니한 일부 채권에 대하여 집합 손상 가능성을 고려한 대손충당금을 설정하였습니다.손상된 매출채권에 대한 충당금 설정액은 포괄손익계산서상 '판매비와관리비'에 포함되어 있으며, 기타금융자산에 대한 대손충당금 설정액은 '기타비용'에 포함되어 있습니다. 추가적인 현금회수 가능성이 없는 경우 대손충당금은 제각하고 있습니다. 보고기간말 현재 매출채권 및 기타금융자산과 관련하여 보유하고 있는 담보는 없습니다. 신용위험의 최대 노출금액은 매출채권 및 기타금융자산의 각 분류별 장부금액 합계입니다.(4) 당해 사업연도말 현재 경과기간별 매출채권잔액 현황 (단위 : 백만원)
구 분
6월 이하
6월 초과 1년 이하
1년 초과 3년 이하
3년 초과
계
금액
일 반
2,071
2,207
-
-
4,278
특수관계자
-
-
-
-
-
합 계
2,071
2,207
-
-
4,278
구성비용(%)
48.41
52.59
-
-
100
다. 재고자산 현황 등(1) 재고자산의 사업부문별 보유현황 (단위 : 백만원)
구분
제12기(당기)
제11기(전기)
제10기(전전기)
비고
제품
2,933
2,796
2,733
-
재공품
1,175
1,302
1,736
-
합계
4,108
4,098
4,469
-
총자산대비 재고자산 구성비율(%)[재고자산합계÷기말자산총계×100
16.72%
17.31%
17.01%
-
재고자산회전율(회수)[연환산 매출원가÷{(기초재고+기말재고)÷2}]
2.27
2.35
2.11
-
(2) 재고자산의 실사내역 등(가) 실사일자매월 말 자체 재고조사가 실시되고 있으며, 독립적인 외부감사인의 입회 하에 실시하는 것은 매년 말 재고조사 1회에 한합니다.당사는 2024년 재무제표를 작성함에 있어서 2024년 12월 31일 기준으로 회사의 재고자산에 대한 재고조사를 2025년 01월 03일 오전 10시에 당사의 외부감사인인 정동회계법인 소속 공인회계사의 입회하에 실시하였습니다. 또한 당사는 물류창고 등에 대하여 매월 혹은 분기별로 자체적으로 재고실사를 수행하고 있습니다.(나) 실사방법전수조사를 기본으로 실지 재고조사를 실시하고 있으며, 일부 중요성이 높지않고 품목수가 많은 품목에 한해서는 샘플링 조사를 실시합니다.(다) 장기체화재고등의 내역 (기준일 : 2024년 12월 31일) (단위 : 백만원)
계정과목
취득원가
보유금액
당기평가손실
기말잔액
비고
제 품
2,933
2,933
-
2,933
-
재 공 품
1,175
1,175
-
1,175
-
합 계
4,108
4,108
-
4,108
-
(라) 재고자산 보유내역 및 평가내역 (기준일 : 2024년 12월 31일) (단위 : 백만원)
계정과목
취득원가
보유금액
평가손실충당금
기말잔액
비고
제 품
2,933
2,933
-
2,933
-
재 공 품
1,175
1,175
-
1,175
-
합 계
4,108
4,108
-
4,108
-
(3) 기타사항- 당사의 재고자산에 대한 담보제공 및 기타 특이사항은 없습니다라. 공정가치 평가내역(1) 금융상품 종류별 공정가치
(단위: 천원)
구 분
당기말
전기말
장부금액
공정가치
장부금액
공정가치
금융자산
현금및현금성자산
135,446
(*)
484,415
(*)
매출채권
2,049,775
(*)
2,583,156
(*)
기타채권
3,090,633
(*)
308,823
(*)
장기금융상품
-
(*)
57,375
(*)
당기손익-공정가치 금융자산
-
(*)
-
(*)
기타포괄손익-공정가치 금융자산
-
-
88,170
88,170
금융부채
매입채무
1,862,137
(*)
1,642,006
(*)
기타채무
1,471,378
(*)
1,216,451
(*)
단기차입금
1,380,524
(*)
550,000
(*)
장기차입금
8,607,580
(*)
7,587,500
(*)
전환사채(유동)
3,629,426
(*)
3,448,107
(*)
파생상품부채
639,142
639,142
404,328
404,328
(*) 장부금액이 공정가치의 합리적인 근사치이므로 공정가치 공시에서 제외하였습니다.
(2) 공정가치 서열체계회사는 공정가치를 산정하는 데 사용한 투입변수의 신뢰성에 대한 정보를 제공하기 위하여 금융상품을 기준서에서 정한 세 수준으로 분류합니다. 공정가치로 측정되는 금융상품은 공정가치 서열체계에 따라 구분되며 정의된 수준들은 다음과 같습니다.
-
측정일에 동일한 자산이나 부채에 대해 접근할 수 있는 활성시장의 (조정하지 않은) 공시가격 (수준 1)
-
수준 1의 공시가격 외에 자산이나 부채에 대해 직접적으로나 간접적으로 관측할 수 있는 투입변수 (수준 2)
-
자산이나 부채에 대한 관측할 수 없는 투입변수 (수준 3)
공정가치로 측정되는 금융상품의 공정가치 서열체계 구분은 다음과 같습니다.
(단위: 천원)
당 기 말
수준 1
수준 2
수준 3
합계
반복적인 공정가치 측정치
금융자산
기타포괄손익-공정가치 금융자산
-
-
-
-
금융부채
파생상품부채
-
-
639,142
639,142
(3) 가치평가기법 및 투입변수보고기간종료일 현재 공정가치 서열체계에서 수준 3으로 분류되는 금융상품의 공정가치에 대하여 다음의 가치평가기법과 투입 변수를 사용하고 있습니다.
(단위: 천원)
당 기 말
공정가치
가치평가기법
투입변수
투입변수범위
금융부채
파생상품부채
639,142
T-F 모형
기초자산가격
5,900원
주가변동성
16.35%
BDT 모형
이자율변동성
2.56%"	"8. 기타 재무에 관한 사항
가. 재무제표 재작성 등 유의사항(1) 재무제표 재작성- 정정사유 : 재무제표 재작성에 따른 감사보고서 및 사업보고서 정정회사는 관계기업(Nord Mason Asia Japan) 재무제표의 외화환산, 대여금의 유동성 분류 및 장기대여금 현재가치평가에 대한 오류를 수정하여 재작성하였습니다.(2) 합병, 분할, 자산양수도, 영업양수도에 관한 사항- 해당사항이 없습니다.(3) 자산유동화와 관련한 자산매각의 회계처리 및 우발채무 등에 관한 사항- 우발채무 등에 관한 사항은 재무제표 주석을 참조하시기 바랍니다.(4) 기타 재무제표 이용에 유의하여야 할 사항- 해당사항이 없습니다.나. 대손충당금 설정현황(1)계정과목별 대손충당금 설정내역당기말 현재 대손충당금의 내역은 다음과 같습니다. (단위 : 천원)
구 분
계정과목
채권금액
대손충당금
대손충당금 설정률
제12기(당기)
매출채권
4,277,796
2,228,021
52.08%
대여금
2,036,977
6,151
0.30%
미수금
142,855
104
-
선급금
220,792
29,824
13.50%
합 계
4,277,796
2,228,021
52.08%
제11기(전기)
매출채권
4,789,427
2,206,271
46.07%
대여금
2,059,052
3,533
0.17%
미수금
115,326
50
-
선급금
103,654
29,824
28.77%
합 계
4,789,427
2,206,271
46.07%
제10기(전전기)
매출채권
5,632,461
1,602,174
28.45%
대여금
2,040,353
3,500
0.17%
합 계
5,632,461
1,602,174
28.45%
(2) 최근 3사업연도의 대손충당금 변동현황 (단위 : 천원)
구 분
제12기(당기)
제11기(전기)
제10기(전전기)
1. 기초 대손충당금 잔액합계
2,206,271
1,602,174
286,967
2. 순대손처리액(①－②±③)
21,750
604,097
1,315,207
① 대손처리액(상각채권액)
194,906
604,272
1,311,034
② 상각채권회수액
-
-
-
③ 기타증감액
-
-
-
3. 대손상각비 계상(환입)액
-
-
-
4. 연결범위의 변동
-
(175)
4,174
5. 대체
(173,156)
-
-
6. 기말 대손충당금 잔액합계
2,228,021
2,206,271
1,602,174
(3) 매출채권관련 대손충당금 설정방침회사는 채무자의 경제적 어려움 등 개별적인 손상사건이 파악된 채권에 대해 개별분석을 통해 회수가능가액을 산정하고 산정된 회수가능가액과 장부금액의 차액을 대손충당금으로 인식하였으며, 손상되지 아니한 일부 채권에 대하여 집합 손상 가능성을 고려한 대손충당금을 설정하였습니다.손상된 매출채권에 대한 충당금 설정액은 포괄손익계산서상 '판매비와관리비'에 포함되어 있으며, 기타금융자산에 대한 대손충당금 설정액은 '기타비용'에 포함되어 있습니다. 추가적인 현금회수 가능성이 없는 경우 대손충당금은 제각하고 있습니다. 보고기간말 현재 매출채권 및 기타금융자산과 관련하여 보유하고 있는 담보는 없습니다. 신용위험의 최대 노출금액은 매출채권 및 기타금융자산의 각 분류별 장부금액 합계입니다.(4) 당해 사업연도말 현재 경과기간별 매출채권잔액 현황 (단위 : 백만원)
구 분
6월 이하
6월 초과 1년 이하
1년 초과 3년 이하
3년 초과
계
금액
일 반
2,071
2,207
-
-
4,278
특수관계자
-
-
-
-
-
합 계
2,071
2,207
-
-
4,278
구성비용(%)
48.41
52.59
-
-
100
다. 재고자산 현황 등(1) 재고자산의 사업부문별 보유현황 (단위 : 백만원)
구분
제12기(당기)
제11기(전기)
제10기(전전기)
비고
제품
2,933
2,796
2,733
-
재공품
1,175
1,302
1,736
-
합계
4,108
4,098
4,469
-
총자산대비 재고자산 구성비율(%)[재고자산합계÷기말자산총계×100
16.72%
17.31%
17.01%
-
재고자산회전율(회수)[연환산 매출원가÷{(기초재고+기말재고)÷2}]
2.27
2.35
2.11
-
(2) 재고자산의 실사내역 등(가) 실사일자매월 말 자체 재고조사가 실시되고 있으며, 독립적인 외부감사인의 입회 하에 실시하는 것은 매년 말 재고조사 1회에 한합니다.당사는 2024년 재무제표를 작성함에 있어서 2024년 12월 31일 기준으로 회사의 재고자산에 대한 재고조사를 2025년 01월 03일 오전 10시에 당사의 외부감사인인 정동회계법인 소속 공인회계사의 입회하에 실시하였습니다. 또한 당사는 물류창고 등에 대하여 매월 혹은 분기별로 자체적으로 재고실사를 수행하고 있습니다.(나) 실사방법전수조사를 기본으로 실지 재고조사를 실시하고 있으며, 일부 중요성이 높지않고 품목수가 많은 품목에 한해서는 샘플링 조사를 실시합니다.(다) 장기체화재고등의 내역 (기준일 : 2024년 12월 31일) (단위 : 백만원)
계정과목
취득원가
보유금액
당기평가손실
기말잔액
비고
제 품
2,933
2,933
-
2,933
-
재 공 품
1,175
1,175
-
1,175
-
합 계
4,108
4,108
-
4,108
-
(라) 재고자산 보유내역 및 평가내역 (기준일 : 2024년 12월 31일) (단위 : 백만원)
계정과목
취득원가
보유금액
평가손실충당금
기말잔액
비고
제 품
2,933
2,933
-
2,933
-
재 공 품
1,175
1,175
-
1,175
-
합 계
4,108
4,108
-
4,108
-
(3) 기타사항- 당사의 재고자산에 대한 담보제공 및 기타 특이사항은 없습니다라. 공정가치 평가내역(1) 금융상품 종류별 공정가치
(단위: 천원)
구 분
당기말
전기말
장부금액
공정가치
장부금액
공정가치
금융자산
현금및현금성자산
135,446
(*)
484,415
(*)
매출채권
2,049,775
(*)
2,583,156
(*)
기타채권
3,090,633
(*)
308,823
(*)
장기금융상품
-
(*)
57,375
(*)
당기손익-공정가치 금융자산
-
(*)
-
(*)
기타포괄손익-공정가치 금융자산
-
-
88,170
88,170
금융부채
매입채무
1,862,137
(*)
1,642,006
(*)
기타채무
1,471,378
(*)
1,216,451
(*)
단기차입금
1,380,524
(*)
550,000
(*)
장기차입금
8,607,580
(*)
7,587,500
(*)
전환사채(유동)
3,629,426
(*)
3,448,107
(*)
파생상품부채
639,142
639,142
404,328
404,328
(*) 장부금액이 공정가치의 합리적인 근사치이므로 공정가치 공시에서 제외하였습니다.
(2) 공정가치 서열체계회사는 공정가치를 산정하는 데 사용한 투입변수의 신뢰성에 대한 정보를 제공하기 위하여 금융상품을 기준서에서 정한 세 수준으로 분류합니다. 공정가치로 측정되는 금융상품은 공정가치 서열체계에 따라 구분되며 정의된 수준들은 다음과 같습니다.
-
측정일에 동일한 자산이나 부채에 대해 접근할 수 있는 활성시장의 (조정하지 않은) 공시가격 (수준 1)
-
수준 1의 공시가격 외에 자산이나 부채에 대해 직접적으로나 간접적으로 관측할 수 있는 투입변수 (수준 2)
-
자산이나 부채에 대한 관측할 수 없는 투입변수 (수준 3)
공정가치로 측정되는 금융상품의 공정가치 서열체계 구분은 다음과 같습니다.
(단위: 천원)
당 기 말
수준 1
수준 2
수준 3
합계
반복적인 공정가치 측정치
금융자산
기타포괄손익-공정가치 금융자산
-
-
-
-
금융부채
파생상품부채
-
-
639,142
639,142
(3) 가치평가기법 및 투입변수보고기간종료일 현재 공정가치 서열체계에서 수준 3으로 분류되는 금융상품의 공정가치에 대하여 다음의 가치평가기법과 투입 변수를 사용하고 있습니다.
(단위: 천원)
당 기 말
공정가치
가치평가기법
투입변수
투입변수범위
금융부채
파생상품부채
639,142
T-F 모형
기초자산가격
5,900원
주가변동성
16.35%
BDT 모형
이자율변동성
2.56%"	ok
20250828000839	노드메이슨	예	Ⅳ. 이사의 경영진단 및 분석의견	정정기재	20250318001317	"IV. 이사의 경영진단 및 분석의견
1. 예측정보에 대한 주의사항 당사가 동 사업보고서에서 미래에 발생할 것으로 전망한 활동, 사건 또는 현상은, 당해 공시서류 작성시점의 사건 및 재무성과에 대하여 회사의 견해를 반영한 것입니다.동 예측정보는 미래 사업환경과 관련된 다양한 가정에 기초하고 있으며, 동 가정들은결과적으로 부정확한 것으로 판명될 수도 있습니다. 또한, 이러한 가정 들에는 예측정보에서 기재한 예상치와 실제 결과 간에 중요한 차이를 초래할 수 있는 위험, 불확실성 및 기타 요인을 포함하고 있습니다. 이러한 중요한 차이를 초래할 수 있는 요인에는 회사 내부경영과 관련된 요인과 외부환경에 관한 요인이 포함되어 있으며, 이에한하지 않습니다. 당사는 동 예측정보 작성시점 이후에 발생하는 위험 또는 불확실성을 반영하기 위하여 예측정보에 기재한 사항을 수정하는 정정보고서를 공시할 의무가 없습니다.
결론적으로, 동 사업보고서상에 회사가 예상한 결과 또는 사항이 실현되거나 회사가 당초에 예상한 영향이 발생한다는 확신을 제공할 수 없습니다. 동 보고서에 기재된 예측정보는 동 보고서 작성시점을 기준으로 작성한 것이며, 회사가 이러한 위험요인이나 예측정보를 업데이트할 예정이 없음에 유의하시기 바랍니다. 2. 개요 주식회사 노드메이슨 이사회는 2024년 01월 01일부터 2024년 12월 31일까지 제 12기 사업연도의 회계 및 업무에 대한 경영진단을 실시하여 다음과 같이 진단한 의견을 제출합니다. 회사의 경영에 대한 전반적인 사항을 파악하기 위하여 장부와 관계서류를 열람하고재무제표 및 동 부속명세서에 대해서도 면밀히 검토하였습니다. 경영진단을 위하여 필요하다고 인정되는 서류에 대한 보고를 받았으며 중요한 업무에 관한 서류를 열람하고 그 내용을 면밀히 검토하는 등 적정한 방법을 사용하여 회사경영에 대한 내용을 파악하였습니다. 3. 재무상태 및 영업실적 가. 재무상태 당사의 지난 2사업연도의 재무상태에 관한 자료는 다음과 같습니다.
(단위 : 원)
구 분
2024년도
(제12기)
2023년도
(제11기)
증감액
증감률
[유동자산]
7,005,862,392
7,811,453,777
-805,591,385
-10.31%
[비유동자산]
17,396,665,296
15,243,794,581
2,152,870,715
14.12%
자산 총계
24,402,527,688
23,055,248,358
1,347,279,330
5.84%
[유동부채]
10,713,381,017
8,471,822,873
2,241,558,144
26.46%
[비유동부채]
8,173,534,111
7,376,379,233
797,154,878
10.81%
부채 총계
18,886,915,128
15,848,202,106
3,038,713,022
19.17%
[지배기업 소유주지분]
6,999,240,828
8,421,159,274
-1,421,918,446
-16.89%
자본금
2,239,107,500
2,214,857,500
24,250,000
1.09%
자본잉여금
15,658,925,517
15,489,133,017
169,792,500
1.10%
기타자본항목
-699,060,850
-151,295,864
-547,764,986
-362.05%
기타포괄손익누계액
-464,958,250
-284,023,823
-180,934,427
-63.70%
결손금
- 9,734,773,089
-8,847,511,556
-887,261,533
-10.03%
[비지배 지분]
- 1,483,628,268
-1,214,113,022
-269,515,246
-22.20%
자본 총계
5,515,612,560
7,207,046,252
-1,691,433,692
-23.47%
(*)자기자본비율
28.68%
36.53%
-
-
(*)부채비율
342.43%
219.90%
-
-
나. 영업실적 당사의 지난 2사업연도의 영업실적에 관한 자료는 다음과 같습니다.
(단위 : 원)
구 분
2024년도
(제12기)
2023년도
(제11기)
증감액
증감률
매출액
21,650,735,678
19,488,557,236
2,162,178,442
11.09%
매출원가
9,258,842,573
10,062,277,228
-803,434,655
-7.98%
매출총이익
12,391,893,105
9,426,280,008
2,965,613,097
31.46%
판매비와관리비
12,362,977,678
13,014,618,310
-651,640,632
-5.01%
영업이익
28,915,427
-3,588,338,302
3,617,253,729
100.81%
금융수익
31,876,974
175,058,779
-143,181,805
-81.79%
금융원가
1,341,858,391
767,278,309
574,580,082
74.89%
기타수익
153,934,380
137,335,203
16,599,177
12.09%
기타비용
138,031,483
65,324,458
72,707,025
111.30%
법인세비용차감전손익
-1,342,062,113
-4,621,848,891
3,279,786,778
70.96%
당기순이익
-1,141,808,964
-4,915,965,593
3,774,156,629
76.77%
총포괄이익
-1,337,711,206
-4,711,639,107
3,373,927,901
-71.61%
4. 유동성 및 자금조달과 지출에 관한 사항
가. 유동성 현황
(단위 : 원)
구 분
2024년도
(제12기)
2023년도
(제11기)
증감률
영업활동으로 인한 현금흐름
731,182,015
-1,154,622,977
163.33%
투자활동으로 인한 현금흐름
-2,107,784,200
67,953,291
-3,201.81%
재무활동으로 인한 현금흐름
1,027,632,560
1,503,684,646
-31.66%
현금의 증가(감소)
-348,969,625
417,014,960
-183.68%
기초의 현금
484,415,301
67,400,341
618.71%
현금및현금성자산에 대한 환율변동효과
0
0
0
기말의 현금
135,445,676
484,415,301
-72.04%
나. 자금의 조달과 지출에 관한 사항 (1) 단기차입금
(단위 : 천원)
구 분
차입처
연이자율
당기말
전기말
일반대출
기업은행
6.37%
157,072
-
일반대출
농협은행
5.14%
823,452
100,000
일반대출
농협은행
9.20%
400,000
500,000
일반대출
국민은행
-
-
359,732
합 계
-
-
1,380,524
1,159,732
주) 단기차입금 관련하여 대표이사로 부터 연대보증을 제공받고 있습니다.
(2) 장기차입금
(단위: 천원)
구 분
차입처
연이자율
당기말
전기말
일반대출
국민은행
9.53%
400,000
500,000
일반대출
기업은행
4.35%
540,000
-
일반대출
기업은행
3.35%
1,000,000
-
일반대출
농협은행
4.79%
6,190,290
7,087,500
일반대출
에이원자산대부
20.00%
477,290
-
주) 본사 토지와 건물은 차입금에 담보로 제공되어 있습니다.
(3) 우발채무와 주요 약정사항 1) 견질어음과 수표 당사가 당기말 현재 견질로 제공한 어음 등은 없습니다. 2) 주요 약정사항 'Ⅲ. 재무에 관한 사항'의 '5. 재무제표 주석'에 있는 '주석 30. 우발상황 및 약정사항'을 참고하시기 바랍니다. 5. 회계정보 투명성 당사는 회계정보 투명성 확보를 위해 주식회사 외부감사에 관한법률 제2거의 의거 2024년 정동회계법인으로부터 외부감사를 수검받았으며, 외부감사인의 감사의견은 적정으로 당사의 회계정보의 투명성에 관한 이슈는 존재하지 않는 것으로 판단됩니다. 또한 외부감사인은 당사의 주식 등에 투자한 사실 등 감사인의 독립성을 저해할 수 있는 기타의 거래사실이 없어 외부감사인의 감사의견은 신뢰할 수 있다고 판단됩니다. 6. 외부외거래에 관한 사항 당사는 동 사업보고서 제출일 현재 해당사항 없습니다. 7. 그밖에 투자의사결정에 필요한 사항 가. 중요한 회계정책 및 추정에 관한사항 - III. 재무에 관한 사항을 참조하시기 바랍니다. 나. 법규상 규제에 관한 사항 - 당사는 동 사업보고서 제출일 현재 해당사항 없습니다. 다. 파생상품 및 위험관리정책 - 당사는 동 사업보고서 제출일 현재 해당사항 없습니다."	"IV. 이사의 경영진단 및 분석의견
1. 예측정보에 대한 주의사항 당사가 동 사업보고서에서 미래에 발생할 것으로 전망한 활동, 사건 또는 현상은, 당해 공시서류 작성시점의 사건 및 재무성과에 대하여 회사의 견해를 반영한 것입니다.동 예측정보는 미래 사업환경과 관련된 다양한 가정에 기초하고 있으며, 동 가정들은결과적으로 부정확한 것으로 판명될 수도 있습니다. 또한, 이러한 가정 들에는 예측정보에서 기재한 예상치와 실제 결과 간에 중요한 차이를 초래할 수 있는 위험, 불확실성 및 기타 요인을 포함하고 있습니다. 이러한 중요한 차이를 초래할 수 있는 요인에는 회사 내부경영과 관련된 요인과 외부환경에 관한 요인이 포함되어 있으며, 이에한하지 않습니다. 당사는 동 예측정보 작성시점 이후에 발생하는 위험 또는 불확실성을 반영하기 위하여 예측정보에 기재한 사항을 수정하는 정정보고서를 공시할 의무가 없습니다.
결론적으로, 동 사업보고서상에 회사가 예상한 결과 또는 사항이 실현되거나 회사가 당초에 예상한 영향이 발생한다는 확신을 제공할 수 없습니다. 동 보고서에 기재된 예측정보는 동 보고서 작성시점을 기준으로 작성한 것이며, 회사가 이러한 위험요인이나 예측정보를 업데이트할 예정이 없음에 유의하시기 바랍니다. 2. 개요 주식회사 노드메이슨 이사회는 2024년 01월 01일부터 2024년 12월 31일까지 제 12기 사업연도의 회계 및 업무에 대한 경영진단을 실시하여 다음과 같이 진단한 의견을 제출합니다. 회사의 경영에 대한 전반적인 사항을 파악하기 위하여 장부와 관계서류를 열람하고재무제표 및 동 부속명세서에 대해서도 면밀히 검토하였습니다. 경영진단을 위하여 필요하다고 인정되는 서류에 대한 보고를 받았으며 중요한 업무에 관한 서류를 열람하고 그 내용을 면밀히 검토하는 등 적정한 방법을 사용하여 회사경영에 대한 내용을 파악하였습니다. 3. 재무상태 및 영업실적 가. 재무상태 당사의 지난 2사업연도의 재무상태에 관한 자료는 다음과 같습니다.
(단위 : 원)
구 분
2024년도
(제12기)
2023년도
(제11기)
증감액
증감률
[유동자산]
7,542,630,500
7,811,453,777
-268,823,277
-3.44%
[비유동자산]
16,859,897,188
15,243,794,581
1,616,102,607
10.60%
자산 총계
24,402,527,688
23,055,248,358
1,347,279,330
5.84%
[유동부채]
10,713,381,017
8,471,822,873
2,241,558,144
26.46%
[비유동부채]
8,173,534,111
7,376,379,233
797,154,878
10.81%
부채 총계
18,886,915,128
15,848,202,106
3,038,713,022
19.17%
[지배기업 소유주지분]
6,999,240,828
8,421,159,274
-1,421,918,446
-16.89%
자본금
2,239,107,500
2,214,857,500
24,250,000
1.09%
자본잉여금
15,658,925,517
15,489,133,017
169,792,500
1.10%
기타자본항목
-699,060,850
-151,295,864
-547,764,986
-362.05%
기타포괄손익누계액
-297111610
-284,023,823
-13087787
-4.61%
결손금
-9,902,619,729
-8,847,511,556
-1,055,108,173
-11.93%
[비지배 지분]
- 1,483,628,268
-1,214,113,022
-269,515,246
-22.20%
자본 총계
5,515,612,560
7,207,046,252
-1,691,433,692
-23.47%
(*)자기자본비율
22.60%
31.26%
-
-
(*)부채비율
342.43%
219.90%
-
-
나. 영업실적 당사의 지난 2사업연도의 영업실적에 관한 자료는 다음과 같습니다.
(단위 : 원)
구 분
2024년도
(제12기)
2023년도
(제11기)
증감액
증감률
매출액
21,482,889,038
19,488,557,236
1,994,331,802
10.23%
매출원가
9,258,842,573
10,062,277,228
-803,434,655
-7.98%
매출총이익
12,224,046,465
9,426,280,008
2,797,766,457
29.68%
판매비와관리비
12,414,190,260
13,014,618,310
-600,428,050
-4.61%
영업이익
-190,143,795
-3,588,338,302
3,398,194,507
94.70%
금융수익
83,089,556
175,058,779
-91,969,223
-52.54%
금융원가
1,341,858,391
767,278,309
574,580,082
74.89%
기타수익
153,934,380
137,335,203
16,599,177
12.09%
기타비용
138,031,483
65,324,458
72,707,025
111.30%
법인세비용차감전손익
-1,509,908,753
-4,621,848,891
3,111,940,138
67.33%
당기순이익
-1,309,655,604
-4,915,965,593
3,606,309,989
73.36%
총포괄이익
-1,337,711,206
-4,711,639,107
3,373,927,901
-71.61%
4. 유동성 및 자금조달과 지출에 관한 사항
가. 유동성 현황
(단위 : 원)
구 분
2024년도
(제12기)
2023년도
(제11기)
증감률
영업활동으로 인한 현금흐름
731,182,015
-1,154,622,977
163.33%
투자활동으로 인한 현금흐름
-2,107,784,200
67,953,291
-3,201.81%
재무활동으로 인한 현금흐름
1,027,632,560
1,503,684,646
-31.66%
현금의 증가(감소)
-348,969,625
417,014,960
-183.68%
기초의 현금
484,415,301
67,400,341
618.71%
현금및현금성자산에 대한 환율변동효과
0
0
0
기말의 현금
135,445,676
484,415,301
-72.04%
나. 자금의 조달과 지출에 관한 사항 (1) 단기차입금
(단위 : 천원)
구 분
차입처
연이자율
당기말
전기말
일반대출
기업은행
6.37%
157,072
-
일반대출
농협은행
5.14%
823,452
100,000
일반대출
농협은행
9.20%
400,000
500,000
일반대출
국민은행
-
-
359,732
합 계
-
-
1,380,524
1,159,732
주) 단기차입금 관련하여 대표이사로 부터 연대보증을 제공받고 있습니다.
(2) 장기차입금
(단위: 천원)
구 분
차입처
연이자율
당기말
전기말
일반대출
국민은행
9.53%
400,000
500,000
일반대출
기업은행
4.35%
540,000
-
일반대출
기업은행
3.35%
1,000,000
-
일반대출
농협은행
4.79%
6,190,290
7,087,500
일반대출
에이원자산대부
20.00%
477,290
-
주) 본사 토지와 건물은 차입금에 담보로 제공되어 있습니다.
(3) 우발채무와 주요 약정사항 1) 견질어음과 수표 당사가 당기말 현재 견질로 제공한 어음 등은 없습니다. 2) 주요 약정사항 'Ⅲ. 재무에 관한 사항'의 '5. 재무제표 주석'에 있는 '주석 30. 우발상황 및 약정사항'을 참고하시기 바랍니다. 5. 회계정보 투명성 당사는 회계정보 투명성 확보를 위해 주식회사 외부감사에 관한법률 제2거의 의거 2024년 정동회계법인으로부터 외부감사를 수검받았으며, 외부감사인의 감사의견은 적정으로 당사의 회계정보의 투명성에 관한 이슈는 존재하지 않는 것으로 판단됩니다. 또한 외부감사인은 당사의 주식 등에 투자한 사실 등 감사인의 독립성을 저해할 수 있는 기타의 거래사실이 없어 외부감사인의 감사의견은 신뢰할 수 있다고 판단됩니다. 6. 외부외거래에 관한 사항 당사는 동 사업보고서 제출일 현재 해당사항 없습니다. 7. 그밖에 투자의사결정에 필요한 사항 가. 중요한 회계정책 및 추정에 관한사항 - III. 재무에 관한 사항을 참조하시기 바랍니다. 나. 법규상 규제에 관한 사항 - 당사는 동 사업보고서 제출일 현재 해당사항 없습니다. 다. 파생상품 및 위험관리정책 - 당사는 동 사업보고서 제출일 현재 해당사항 없습니다."	ok
20250820000170	파인디지털	예	I. 회사의 개요4. 주식의 총수 등 자기주식 보유목적·취득계획·처분계획·소각계획	2024년 사업보고서점검 결과에 따른 정정	20250313000668	"4. 주식의 총수 등
주식의 총수 현황
(기준일 :
2024년 12월 31일
)
(단위 : 주, %)
구 분
주식의 종류
비고
보통주
-
합계
Ⅰ. 발행할 주식의 총수
100,000,000
-
100,000,000
-
Ⅱ. 현재까지 발행한 주식의 총수
10,210,765
-
10,210,765
-
Ⅲ. 현재까지 감소한 주식의 총수
-
-
-
-
1. 감자
-
-
-
-
2. 이익소각
-
-
-
-
3. 상환주식의 상환
-
-
-
-
4. 기타
-
-
-
-
Ⅳ. 발행주식의 총수 (Ⅱ-Ⅲ)
10,210,765
-
10,210,765
-
Ⅴ. 자기주식수
2,009,812
-
2,009,812
-
Ⅵ. 유통주식수 (Ⅳ-Ⅴ)
8,200,953
-
8,200,953
-
Ⅶ. 자기주식 보유비율
19.68
-
19.68
-
자기주식 취득 및 처분 현황
(기준일 :
2024년 12월 31일
)
(단위 : 주)
취득방법
주식의 종류
기초수량
변동 수량
기말수량
비고
취득(+)
처분(-)
소각(-)
배당가능이익범위이내취득
직접취득
장내 직접 취득
보통주
1,542,084
-
-
-
1,542,084
-
우선주
-
-
-
-
-
-
장외직접 취득
보통주
-
-
-
-
-
-
우선주
-
-
-
-
-
-
공개매수
보통주
-
-
-
-
-
-
우선주
-
-
-
-
-
-
소계(a)
보통주
1,542,084
-
-
-
1,542,084
-
우선주
-
-
-
-
-
-
신탁계약에 의한취득
수탁자 보유물량
보통주
-
-
-
-
-
-
우선주
-
-
-
-
-
-
현물보유물량
보통주
467,728
-
-
-
467,728
-
우선주
-
-
-
-
-
-
소계(b)
보통주
467,728
-
-
-
467,728
-
우선주
-
-
-
-
-
-
기타 취득(c)
보통주
-
-
-
-
-
-
우선주
-
-
-
-
-
-
총 계(a+b+c)
보통주
2,009,812
-
-
-
2,009,812
-
우선주
-
-
-
-
-
-
자기주식 직접 취득ㆍ처분 이행현황
(기준일 :
2024년 12월 31일
)
(단위 : 주, %)
구 분
취득(처분)예상기간
예정수량(A)
이행수량(B)
이행률(B/A)
결과보고일
시작일
종료일
직접 취득
2020.03.26
2020.06.25
800,000
586,457
73
2020.06.29
1. 자기주식 보유현황 : 다음의 표에 따라 기재한다.
자기주식 보유현황
(단위 : 주)
취득방법
취득(계약체결)결정 공시일자
주식종류
취득기간
취득목적
최초보유예상기간
최초취득수량
변동 수량
기말수량
비고
처분(-)
소각(-)
배당가능이익범위이내취득
직접취득
2016년 02월 24일
보통주
2016.02.25~2016.05.24
주식가격의 안정 및 주주가치 제고
-
355,627
-
-
355,627
-
2018년 11월 02일
보통주
2018.11.05~2019.01.07
주식가격의 안정 및 주주가치 제고
-
600,000
-
-
600,000
-
2020년 03월 25일
보통주
2020.03.26~2020.06.25
주식가격의 안정 및 주주가치 제고
-
586,457
-
-
586,457
-
신탁계약에의한 취득
2006년 10월 10일
보통주
2006.10.11~2006.10.31
자기주식의 주가안정
-
150,211
-
-
150,211
-
2007년 07월 25일
보통주
2007.07.26~2007.11.30
자기주식 가격안정을 통한 주주보호
-
317,517
-
-
317,517
-
기타 취득
-
-
-
-
-
-
-
-
-
-
-
-
-
-
-
-
-
-
-
-
총계
2,009,812
-
-
2,009,812
-
2. 자기주식 보유 목적
*당사의 자기주식 취득은 주가안정 및 주주가치 제고를 목적으로 이루어졌습니다.
3. 자기주식 취득계획
*
사업보고서 제출일 현재 자기주식 취득계획은 없습니다.
4. 자기주식 처분계획
*사업보고서 제출일 현재 자기주식 처분계획은 없습니다.
5. 자기주식 소각계획
*사업보고서 제출일 현재 자기주식 소각계획은 없습니다.
6. 기타 투자자 보호를 위해 필요한 사항*당사는 지속적인 성장을 위한 투자와 경영실적 등을 전반적으로 고려하여 주주가치 제고활동을 지속할 계획입니다."	"4. 주식의 총수 등
주식의 총수 현황
(기준일 :
2024년 12월 31일
)
(단위 : 주, %)
구 분
주식의 종류
비고
보통주
-
합계
Ⅰ. 발행할 주식의 총수
100,000,000
-
100,000,000
-
Ⅱ. 현재까지 발행한 주식의 총수
10,210,765
-
10,210,765
-
Ⅲ. 현재까지 감소한 주식의 총수
-
-
-
-
1. 감자
-
-
-
-
2. 이익소각
-
-
-
-
3. 상환주식의 상환
-
-
-
-
4. 기타
-
-
-
-
Ⅳ. 발행주식의 총수 (Ⅱ-Ⅲ)
10,210,765
-
10,210,765
-
Ⅴ. 자기주식수
2,009,812
-
2,009,812
-
Ⅵ. 유통주식수 (Ⅳ-Ⅴ)
8,200,953
-
8,200,953
-
Ⅶ. 자기주식 보유비율
19.68
-
19.68
-
자기주식 취득 및 처분 현황
(기준일 :
2024년 12월 31일
)
(단위 : 주)
취득방법
주식의 종류
기초수량
변동 수량
기말수량
비고
취득(+)
처분(-)
소각(-)
배당가능이익범위이내취득
직접취득
장내 직접 취득
보통주
1,542,084
-
-
-
1,542,084
-
우선주
-
-
-
-
-
-
장외직접 취득
보통주
-
-
-
-
-
-
우선주
-
-
-
-
-
-
공개매수
보통주
-
-
-
-
-
-
우선주
-
-
-
-
-
-
소계(a)
보통주
1,542,084
-
-
-
1,542,084
-
우선주
-
-
-
-
-
-
신탁계약에 의한취득
수탁자 보유물량
보통주
-
-
-
-
-
-
우선주
-
-
-
-
-
-
현물보유물량
보통주
467,728
-
-
-
467,728
-
우선주
-
-
-
-
-
-
소계(b)
보통주
467,728
-
-
-
467,728
-
우선주
-
-
-
-
-
-
기타 취득(c)
보통주
-
-
-
-
-
-
우선주
-
-
-
-
-
-
총 계(a+b+c)
보통주
2,009,812
-
-
-
2,009,812
-
우선주
-
-
-
-
-
-
자기주식 직접 취득ㆍ처분 이행현황
(기준일 :
2024년 12월 31일
)
(단위 : 주, %)
구 분
취득(처분)예상기간
예정수량(A)
이행수량(B)
이행률(B/A)
결과보고일
시작일
종료일
직접 취득
2020.03.26
2020.06.25
800,000
586,457
73
2020.06.29
1. 자기주식 보유현황 : 다음의 표에 따라 기재한다.
자기주식 보유현황
(단위 : 주)
취득방법
취득(계약체결)결정 공시일자
주식종류
취득기간
취득목적
최초보유예상기간
최초취득수량
변동 수량
기말수량
비고
처분(-)
소각(-)
배당가능이익범위이내취득
직접취득
2016년 02월 24일
보통주
2016.02.25~2016.05.24
주식가격의 안정 및 주주가치 제고
-
355,627
-
-
355,627
-
2018년 11월 02일
보통주
2018.11.05~2019.01.07
주식가격의 안정 및 주주가치 제고
-
600,000
-
-
600,000
-
2020년 03월 25일
보통주
2020.03.26~2020.06.25
주식가격의 안정 및 주주가치 제고
-
586,457
-
-
586,457
-
신탁계약에의한 취득
2006년 10월 10일
보통주
2006.10.11~2006.10.31
자기주식의 주가안정
-
150,211
-
-
150,211
-
2007년 07월 25일
보통주
2007.07.26~2007.11.30
자기주식 가격안정을 통한 주주보호
-
317,517
-
-
317,517
-
기타 취득
-
-
-
-
-
-
-
-
-
-
-
-
-
-
-
-
-
-
-
-
총계
2,009,812
-
-
2,009,812
-
2. 자기주식 보유 목적
*다양한 방식의 주주환원 정책 중 자기주식의 취득을 통한 주가안정 및 주주가치 제고를 목적으로 이루어졌습니다.
3. 자기주식 취득계획
*현재로서는 취득과 관련된 구체적인 논의는 진행되고 있지 않습니다. 전달하여야 할 사항이 있을 시 공시를 통해 신속히 전달하겠습니다.
4. 자기주식 처분계획
*전략적 투자 및 사업 확장을 지원하는 재원으로 활용하거나 시장에서의 유동성을 확보하기 위한 방안으로 검토될 수 있습니다. 다만, 현재로서는 처분 계획에 대한 구체적인 논의나 실행 방안은 검토 중이지 않습니다.
5. 자기주식 소각계획
*자기주식 소각 여부는 회사의 장기적인 자본 운용 계획과 재무 구조, 그리고 시장 상황 등을 종합적으로 고려하여 결정해야 하므로 신중한 접근이 필요하다고 판단 하고 있습니다. 다만, 현재로서는 소각과 관련된 실행 계획이나 일정은 검토 중이 지 않습니다.
6. 기타 투자자 보호를 위해 필요한 사항*당사는 지속적인 성장을 위한 투자와 경영실적 등을 전반적으로 고려하여 주주가치 제고활동을 지속할 계획입니다."	ok
20250814004488	에이디테크놀로지	여	XI. 그 밖에 투자자 보호를 위하여 필요한 사항1. 공시내용 진행 및 변경사항	미기재	20250321001916	"1. 공시내용 진행 및 변경사항
: 당사는 보고서 제출일 현재 해당사항이 없습니다."	"1. 공시내용 진행 및 변경사항
가. 공시내용 진행 및 변경사항
신고일자
제 목
신고내용
신고사항의 진행사항
2023.09.182024.10.02
단일판매 ·공급계약체결
당사는 계약 상대방과 221억원 규모의 주문형 반도체 ASIC 설계 개발 계약을 체결하였습니다.
2024년 10월 2일, 221억원 규모로 계약 상대방과 변경 계약을 체결하였으며, 보고서 제출기준일 현재 본 계약을 이행중에 있습니다.
2023.07.032024.07.31
단일판매 ·공급계약체결
당사는 계약 상대방과 224억원 규모의 주문형 반도체 ASIC 설계 개발 계약을 체결하였습니다.
2024년 7월 31일, 공시유보기한 경과에 따라 계약 상대방을 공개하였습니다.계약종료일은 2024년 7월 31일이며, 보고서 제출기준일 현재 본 계약을 완료하였습니다.
2024.10.10
단일판매 ·공급계약체결
당사는 계약 상대방과 121억원 규모의 메모리 SSD 컨트롤러 설계 용역 계약을 체결하였습니다.
계약종료일은 2025년 1월 31일이며, 보고서 제출기준일 현재 본 계약을 완료하였습니다.
2024.07.24
자기주식취득 신탁계약 체결
당사는 계약 상대방과 20억원규모의 자기주식 신탁계약을 체결하였습니다.
계약종료일은 2025년 1월 27일이며, 보고서 제출기준일 현재 본 계약을 완료하였습니다.
2023.01.252023.03.17
유형자산취득결정
당사는 거래상대방과 182억원 규모의 유형자산취득계약을 체결하였습니다.
2023년 3월 17일, 입주일이 확정 되지 않아 지급일 미정. 입주일 확정 시 즉시 지급 예정이며 추후 재공시하도록 하겠습니다.
나. 단일판매·공급계약체결 공시 관련
1) 진행상황(기준일 : 2024년 12월 31일) (단위 : 백만원)
신고일자
거래처
계약명(품목)
계약일
종료일
계약금액총액
판매·공급금액
대금수령금액
당기
누적
당기
누적
2024.10.02
보스반도체
차량용 반도체 ASIC 설계
2023.09.15
2026.01.31
22,081
10,771
15.841
5,412
13,803
2024.10.10
삼성전자(주)
메모리 SSD 컨트롤러 설계
2024.02.01
2025.01.31
12,107
11,006
11,006
9,000
9,000
2024.07.31
주식회사 소테리아
서버향 주문형 반도체 설계
2023.03.17
2024.07.31
22,423
17,825
18,555
21,692
25,338
주1) 상기 계약금액, 판매ㆍ공급금액, 대금수령금액은 부가가치세를 제외한 금액입니다.주2) 상기 '단일판매ㆍ공급계약체결 공시현황'의 계약건의 계약금액은 달러와 원화가 같이 반영되므로, '판매ㆍ공급금액, 대금수령금액'이 환율 변동에 따른 차이가 발생할 수 있습니다.주3) 상기 '단일판매ㆍ공급계약체결 공시현황'에 대한 자세한 내용은 해당 공시를 참고하여 주시기 바랍니다.2) 대금 미수령 사유당사는 '단일판매ㆍ공급계약체결 공시현황'중에서 2025년 6월 30일 기준으로 미수금은 없으며, 계약 조건이 충족되면 세금계산서를 발행하고, 일반적으로 세금계산서 발행 후 한달 이내에 미수금이 회수됩니다.
3) 향후 추진계획
당사의 '단일판매ㆍ공급계약체결 공시현황' 공시된 계약뿐만 아니라, 그외 계약에서도 계약서에 기재된 비용 이외 비용이 발생할 경우 거래처에 이를 청구하고 있습니다. 또한, 추가 비용 청구로 인해 계약금액 총액이 변경될 경우, 해당 사항을 반영하여 정정공시를 진행하고 있습니다."	ok
20250814004464	세토피아	여	VI. 이사회 등 회사의 기관에 관한 사항 3. 주주총회 등 나. 소수주주권의 행사 여부	미흡기재 사항보완기재	20250402003699	"나. 소수주주권의 행사 여부
행사자
안건
목적사항
거부사유
진행경과
버드나무조합외 11인
임시주주총회 소집
제1호 의안 : 이사 해임의 건
제1-1호 의안 : 사내이사 서상철 해임의 건(주주제안)
제1-2호 의안 : 사내이사 김현옥 해임의 건(주주제안)
제1-3호 의안 : 사내이사 이준의 해임의 건(주주제안)
제1-4호 의안 : 사외이사 윤성근 해임의 건(주주제안)
제2호 의안 : 이사 선임의 건
제2-1호 의안 : 사내이사 김성권 선임의 건(이사회)
제2-2호 의안 : 사외이사 조성철 선임의 건(이사회)
제2-3호 의안 : 사외이사 정재훈 선임의 건(이사회)
제2-4호 의안 : 기타비상무이사 김영아 선임의 건(이사회)
제2-5호 의안 : 사내이사 예병군 선임의 건(주주제안)
제2-6호 의안 : 사내이사 남경엽 선임의 건(주주제안)
제2-7호 의안 : 사내이사 송현수 선임의 건(주주제안)
제2-8호 의안 : 사내이사 박태진 선임의 건(주주제안)
제2-9호 의안 : 사내이사 유성진 선임의 건(주주제안)
제2-10호 의안 : 사내이사 곽광훈 선임의 건(주주제안)
제2-11호 의안 : 사외이사 이해은 선임의 건(주주제안)
제2-12호 의안 : 사외이사 문형석 선임의 건(주주제안)
제3호 의안 : 감사 이상무 해임의 건(주주제안)제4호 의안 : 감사 선임의 건
제4-1호 의안 : 감사 유승식 선임의 건(이사회)
제4-2호 의안 : 감사 원영재 선임의 건(주주제안)
-
2024.07.03 소수주주 제안접수2024.07.17 임시주주총회 소집 결의
2024.08.16 직무집행정지가처분 신청(사건번호 : 2024카합21199)2024.08.27 주주명부 열람등사 가처분 신청(사건번호 : 2024카합21200)2024.08.29 검사인 선임 신청(사건번호 : 2024비합30280)2024.08.30 주주명부 열람등사 가처분 결정(사건번호 : 2024카합21200 / 판결일 2024.08.30 / 결과 : 일부인용, 일부기각)2024.09.03 검사인 선임 결정(사건번호 : 2024비합30280 / 판결일 : 2024.09.03 / 결과 : 인용)2024.09.03 검사인 선임 신청 소취하(사건번호 : 2024비합30280)2024.09.03 직무집행정지가처분 신청 소취하(사건번호 : 2024카합21199)2024.09.04 임시주주총회 개최 및 결과제2-1호, 제2-2호, 제2-3호, 제2-4호, 제4-1호 : 원안대로 가결제1-1호, 제1-2호, 제1-3호, 제1-4호, 제2-5호, 제2-6호, 제2-7호, 제2-8호, 제2-9호, 제2-10호, 제2-11호, 제2-12호, 제3호, 제4-2호 의안 : 부결"	"나. 소수주주권의 행사 여부
행사자
안건
목적사항포함여부
거부사유
진행경과
버드나무조합외 11인
제1호 의안 : 이사 해임의 건
제1-1호 의안 : 사내이사 서상철 해임의 건(주주제안)
제1-2호 의안 : 사내이사 김현옥 해임의 건(주주제안)
제1-3호 의안 : 사내이사 이준의 해임의 건(주주제안)
제1-4호 의안 : 사외이사 윤성근 해임의 건(주주제안)
제2호 의안 : 이사 선임의 건
제2-1호 의안 : 사내이사 김성권 선임의 건(이사회)
제2-2호 의안 : 사외이사 조성철 선임의 건(이사회)
제2-3호 의안 : 사외이사 정재훈 선임의 건(이사회)
제2-4호 의안 : 기타비상무이사 김영아 선임의 건(이사회)
제2-5호 의안 : 사내이사 예병군 선임의 건(주주제안)
제2-6호 의안 : 사내이사 남경엽 선임의 건(주주제안)
제2-7호 의안 : 사내이사 송현수 선임의 건(주주제안)
제2-8호 의안 : 사내이사 박태진 선임의 건(주주제안)
제2-9호 의안 : 사내이사 유성진 선임의 건(주주제안)
제2-10호 의안 : 사내이사 곽광훈 선임의 건(주주제안)
제2-11호 의안 : 사외이사 이해은 선임의 건(주주제안)
제2-12호 의안 : 사외이사 문형석 선임의 건(주주제안)
제3호 의안 : 감사 이상무 해임의 건(주주제안)제4호 의안 : 감사 선임의 건
제4-1호 의안 : 감사 유승식 선임의 건(이사회)
제4-2호 의안 : 감사 원영재 선임의 건(주주제안)
포함
-
2024.07.03 소수주주 제안접수2024.07.17 임시주주총회 소집 결의2024.08.16 직무집행정지가처분 신청(사건번호 : 2024카합21199)2024.08.27 주주명부 열람등사 가처분 신청(사건번호 : 2024카합21200)2024.08.29 검사인 선임 신청(사건번호 : 2024비합30280)2024.08.30 주주명부 열람등사 가처분 결정(사건번호 : 2024카합21200 / 판결일 2024.08.30 / 결과 : 일부인용, 일부기각)2024.09.03 검사인 선임 결정(사건번호 : 2024비합30280 / 판결일 : 2024.09.03 / 결과 : 인용)2024.09.03 검사인 선임 신청 소취하(사건번호 : 2024비합30280)2024.09.03 직무집행정지가처분 신청 소취하(사건번호 : 2024카합21199)2024.09.04 임시주주총회 개최 및 결과제2-1호, 제2-2호, 제2-3호, 제2-4호, 제4-1호 : 원안대로 가결제1-1호, 제1-2호, 제1-3호, 제1-4호, 제2-5호, 제2-6호, 제2-7호, 제2-8호, 제2-9호, 제2-10호, 제2-11호, 제2-12호, 제3호, 제4-2호 의안 : 부결"	ok_sub
20250814004464	세토피아	여	VI. 3. 주주총회 등 바. 주주총회의사록 요약	미흡기재 사항보완기재	20250402003699	"바. 주주총회의사록 요약
주총일자
안건
결의내용
비고
정기주주총회(2024.03.28)
제1호 의안 : 제9기 재무제표 승인의 건제2호 의안 : 이사 선임의 건 제2-1호 의안 : 사외이사 문석진 선임의 건제3호 의안 : 감사 선임의 건 제3-1호 의안 : 감사 이상무 선임의 건제4호 의안 : 이사 보수한도 승인의 건제5호 의안 : 감사 보수한도 승인의 건
원안대로 승인
-
임시주주총회(2024.09.04)
제1호 의안 : 이사 해임의 건
제1-1호 의안 : 사내이사 서상철 해임의 건(주주제안)
제1-2호 의안 : 사내이사 김현옥 해임의 건(주주제안)
제1-3호 의안 : 사내이사 이준의 해임의 건(주주제안)
제1-4호 의안 : 사외이사 윤성근 해임의 건(주주제안)
제2호 의안 : 이사 선임의 건
제2-1호 의안 : 사내이사 김성권 선임의 건(이사회)
제2-2호 의안 : 사외이사 조성철 선임의 건(이사회)
제2-3호 의안 : 사외이사 정재훈 선임의 건(이사회)
제2-4호 의안 : 기타비상무이사 김영아 선임의 건(이사회) 제2-5호 의안 : 사내이사 예병군 선임의 건(주주제안)
제2-6호 의안 : 사내이사 남경엽 선임의 건(주주제안)
제2-7호 의안 : 사내이사 송현수 선임의 건(주주제안)
제2-8호 의안 : 사내이사 박태진 선임의 건(주주제안)
제2-9호 의안 : 사내이사 유성진 선임의 건(주주제안)
제2-10호 의안 : 사내이사 곽광훈 선임의 건(주주제안) 제2-11호 의안 : 사외이사 이해은 선임의 건(주주제안) 제2-12호 의안 : 사외이사 문형석 선임의 건(주주제안)제3호 의안 : 감사 이상무 해임의 건(주주제안)
제4호 의안 : 감사 선임의 건
제4-1호 의안 : 감사 유승식 선임의 건(이사회)
제4-2호 의안 : 감사 원영재 선임의 건(주주제안)
제1호 의안 제1-1호 의안 : 부결 제1-2호 의안 : 부결 제1-3호 의안 : 부결 제1-4호 의안 : 부결제2호 의안 제2-1호 의안 : 가결 제2-2호 의안 : 가결 제2-3호 의안 : 가결 제2-4호 의안 : 가결 제2-5호 의안 : 부결 제2-6호 의안 : 부결 제2-7호 의안 : 부결 제2-8호 의안 : 부결 제2-9호 의안 : 부결 제2-10호 의안 : 부결 제2-11호 의안 : 부결 제2-12호 의안 : 부결제3호 의안 : 부결제4호 의안 제4-1호 의안 : 가결 제4-2호 의안 : 부결
-
임시주주총회(2024.11.29)
제1호 의안 : 정관 일부 변경의 건
원안대로 승인
-"	"바. 주주총회의사록 요약
주총일자
안건
결의내용
주요논의내용
임시주주총회(2024.11.29)
제1호 의안 : 정관 일부 변경의 건
원안대로 승인
- 전환사채 발행에 관한 조항 내용 변경
임시주주총회(2024.09.04)
제1호 의안 : 이사 해임의 건 제1-1호 의안 : 사내이사 서상철 해임의 건(주주제안) 제1-2호 의안 : 사내이사 김현옥 해임의 건(주주제안) 제1-3호 의안 : 사내이사 이준의 해임의 건(주주제안) 제1-4호 의안 : 사외이사 윤성근 해임의 건(주주제안)제2호 의안 : 이사 선임의 건 제2-1호 의안 : 사내이사 김성권 선임의 건(이사회) 제2-2호 의안 : 사외이사 조성철 선임의 건(이사회) 제2-3호 의안 : 사외이사 정재훈 선임의 건(이사회) 제2-4호 의안 : 기타비상무이사 김영아 선임의 건(이사회) 제2-5호 의안 : 사내이사 예병군 선임의 건(주주제안) 제2-6호 의안 : 사내이사 남경엽 선임의 건(주주제안) 제2-7호 의안 : 사내이사 송현수 선임의 건(주주제안) 제2-8호 의안 : 사내이사 박태진 선임의 건(주주제안) 제2-9호 의안 : 사내이사 유성진 선임의 건(주주제안) 제2-10호 의안 : 사내이사 곽광훈 선임의 건(주주제안) 제2-11호 의안 : 사외이사 이해은 선임의 건(주주제안) 제2-12호 의안 : 사외이사 문형석 선임의 건(주주제안)제3호 의안 : 감사 이상무 해임의 건(주주제안)제4호 의안 : 감사 선임의 건 제4-1호 의안 : 감사 유승식 선임의 건(이사회) 제4-2호 의안 : 감사 원영재 선임의 건(주주제안)
제1호 의안 제1-1호 의안 : 부결 제1-2호 의안 : 부결 제1-3호 의안 : 부결 제1-4호 의안 : 부결제2호 의안 제2-1호 의안 : 가결 제2-2호 의안 : 가결 제2-3호 의안 : 가결 제2-4호 의안 : 가결 제2-5호 의안 : 부결 제2-6호 의안 : 부결 제2-7호 의안 : 부결 제2-8호 의안 : 부결 제2-9호 의안 : 부결 제2-10호 의안 : 부결 제2-11호 의안 : 부결 제2-12호 의안 : 부결제3호 의안 : 부결제4호 의안 제4-1호 의안 : 가결 제4-2호 의안 : 부결
[주주제안 관련 사항]- 주주: 경영권에 영향을 주기 위한 목적으로 기존 사내이사(3인), 사외이사(1인), 감사(1인)의 해임을 제안하고, 독립적인 사내이사(6인), 사외이사(2인), 감사(1인)의 선임을 제안- 회사: 소수 주주들의 의견을 수용하여 소수 주주들이 추천한 이사 및 감사 선임의 건을 임시주총 안건으로 상정- 이사회: 이사회의 추천으로 사내이사(1인), 사외이사(2인), 기타비상무이사(1인) 및 감사(1인)의 선임을 제안- 주주총회 개최 전 주주측에서 제안한 이사 및 감사 후보자 일괄 사퇴로 주주제안 안건 상정은 철회되었으며, 이사회 추천의 선임 건은 표결을 통해 가결됨
정기주주총회(2024.03.28)
제1호 의안 : 제9기 재무제표 승인의 건제2호 의안 : 이사 선임의 건 제2-1호 의안 : 사외이사 문석진 선임의 건제3호 의안 : 감사 선임의 건 제3-1호 의안 : 감사 이상무 선임의 건제4호 의안 : 이사 보수한도 승인의 건제5호 의안 : 감사 보수한도 승인의 건
원안대로 승인
-
정기주주총회(2023.03.29)
제 1호 의안 : 제8기 재무제표 승인의 건제 2호 의안 : 정관변경의 건제 3호 의안 : 이사 선임의 건제3-1호 의안 : 사내이사 서상철 선임의 건제3-2호 의안 : 사내이사 김현옥 선임의 건제3-3호 의안 : 사내이사 장성원 선임의 건제3-4호 의안 : 사내이사 이준의 선임의 건제3-5호 의안 : 사내이사 HU ZHENKAI 선임의 건 →일신상의 이유로 후보자 사임제3-6호 의안 : 기타비상무이사 문석진 선임의 건 →일신상의 이유로 후보자 사임제4호 의안 : 이사 보수한도 승인의 건제5호 의안 : 감사 보수한도 승인의 건
원안대로 승인
- 주주총회의 결의방법에 관한 조항추가
임시주주총회(2023.01.27)
제 1호 의안 : 정관변경의 건제 2호 의안 : 이사 선임의 건제2-1호 의안 : 사외이사 윤성근 선임의 건
원안대로 승인
- 사업다각화를 위한 사업목적 추가
임시주주총회(2022.08.01)
제 1호 의안 : 정관 일부 변경의 건
원안대로 승인
- 회사의 경영목적 및 사업다각화를 위한 상호변경- 사명변경으로 인한 회사 홈페이지 변경
정기주주총회(2022.05.24)
제 1호 의안 : 제7기 재무제표 승인의 건제 2호 의안 : 정관변경의 건제 3호 의안 : 이사 보수한도 승인의 건제 4호 의안 : 감사 보수한도 승인의 건
원안대로 승인
- 사업목적 정비 및 사업다각화를 위한 정관 일부 변경
임시주주총회(2022.01.28)
제1호 의안 : 정관 일부 변경의 건제2호 의안 : 주식병합 승인의 건
원안대로 승인
- 전환사채 및 신주인수권부사채 발행에 관한 조항 내용 변경- 경영 효율성을 위한 이사 총수 변경- 정관개정에 따른 부칙 변경- 적정 주식수 유지를 통한 기업가치 제고 및 주가 안정화"	ok_sub
20250814004422	아이큐어	여	VI. 이사회 등 회사의 기관에 관한 사항3. 주주총회 등에 관한 사항	금융감독원 '2024년 사업보고서상 비재무사항 기재관련 점검결과에 따른 기재 정정	20250321001925	"3. 주주총회 등에 관한 사항
가. 투표제도 현황
(기준일 :
2024년 12월 31일
)
투표제도 종류
집중투표제
서면투표제
전자투표제
도입여부
배제
미도입
도입
실시여부
-
-
실시
나. 의결권 현황
(기준일 :
2024년 12월 31일
)
(단위 : 주)
구 분
주식의 종류
주식수
비고
발행주식총수(A)
보통주
37,558,368
-
우선주
-
-
의결권없는 주식수(B)
보통주
188,683
자기주식
우선주
-
-
정관에 의하여 의결권 행사가 배제된 주식수(C)
보통주
-
-
우선주
-
-
기타 법률에 의하여의결권 행사가 제한된 주식수(D)
보통주
-
-
우선주
-
-
의결권이 부활된 주식수(E)
보통주
-
-
우선주
-
-
의결권을 행사할 수 있는 주식수(F = A - B - C - D + E)
보통주
37,369,685
-
우선주
-
-
다. 주식사무
당사 정관상의 신주인수권의 내용과 결산일, 정기주주총회의 시기, 주주명부 폐쇄시기, 주권의 종류, 명의개서대리인의 명칭과 전화번호, 주주의 특전, 공고방법 등은 다음과 같습니다.
정관 제10조[신주인수권]
① 주주는 그가 소유한 주식의 수에 비례하여 신주의 배정을 받을 권리를 갖는다.
② 회사는 제1항의 규정에도 불구하고 다음 각 호의 경우에는 주주 이외의 자에게 이사회의 결의로 신주를 배정할 수 있다.
1. 발행주식총수의 100분의 30을 초과하지 않는 범위 내에서 『자본시장과 금융투자업에 관한 법률』 제165조의6에 따라 일반공모증자 방식으로 신주를 발행하는 경우
2. 『상법』 제542조의3에 따른 주식매수선택권의 행사로 인하여 신주를 발행하는 경우
3. 발행하는 주식총수의 100분의 20범위 내에서 우리사주조합원에게 주식을 우선 배정하는 경우
4. 발행주식총수의 100분의 30을 초과하지 않는 범위 내에서 신기술의 도입, 재무구조 개선 등 회사의 경영상 목적을 달성하기 위하여 그 상대방에게 신주를 발행하는 경우
5. 발행주식총수의 100분의 30을 초과하지 않는 범위 내에서 주권을 증권시장에 상장하기 위하여 신주를 모집하거나 인수인에게 인수하게 하는 경우
6. 주식예탁증서(DR) 발행에 따라 신주를 발행하는 경우
7. 발행주식총수의 100분의 30을 초과하지 않는 범위 내에서 회사가 경영상 필요로 외국인 투자촉진법에 의한 외국인 투자를 위하여 신주를 발행하는 경우
8. 발행주식총수의 100분의 30을 초과하지 않는 범위 내에서 회사가 긴급한 자금의 조달을 위하여 국내외 금융기관에게 신주를 발행하는 경우
9. 발행주식총수의 100분의 30을 초과하지 않는 범위 내에서 회사가 기술도입을 필요로 그 제휴회사에게 신주를 발행하는 경우
③ 실권주 처리 및 신주배정에서 발생한 단주에 대한 처리방법은 이사회의 결의로 정한다.
④ 제2항 각호의 어느 하나의 규정에 의해 신주를 발행할 경우 발행할 주식의 종류와 수 및 발행가격 등은 이사회의 결의로 정한다.
⑤ 제2항에 따라 주주외의 자에게 신주를 배정하는 경우 상법 제416조제1호, 제2호, 제2호의2, 제3호 및 제4호에서 정하는 사항을 그 납입기일의2주 전까지 주주에게 통지하거나 공고하여야 한다.
결산일
12월 31일
정기주주총회
3월 이내
명의개서대리인
국민은행증권대행부(주소 : 서울특별시 영등포구 국제금융로 8길 26, 3층)(TEL : 02-2073-8110)
공고 방법
회사의 공고는 회사의 인터넷 홈페이지(http://icure.co.kr/)에 한다. 다만, 전산장애 또는 그 밖의 부득이한 사유로 회사의 인터넷 홈페이지에 공고를 할 수 없는 때에는 서울특별시에서 발행되는 일간 매일경제신문에 한다.
주주의 특전
-
라. 주주총회 의사록 요약
일자
내용
의 안
가결여부
비고
2020.03.20
제20기정기주주총회
1. 재무제표 승인의 건 (연결/별도)
원안 가결
-
2-1. 사내이사 정상윤 재임의 건
-
2-2. 사외이사 정윤택 선임의 건
-
3. 이사보수 한도 승인의 건
-
4. 감사보수 한도 승인의 건
-
5. 주식매수선택권의 부여
-
2020.12.08
제21기임시주주총회
1. 정관 변경의 건
원안 가결
-
-
-
2021.03.31
제21기정기주주총회
1. 재무제표 승인의 건 (연결/별도)
원안 가결
-
2. 정관 일부 변경의 건
-
3. 사내이사 정현식 선임의 건
-
4. 이사보수 한도 승인의 건
-
5. 감사보수 한도 승인의 건
-
6. 주식매수선택권의 부여의 건
-
2022.03.31
제22기정기주주총회
1. 재무제표 승인의 건 (연결/별도)
원안 가결
-
2. 정관 일부 변경의 건
원안 가결
-
3-1. 사내이사 최영권 재선임의 건
원안 가결
-
3-2. 사내이사 박종전 선임의 건
원안 가결
-
3-3. 사내이사 이영석 선임의 건
원안 가결
-
3-4. 사내이사 이재범 선임의 건
원안 가결
-
3-5. 사내이사 김성수 선임의 건
원안 가결
-
3-6. 사외이사 위재천 선임의 건
원안 가결
-
3-7. 사외이사 김천래 선임의 건
원안 가결
-
4. 상근감사 민성욱 재선임의 건
부결
-
5. 이사보수 한도 승인의 건
원안 가결
-
6. 감사보수 한도 승인의 건
원안 가결
-
7. 주식매수선택권의 부여의 건
부결
-
2023.03.31
제23기정기주주총회
1. 재무제표 승인의 건 (연결/별도)
원안 가결
-
2. 정관 일부 변경의 건
부결
-
3-1. 상근감사 민성욱 선임의 건
부결
-
3-2. 상근감사 박재근 선임의 건
원안 가결
-
4-1. 이사 보수한도 승인인 건(15억)
원안 가결
-
4-2. 이사 보수한도 승인인 건(14억)
부결
-
5-1. 감사 보수한도 승인의 건(3억)
원안 가결
-
5-1. 감사 보수한도 승인의 건(2억)
부결
-
2024.03.28
제24기정기주주총회
1. 재무제표 승인의 건 (연결/별도)
원안 가결
-
2. 정관 일부 변경의 건
부결
-
3. 이사보수 한도 승인의 건
원안 가결
-
4. 감사보수 한도 승인의 건
원안 가결
-"	"3. 주주총회 등에 관한 사항
가. 투표제도 현황
(기준일 :
2024년 12월 31일
)
투표제도 종류
집중투표제
서면투표제
전자투표제
도입여부
배제
미도입
도입
실시여부
-
-
실시
나. 소수주주권 행사
행사자
안건
목적사항 포함여부
거부사유
진행경과
박ㅇㅇ
주주명부 열람 및 등사 가처분
부
-
- 2022.01.05: 제기- 2022.01.14: 소장 확인- 2022.02.10: 법원 각하 (보완기일초과)
박ㅇㅇ 외 75명
정기주주총회 안건 제안1) 정관 제31조 (이사의 수) : 인원수 상한을 7명으로 변경2) 정관 제32조(이사의 선임) : 이사 자격 요건 삭제
여
-
- 2022.02.16: 법률대리인 발송문 수신 - 제안 안건을 정기주총 안건으로 상정할 예정임을 회신. - 2022년 03월 정기주주총회 안건심의 1) 가결 2) 가결
박ㅇㅇ 외 2명
회계장부등 열람 및 등사
부
-
- 2022.12.29: 제기- 2023.01.10: 소장 확인- 회사 의견제출- 2023.03.20: 요청 자료 중 일부 결정- 결정 자료 제공
박ㅇㅇ
주주명부 열람 및 등사 가처분
부
-
- 2023.01.04: 제기- 2023.01.12: 소장 확인- 요청 기준일 명부가 아직 없음을 설명하고, 이후 제공을 회신.- 2023.02.08: 신청인 취하
박ㅇㅇ 외 71명
정기주주총회 안건 제안1) 이사 해임 (이영석, 최영권)2) 이사 후보 추천 (박ㅇㅇ, 사내이사) (조ㅇㅇ, 사외이사)3) 감사 후보 추천 (박재근)4) 이사보수한도 (14억원)5) 감사보수한도 (2억원)6-1) 정관 일부 변경의 건 (사채 발행한도 감액)6-2) 정관 일부 변경의 건 (임원 자진 보수 삭감 규정)6-3) 정관 일부 변경의 건 (이사의 수 상한 변경)
여
1) 상법 제362조의2 제3항 및 동법 시행령 제12조 제4호에 따른 거부2) 재임 이사 수 한도 도달6-2) 정관으로 규정하기 부적합 판단6-3) 2022년 정기주총에서 이미 적용
- 2023.02.16: 법률대리인 발송문 수신 - 거부 안건 사유 등을 명기하여 회신 및 그 외 제안 안건 2023년 정기주주총회 안건으로 상정할 예정임을 회신 - 2023년 03월 정기주주총회 안건 심의 2) 가결 4) 부결 5) 부결 6-1) 발행주식총수 대비 1/3 미달로 부결
다. 의결권 현황
(기준일 :
2024년 12월 31일
)
(단위 : 주)
구 분
주식의 종류
주식수
비고
발행주식총수(A)
보통주
37,558,368
-
우선주
-
-
의결권없는 주식수(B)
보통주
188,683
자기주식
우선주
-
-
정관에 의하여 의결권 행사가 배제된 주식수(C)
보통주
-
-
우선주
-
-
기타 법률에 의하여의결권 행사가 제한된 주식수(D)
보통주
-
-
우선주
-
-
의결권이 부활된 주식수(E)
보통주
-
-
우선주
-
-
의결권을 행사할 수 있는 주식수(F = A - B - C - D + E)
보통주
37,369,685
-
우선주
-
-
라. 주식사무
당사 정관상의 신주인수권의 내용과 결산일, 정기주주총회의 시기, 주주명부 폐쇄시기, 주권의 종류, 명의개서대리인의 명칭과 전화번호, 주주의 특전, 공고방법 등은 다음과 같습니다.
정관 제10조[신주인수권]
① 주주는 그가 소유한 주식의 수에 비례하여 신주의 배정을 받을 권리를 갖는다.
② 회사는 제1항의 규정에도 불구하고 다음 각 호의 경우에는 주주 이외의 자에게 이사회의 결의로 신주를 배정할 수 있다.
1. 발행주식총수의 100분의 30을 초과하지 않는 범위 내에서 『자본시장과 금융투자업에 관한 법률』 제165조의6에 따라 일반공모증자 방식으로 신주를 발행하는 경우
2. 『상법』 제542조의3에 따른 주식매수선택권의 행사로 인하여 신주를 발행하는 경우
3. 발행하는 주식총수의 100분의 20범위 내에서 우리사주조합원에게 주식을 우선 배정하는 경우
4. 발행주식총수의 100분의 30을 초과하지 않는 범위 내에서 신기술의 도입, 재무구조 개선 등 회사의 경영상 목적을 달성하기 위하여 그 상대방에게 신주를 발행하는 경우
5. 발행주식총수의 100분의 30을 초과하지 않는 범위 내에서 주권을 증권시장에 상장하기 위하여 신주를 모집하거나 인수인에게 인수하게 하는 경우
6. 주식예탁증서(DR) 발행에 따라 신주를 발행하는 경우
7. 발행주식총수의 100분의 30을 초과하지 않는 범위 내에서 회사가 경영상 필요로 외국인 투자촉진법에 의한 외국인 투자를 위하여 신주를 발행하는 경우
8. 발행주식총수의 100분의 30을 초과하지 않는 범위 내에서 회사가 긴급한 자금의 조달을 위하여 국내외 금융기관에게 신주를 발행하는 경우
9. 발행주식총수의 100분의 30을 초과하지 않는 범위 내에서 회사가 기술도입을 필요로 그 제휴회사에게 신주를 발행하는 경우
③ 실권주 처리 및 신주배정에서 발생한 단주에 대한 처리방법은 이사회의 결의로 정한다.
④ 제2항 각호의 어느 하나의 규정에 의해 신주를 발행할 경우 발행할 주식의 종류와 수 및 발행가격 등은 이사회의 결의로 정한다.
⑤ 제2항에 따라 주주외의 자에게 신주를 배정하는 경우 상법 제416조제1호, 제2호, 제2호의2, 제3호 및 제4호에서 정하는 사항을 그 납입기일의2주 전까지 주주에게 통지하거나 공고하여야 한다.
결산일
12월 31일
정기주주총회
3월 이내
명의개서대리인
국민은행증권대행부(주소 : 서울특별시 영등포구 국제금융로 8길 26, 3층)(TEL : 02-2073-8110)
공고 방법
회사의 공고는 회사의 인터넷 홈페이지(http://icure.co.kr/)에 한다. 다만, 전산장애 또는 그 밖의 부득이한 사유로 회사의 인터넷 홈페이지에 공고를 할 수 없는 때에는 서울특별시에서 발행되는 일간 매일경제신문에 한다.
주주의 특전
-
마. 주주총회 의사록 요약
주총정보
안건
결의내용
주요 논의내용
제20기정기주주총회(2020.03.20)
1. 재무제표 승인의 건 (연결/별도)
원안 가결
* 주주제안 없음 * 결의과정 중 질의응답 진행 * 안건 수정 없음
2-1. 사내이사 정상윤 재임의 건
원안 가결
2-2. 사외이사 정윤택 선임의 건
원안 가결
3. 이사보수 한도 승인의 건
원안 가결
4. 감사보수 한도 승인의 건
원안 가결
5. 주식매수선택권의 부여
원안 가결
제21기임시주주총회(2020.12.08)
1. 정관 변경의 건
원안 가결
* 주주제안 없음 * 결의과정 중 질의응답 진행 * 안건 수정 없음
-
-
-
-
제21기정기주주총회(2021.03.31)
1. 재무제표 승인의 건 (연결/별도)
원안 가결
* 주주제안 없음 * 결의과정 중 질의응답 진행 * 안건 수정 없음
2. 정관 일부 변경의 건
원안 가결
3. 사내이사 정현식 선임의 건
원안 가결
4. 이사보수 한도 승인의 건
원안 가결
5. 감사보수 한도 승인의 건
원안 가결
6. 주식매수선택권의 부여의 건
원안 가결
제22기정기주주총회(2022.03.31)
1. 재무제표 승인의 건 (연결/별도)
원안 가결
* 주주제안 : 1) 제2호의안 정관 일부 변경의 건 - 발행한도 3천억원으로 감액 - 이사의 수를 7명으로 제한 - 이사 선임 자격요건을 삭제 * 결의과정 중 질의응답 진행 * 안건 수정 없음
2. 정관 일부 변경의 건 (주주제안) - 제16조(전환사채의 발행) - 제31조(이사의 수) - 제32조(이사의 선임)
원안 가결
3-1. 사내이사 최영권 재선임의 건
원안 가결
3-2. 사내이사 박종전 선임의 건
원안 가결
3-3. 사내이사 이영석 선임의 건
원안 가결
3-4. 사내이사 이재범 선임의 건
원안 가결
3-5. 사내이사 김성수 선임의 건
원안 가결
3-6. 사외이사 위재천 선임의 건
원안 가결
3-7. 사외이사 김천래 선임의 건
원안 가결
4. 상근감사 민성욱 재선임의 건
부결
5. 이사보수 한도 승인의 건
원안 가결
6. 감사보수 한도 승인의 건
원안 가결
7. 주식매수선택권의 부여의 건
부결
제23기정기주주총회(2023.03.31)
1. 재무제표 승인의 건 (연결/별도)
원안 가결
* 주주제안 : 2) 정관 일부 변경의 건 - 발행한도 1.5천억원으로 감액 3-2) 상근감사 박재근 선임 4-2) 이사보수한도 승인(14억) 5-2) 감사보수한도 승인(2억) * 정관변경의 건 특별결의 정족수 미달. * 결의과정 중 질의응답 진행 * 안건 수정 없음
2. 정관 일부 변경의 건 (주주제안) - 제16조(전환사채의 발행)
부결
3-1. 상근감사 민성욱 선임의 건
부결
3-2. 상근감사 박재근 선임의 건 (주주제안)
원안 가결
4-1. 이사 보수한도 승인인 건(15억)
원안 가결
4-2. 이사 보수한도 승인인 건(14억)(주주제안)
부결
5-1. 감사 보수한도 승인의 건(3억)
원안 가결
5-1. 감사 보수한도 승인의 건(2억)(주주제안)
부결
제24기정기주주총회(2024.03.28)
1. 재무제표 승인의 건 (연결/별도)
원안 가결
* 주주제안 없음 * 결의과정 중 질의응답 진행 * 안건 수정 없음
2. 정관 일부 변경의 건
부결
3. 이사보수 한도 승인의 건
원안 가결
4. 감사보수 한도 승인의 건
원안 가결"	ok
20250814004420	비유테크놀러지	여	Ⅵ. 이사회 등 회사의 기관에 관한 사항3. 주주총회 등에 관한 사항	금융감동원 2024년 사업보고서상 비재무사항 기재 관련 점검결과 미기재 및 미흡기자 정정	20250331003716	"3. 주주총회 등에 관한 사항
가. 투표제도 현황
(기준일 :
2024년 12월 31일
)
투표제도 종류
집중투표제
서면투표제
전자투표제
도입여부
배제
미도입
도입
실시여부
미실시
미실시
2024.03.29 정기주주총회에서 채택
나. 소수주주권의 행사여부
※ 당사는 공시대상 기간 중 소수주주권이 행사되지 않았습니다.
다. 경영권 경쟁
※ 당사는 공시대상 기간 중 경영권 경쟁이 발생하지 않았습니다.
라. 의결권 현황
(기준일 :
2024년 12월 31일
)
(단위 : 백만주)
구 분
주식의 종류
주식수
비고
발행주식총수(A)
보통주
93,320,557
-
우선주
-
-
의결권없는 주식수(B)
보통주
8
자기주식
우선주
-
-
정관에 의하여 의결권 행사가 배제된 주식수(C)
보통주
-
-
우선주
-
-
기타 법률에 의하여의결권 행사가 제한된 주식수(D)
보통주
-
-
우선주
-
-
의결권이 부활된 주식수(E)
보통주
-
-
우선주
-
-
의결권을 행사할 수 있는 주식수(F = A - B - C - D + E)
보통주
93,320,549
-
우선주
-
-
마. 주식사무
결산일
12월 31일
정기주주총회 개최
사업연도 종료 후 3개월 이내
주주명부폐쇄기간
1월1일부터 1월 7일까지(기준일: 12월 31일)
주권의 종류
주식 등의 전자등록
공고방법
당사 홈페이지 전자공고서울경제신문
주식업무대행기관
대리인의 명칭
국민은행 증권대행부
사무취급장소
서울특별시 영등포구 국제금융로8길 26
바. 주주총회 의사록 요약
구분
주주총회일자
안건
비고
정기
2025년 03월 31일
-제1호 의안 : 제10기(2024.01.01~2024.12.31) 재무제표 및 연결재무제표 승인의 건-제2호 의안: 이사 보수한도 승인의 건-제2호 의안: 감사 보수한도 승인의 건
원안대로 승인원안대로 승인
원안대로 승인
임시
2025년 01월 06일
-제1호 의안 : 사내이사 선임의 건
-
제1-1호 의안 : 사내이사 김선웅 선임의 건
-
제1-2호 의안 : 사내이사 이준규 선임의 건
-
제1-3호 의안 : 사내이사 위용현 선임의 건(중임)
-제2호 의안 : 사외이사 선임의 건
-
제2-1호 의안 : 사외이사 강해운 선임의 건
-
제2-2호 의안 : 사외이사 이태희 선임의 건
-제3호 의안 : 정관 일부 변경의 건(상호 및 본점소재지)
원안대로 승인
원안대로 승인
원안대로 승인
원안대로 승인원안대로 승인
의결정족수 미달로 부결
정기
2024년 03월 29일
-제1호 의안 : 제9기(2023.01.01~2023.12.31) 재무제표 및 연결재무제표 승인의 건-제2호 의안 : 이사 선임의 건
-제2-1호 의안 : 사내이사 강종모
-제2-2호 의안 : 사외이사 윤성로
-제2-2호 의안 : 사외이사 김성지-제3호 의안: 이사 보수한도 승인의 건-제4호 의안: 감사 보수한도 승인의 건-제5호 의안 : 임원 퇴직금 지급 규정 개정의 건
부결부결원안대로 승인원안대로 승인부결
임시
2024년 02월 29일
-제1호 의안 : 정관변경의 건
원안대로 승인
임시
2023년 10월 05일
-제1호 의안 : 정관변경의 건-제2호 의안 : 주식매수선택권 부여 승인의 건
원안대로 승인
정기
2023년 03월 31일
-제1호 의안 : 제8기(2022.01.01~2022.12.31) 재무제표 및 연결재무제표승인의 건-제2호 안 : 정관변경의 건 -제2-1호 의안 : 사업목적 추가의 건 -제2-2호 의안 : 본점소재지 변경의 건-제3호 의안 : 사외이사 강종모 선임의 건-제4호 의안 : 감사 선임의 건 -제4-1호 의안 : 감사 배종호 선임의 건 -제4-2호 의안 : 감사 문승일 선임의 건-제5호 의안 : 이사 보수한도 승인의 건-제6호 의안 : 감사 보수한도 승인의 건
원안대로 승인
임시
2023년 02월 09일
- 제1호 의안: 이사선임의 건 - 제1-1호 의안: 사내이사 이종식 선임의 건 - 제1-2호 의안: 사내이사 이진엽 선임의 건 - 제1-3호 의안: 사내이사 진형일 선임의 건 - 제1-4호 의안: 사외이사 이대기 선임의 건
원안대로 승인
임시
2022년 12월 22일
- 제1호 의안: 정관변경(사업목적 추가)의 건- 제2호 의안: 이사선임의 건(사외이사 1명)
의결정족수 미달로 부결
정기
2022년 3월 30일
- 제1호 의안 : 제7기(2021.01.01.~2021.12.31.) 재무제 표 및 연결재무제표 승인의 건- 제2호 의안 : 이사 선임의 건 - 제2-1호 의안 : 사내이사 박형준 선임의 건 - 제2-2호 의안 : 사내이사 위용현 선임의 건 - 제2-3호 의안 : 사내이사 권순길 선임의 건 - 제2-4호 의안 : 사외이사 박재석 선임의 건 - 제2-5호 의안 : 사외이사 이인걸 선임의 건- 제3호 의안 : 이사 보수한도 승인의 건- 제4호 의안 : 감사 보수한도 승인의 건- 제5호 의안 : 주식매수선택권 부여 승인의 건
원안대로 승인
정기
2021년 3월 19일
- 제1호 의안 : 제6기(2020.01.01.~2020.12.31.) 재무제표 및 연결재무제표 승인의 건- 제2호 의안 : 정관 일부 변경의 건- 제3호 의안 : 이사 보수한도 승인의 건- 제4호 의안 : 감사 보수한도 승인의 건
원안대로 승인"	"3. 주주총회 등에 관한 사항
가. 투표제도 현황
(기준일 :
2024년 12월 31일
)
투표제도 종류
집중투표제
서면투표제
전자투표제
도입여부
배제
미도입
도입
실시여부
미실시
미실시
2024.03.29 정기주주총회에서 채택
나. 소수주주권의 행사여부
행사자
안건
목적사항 포함여부
거부사유
진행경과
김OO외 6인
주주총회 의안 상정 제안제1호 의안 : 이사 선임의 건
미포함
소송 진행
2024.02.14 주주제안서 접수2024.02.16 주주제안서(2차) 접수2024.02.20 주주총회 의안 상정등 가처분 신청2024.03.08 주주총회 의안 상정등 가처분 조정결정
다. 경영권 경쟁
일 시
당사자
내 용
진행경과
관련 공시
2024.04.10
(주)피데스홀딩스
주주총회소집허가
인용 결정
-
소송등의 판결ㆍ결정(주주총회소집허가)(2024.06.17)
2024.04.03
(주)피데스홀딩스
신주발행금지 가처분
인용 결정
-
주요사항보고서(소송등의제기)(2024.04.12)
-
소송등의 판결ㆍ결정(신주발행금지가처분)(2024.03.12)
2023.04.02
배OO
주주총회소집허가
신청 취하
-
소송 등의 제기ㆍ신청(경영권분쟁소송)(주주총회소집허가)(2024.04.09)
-
소송등의 판결ㆍ결정(2024.06.11)
2023.04.01
(주)피데스홀딩스
직무집행정지 가처분
신청 취하
-
소송 등의 제기ㆍ신청(경영권분쟁소송)(직무집행정지가처분)(2024.04.12)
-
소송등의 판결ㆍ결정(직무집행정지가처분)(2024.07.02)
2024.02.20
김OO 외 6인
주주총회 의안 상정등 가처분
조정 결정
-
소송등의제기ㆍ신청(경영권분쟁소송)(주주총회 의안상정 등 가처분)(2024.03.07)-
소송등의판결ㆍ결정(주주총회 의안상정 등 가처분)(2024.03.13)
라. 의결권 현황
(기준일 :
2024년 12월 31일
)
(단위 : 백만주)
구 분
주식의 종류
주식수
비고
발행주식총수(A)
보통주
93,320,557
-
우선주
-
-
의결권없는 주식수(B)
보통주
8
자기주식
우선주
-
-
정관에 의하여 의결권 행사가 배제된 주식수(C)
보통주
-
-
우선주
-
-
기타 법률에 의하여의결권 행사가 제한된 주식수(D)
보통주
-
-
우선주
-
-
의결권이 부활된 주식수(E)
보통주
-
-
우선주
-
-
의결권을 행사할 수 있는 주식수(F = A - B - C - D + E)
보통주
93,320,549
-
우선주
-
-
마. 주식사무
결산일
12월 31일
정기주주총회 개최
사업연도 종료 후 3개월 이내
주주명부폐쇄기간
1월1일부터 1월 7일까지(기준일: 12월 31일)
주권의 종류
주식 등의 전자등록
공고방법
당사 홈페이지 전자공고서울경제신문
주식업무대행기관
대리인의 명칭
국민은행 증권대행부
사무취급장소
서울특별시 영등포구 국제금융로8길 26
바. 주주총회 의사록 요약
주총정보
안건
결의내용
주요논의내용
제10기 정기주주총회2025년 03월 31일
-제1호 의안 : 제10기(2024.01.01~2024.12.31) 재무제표 및 연결재무제표 승인의 건-제2호 의안: 이사 보수한도 승인의 건-제2호 의안: 감사 보수한도 승인의 건
원안대로 승인원안대로 승인원안대로 승인
- 주주제안 : 없음- 안건 수정사항 : 없음- 결의과정 중 질의응답/찬반토론 : 없음
임시주주총회2025년 01월 06일
-제1호 의안 : 사내이사 선임의 건
-제1-1호 의안 : 사내이사 김선웅 선임의 건
-제1-2호 의안 : 사내이사 이준규 선임의 건
-제1-3호 의안 : 사내이사 위용현 선임의 건(중임)
-제2호 의안 : 사외이사 선임의 건
-제2-1호 의안 : 사외이사 강해운 선임의 건
-제2-2호 의안 : 사외이사 이태희 선임의 건
-제3호 의안 : 정관 일부 변경의 건(상호 및 본점소재지)
원안대로 승인원안대로 승인원안대로 승인원안대로 승인원안대로 승인의결정족수 미달로 부결
- 주주제안 : 없음- 안건 수정사항 : 없음- 결의과정 중 질의응답/찬반토론 : 없음
제9기 정기주주총회2024년 03월 29일
-제1호 의안 : 제9기(2023.01.01~2023.12.31) 재무제표 및 연결재무제표 승인의 건-제2호 의안 : 이사 선임의 건 -제2-1호 의안 : 사내이사 강종모 -제2-2호 의안 : 사외이사 윤성로 -제2-2호 의안 : 사외이사 김성지-제3호 의안: 이사 보수한도 승인의 건-제4호 의안: 감사 보수한도 승인의 건-제5호 의안 : 임원 퇴직금 지급 규정 개정의 건
부결부결부결부결원안대로 승인원안대로 승인부결
- 주주제안 : 없음- 안건 수정사항 : 없음- 결의과정 중 질의응답/찬반토론 : 없음
임시주주총회2024년 02월 29일
-제1호 의안 : 정관변경의 건
원안대로 승인
- 주주제안 : 없음- 안건 수정사항 : 없음- 결의과정 중 질의응답/찬반토론 : 없음
임시주주총회2023년 10월 05일
-제1호 의안 : 정관변경의 건-제2호 의안 : 주식매수선택권 부여 승인의 건
원안대로 승인
- 주주제안 : 없음- 안건 수정사항 : 없음- 결의과정 중 질의응답/찬반토론 : 없음
제8기 정기주주총회2023년 03월 31일
-제1호 의안 : 제8기(2022.01.01~2022.12.31) 재무제표 및 연결재무제표승인의 건-제2호 안 : 정관변경의 건 -제2-1호 의안 : 사업목적 추가의 건 -제2-2호 의안 : 본점소재지 변경의 건-제3호 의안 : 사외이사 강종모 선임의 건-제4호 의안 : 감사 선임의 건 -제4-1호 의안 : 감사 배종호 선임의 건 -제4-2호 의안 : 감사 문승일 선임의 건-제5호 의안 : 이사 보수한도 승인의 건-제6호 의안 : 감사 보수한도 승인의 건
원안대로 승인
- 주주제안 : 없음- 안건 수정사항 : 없음- 결의과정 중 질의응답/찬반토론 : 없음
임시주주총회2023년 02월 09일
- 제1호 의안: 이사선임의 건 - 제1-1호 의안: 사내이사 이종식 선임의 건 - 제1-2호 의안: 사내이사 이진엽 선임의 건 - 제1-3호 의안: 사내이사 진형일 선임의 건 - 제1-4호 의안: 사외이사 이대기 선임의 건
원안대로 승인원안대로 승인후보자 사퇴원안대로 승인
- 주주제안 : 없음- 안건 수정사항 : 진형일후보자 자진사퇴로 의안 철회- 결의과정 중 질의응답/찬반토론 : 없음
임시주주총회2022년 12월 22일
- 제1호 의안: 정관변경(사업목적 추가)의 건- 제2호 의안: 이사선임의 건(사외이사 1명)
의결정족수 미달로 부결
- 주주제안 : 없음- 안건 수정사항 : 없음- 결의과정 중 질의응답/찬반토론 : 없음
제7기 정기주주총회2022년 3월 30일
- 제1호 의안 : 제7기(2021.01.01.~2021.12.31.) 재무제 및 연결재무제표 승인의 건- 제2호 의안 : 이사 선임의 건 - 제2-1호 의안 : 사내이사 박형준 선임의 건 - 제2-2호 의안 : 사내이사 위용현 선임의 건 - 제2-3호 의안 : 사내이사 권순길 선임의 건 - 제2-4호 의안 : 사외이사 박재석 선임의 건 - 제2-5호 의안 : 사외이사 이인걸 선임의 건- 제3호 의안 : 이사 보수한도 승인의 건- 제4호 의안 : 감사 보수한도 승인의 건- 제5호 의안 : 주식매수선택권 부여 승인의 건
원안대로 승인
- 주주제안 : 없음- 안건 수정사항 : 없음- 결의과정 중 질의응답/찬반토론 : 없음
제6기 정기주주총회2021년 3월 19일
- 제1호 의안 : 제6기(2020.01.01.~2020.12.31.) 재무제표 및 연결재무제표 승인의 건- 제2호 의안 : 정관 일부 변경의 건- 제3호 의안 : 이사 보수한도 승인의 건- 제4호 의안 : 감사 보수한도 승인의 건
원안대로 승인
- 주주제안 : 없음- 안건 수정사항 : 없음- 질의응답/찬반토론 : 없음"	ok
20250814004400	콜마홀딩스	예	VI. 3. 주주총회 등 나. 소수주주권	기재 오류	20250321001958	"나. 소수주주권
: 해당사항 없음"	"나. 소수주주권
행사자
안건
목적사항포함여부
거부사유
진행경과
Dalton Investments Inc.
- 기타비상무이사 임성윤 선임의 건
예
-
2025.02.24 주주제안2025.03.12 정기주주총회 안건 확정 및 주주제안 안건 상정2025.03.31 정기주주총회 개최(주주제안 가결)"	ok_sub
20250814004400	콜마홀딩스	예	VI. 3. 주주총회 등 바. 주주총회의사록 요약	기재 오류	20250321001958	"바. 주주총회 의사록 요약
구 분
의 안
비 고
제34기 정기 주주총회
(2024.03.29)
제1호 의안 : 제34기 (2023. 01. 01 - 2023. 12. 31)
재무제표 (이익잉여금처분계산서 포함) 및 연결재무제표 승인의 건
제2호 의안 : 정관 일부 변경의 건
제3호 의안 : 이사 선임의 건
제3-1호 의안 : 김현준(기타비상무이사) 재선임의 건
제3-2호 의안 : 강명수(사외이사) 재선임의 건
제4호 의안 : 이사 보수한도 승인의 건
제5호 의안 : 감사 보수한도 승인의 건
제6호 의안 : 자본준비금의 이익잉여금 전입의 건
원안대로 가결
원안대로 가결원안대로 가결원안대로 가결원안대로 가결원안대로 가결원안대로 가결원안대로 가결
-
제34기 임시 주주총회(2023.10.05)
제1호 의안 : 정관 일부 변경의 건
원안대로 가결
-
제33기 정기주주총회(2023. 3. 29)
제1호 의안 : 제33기 (2022. 01. 01 - 2022. 12. 31)재무제표(이익잉여금처분계산서 포함) 및 연결재무제표 승인의 건제2호 의안 : 정관 일부 변경의 건제3호 의안 : 이사 선임의 건제3-1호 의안 : 윤상현(사내이사) 재선임의 건제3-2호 의안 : 원재성(사내이사) 선임의 건제3-3호 의안 : 송규영(사외이사) 선임의 건제3-4호 의안 : 박 민(사외이사) 선임의 건제4호 의안 : 신정식(상근 감사) 재선임의 건제5호 의안 : 임원 보수 규정 승인의 건제6호 의안 : 이사 보수한도 승인의 건제7호 의안 : 감사 보수한도 승인의 건
원안대로 가결원안대로 가결원안대로 가결원안대로 가결원안대로 가결원안대로 가결원안대로 가결원안대로 가결원안대로 가결원안대로 가결원안대로 가결
-
제32기 정기주주총회(2022. 3. 25)
제1호 의안 : 정관 일부 변경의 건제2호 의안 :제32기 (2021. 01. 01 - 2021. 12. 31)재무제표(이익잉여금처분계산서 포함) 및 연결재무제표 승인의 건제3호 의안 : 이사 선임의 건제3-1호 의안 : 안병준(사내이사) 선임의 건제3-2호 의안 : 문병석(사내이사) 선임의 건제3-3호 의안 : 오세인(사외이사) 재선임의 건제3-4호 의안 : 강명수(사외이사) 선임의 건제4호 의안 : 김선완(비상근 감사) 선임의 건제5호 의안 : 이사 보수한도 승인의 건제6호 의안 : 감사 보수한도 승인의 건
원안대로 가결원안대로 가결원안대로 가결원안대로 가결원안대로 가결원안대로 가결원안대로 가결원안대로 가결원안대로 가결원안대로 가결
-"	"바. 주주총회 의사록 요약
구 분
의 안
결의내용
주요 논의 내용
비 고
제34기 정기 주주총회
(2024.03.29)
제1호 의안 : 제34기 (2023. 01. 01 - 2023. 12. 31)
재무제표 (이익잉여금처분계산서 포함) 및 연결재무제표 승인의 건
제2호 의안 : 정관 일부 변경의 건
제3호 의안 : 이사 선임의 건
제3-1호 의안 : 김현준(기타비상무이사) 재선임의 건
제3-2호 의안 : 강명수(사외이사) 재선임의 건
제4호 의안 : 이사 보수 한도 승인의 건
제5호 의안 : 감사 보수 한도 승인의 건
제6호 의안 : 자본준비금의 이익잉여금 전입의 건
원안대로 가결원안대로 가결원안대로 가결원안대로 가결원안대로 가결원안대로 가결원안대로 가결
제34기 재무제표 승인사명 변경에 따른 정관 변경기타비상무이사 김현준 재선임사외이사 강명수 재선임이사 보수 한도 승인감사 보수 한도 승인자본준비금 500억 이익잉여금 전입
-
제34기 임시 주주총회(2023.10.05)
제1호 의안 : 정관 일부 변경의 건
원안대로 가결
회사가 발행할 주식의 총수 증가로 인한 정관 변경
-
제33기 정기주주총회(2023. 03. 29)
제1호 의안 : 제33기 (2022. 01. 01 - 2022. 12. 31)재무제표(이익잉여금처분계산서 포함) 및 연결재무제표 승인의 건제2호 의안 : 정관 일부 변경의 건제3호 의안 : 이사 선임의 건제3-1호 의안 : 윤상현(사내이사) 재선임의 건제3-2호 의안 : 원재성(사내이사) 선임의 건제3-3호 의안 : 송규영(사외이사) 선임의 건제3-4호 의안 : 박 민(사외이사) 선임의 건제4호 의안 : 신정식(상근 감사) 재선임의 건제5호 의안 : 임원 보수 규정 승인의 건제6호 의안 : 이사 보수 한도 승인의 건제7호 의안 : 감사 보수 한도 승인의 건
원안대로 가결원안대로 가결원안대로 가결원안대로 가결원안대로 가결원안대로 가결원안대로 가결원안대로 가결원안대로 가결원안대로 가결
제33기 재무제표 승인이사회 내 위원회 신설 및 배당기준일 규정 정비에 따른 정관 변경사내이사 윤상현 재선임사내이사 원재성 선임사외이사 송규영 선임사외이사 박민 선임상근 감사 신정식 재선임임원 보수 규정 제정이사 보수 한도 승인감사 보수 한도 승인
-
제32기 정기주주총회(2022. 3. 25)
제1호 의안 : 정관 일부 변경의 건제2호 의안 :제32기 (2021. 01. 01 - 2021. 12. 31)재무제표(이익잉여금처분계산서 포함) 및 연결재무제표 승인의 건제3호 의안 : 이사 선임의 건제3-1호 의안 : 안병준(사내이사) 선임의 건제3-2호 의안 : 문병석(사내이사) 선임의 건제3-3호 의안 : 오세인(사외이사) 재선임의 건제3-4호 의안 : 강명수(사외이사) 선임의 건제4호 의안 : 김선완(비상근 감사) 선임의 건제5호 의안 : 이사 보수한도 승인의 건제6호 의안 : 감사 보수한도 승인의 건
원안대로 가결원안대로 가결원안대로 가결원안대로 가결원안대로 가결원안대로 가결원안대로 가결원안대로 가결원안대로 가결원안대로 가결
홈페이지 주소 변경 및서면투표제도 폐지, 전자투표제도 도입제32기 재무제표 승인사내이사 안병준 선임사내이사 문병석 선임사외이사 오세인 재선임사외이사 강명수 선임비상근 감사 김선완 선임이사 보수 한도 승인감사 보수 한도 승인"	ok_sub
20250814004375	대웅제약	예	XI. 1. 공시내용 진행 및 변경 사항 다. 향후 추진 계획	2024년 사업보고서 점검 결과에 따른 정정	20250401003870	"1. 공시내용 진행 및 변경사항
가
. 공시사항의 진행상황(2024.12.31 기준)
(단위: 백만원)
순번
신고일자
계약내역
계약금액
판매공급금액
대금수령금액
비고
당기
누적
당기
누적
1
2021-03-18
(변경계약 공시 2024-03-14)
● 계약명: Fexuprazan의 중국 수출 공급 계약 ● 계약상대방:Yangtze River Pharmaceutical Co.,Ltd. ● 계약기간: 2021-03-17 ~ 2036-04-27 ● 주요 계약조건: - 중국 현지 개발 비용은 계약상대방이 부담함 - 계약금액은 기술료(계약금 포함) 및 13년 누적 예상 공급액을 합산한 금액임 - 최소구매수량은 기술료를 제외한 계약금액의 70%임 ● 조건부 계약금액: 기술료(USD 18,000,000) 및. 누적 판매수량에 비례한 Sales Milestone
384,536
-
6,790
-
6,790
-
2
2021-10-15
● 계약명: Fexuprazan의 중동 6개국 수출 공급 계약 ● 계약상대방:Aghrass Healthcare ● 계약기간: 국가별 발매일로부터 10년 ● 주요 계약조건: 최소구매수량은 기술료를 제외한 계약금약의 70%임 ● 조건부 계약금액: 기술료 및, 누적 판매수량에 비례한 Sales Milestone
99,154
60(USD 50,000)
179(USD 150,000)
60(USD 50,000)
179(USD 150,000)
(주1)
3
2023-02-24
● 계약명: Enavogliflozin 브라질,멕시코 수출 공급계약 ● 계약상대방:Moksha8 ● 계약기간: 브라질,멕시코 현지 발매일로부터 10년 ● 주요 계약조건: Enavogliflozin 완제품 공급 ● 조건부 계약금액: 기술료 및, 누적 판매수량에 비례한 Sales Milestone
109,641
-
260
-
260
-
4
2023-12-01
● 계약명: Enavogliflozin 러시아/CIS 지역 수출 공급계약 ● 계약상대방:JSC Pharmasyntez ● 계약기간: 현지 발매일로부터 10년 ● 주요 계약조건: Enavogliflozin 반제품(Primary Packaged Product) 공급 ● 조건부 계약금액: 기술료(USD 5,000,000) 및, 누적 판매 수량에 비례한 Sales Milestone
77,137
802 (USD 621,250)
802 (USD 621,250)
802 (USD 621,250)
802 (USD 621,250)
(주2)
5
2023-12-11
(변경계약 공시 2024-07-04)
● 계약명: DWJ108U 데포 주사제(Leuprolide)의 공동개발, 기술수출 및 상업화 계약 ● 계약상대방:Zydus Lifescience Global FZE (UAE) ● 계약기간: 미국 현지 발매일로부터 7년 ● 주요 계약조건: DWJ108U 데포 주사제 제품의 미국 지역 내 임상개발 및 상업화 권리에 관한 공동개발, 기술수출 및 제품공급계약 ● 조건부 계약금액: 개발 및 상업화 마일스톤(USD 25,500,000)
122,198
-
-
-
-
-
※ 계약금액, 판매공급금액, 대금수령금액은 공시서류작성기준일(2024.12.31) 기준입
니다.
※
계약종료시점의 판매공급금액 및 대금수령금액은 생산비용의 변동, 대상품목의 현지 규제환경 변화 기타 계약상/계약외 조건에 따라 최초 공시된 계약금액총액과 일치하지 않을 수 있습니다.
※
향후 사업추진과정, 국내외 영업상황 또는 여건에 따라 계약기간, 금액, 향후 추진계획 등이 변경될 수 있습니다.※
(주1)
원화환산금액은 한국거래소 공시 제출시점에 기재한 환율을 기준으로 계산하였습니다. (1USD=1,195.00 KRW)
※
(주2)
원화환산금액은 한국거래소 공시 제출시점에 기재한 환율을 기준으로 계산하였습니다. (1USD=1,290.40 KRW)
나. 대금 미수령 사유
(계약명: DWJ108U 데포 주사제(Leuprolide)의 공동개발, 기술수출 및 상업화 계약)
- 기공시한 공급계약의 품목(DWJ108U 데포 주사제)은 품목허가 승인 이후 상업화될 수 있으며, 작성기준일(2024.12.31) 기준으로 주요 계약조건에 해당하는 판매 및 대금수령이 없습니다.
- 품목허가 승인 및 상업화 완료 이후 본 계약에 따른 대금 청구 예정이며, 이후 대금을 수령하여 해당 내용을 정기보고서(사업보고서, 반기보고서)에 기재할 예정입니다.
다.
향후 추진 계획
상기 단일판매
ㆍ
공급계약은 의약품 제조 및 판매업의 특성 상 현지 규제기관의 품목허가가 완료된 후에 수출이 진행될 수 있습니다. 당사는 향후 판매ㆍ공급 이행, 대금수령 등 기 공시한 계약사항을 이행함에 있어 주요 계약내용 변경 및 공시의무 발생시 지체없이 공시할 예정입니다."	"다. 향후 추진 계획
상기 단일판매ㆍ공급계약은 의약품 제조 및 판매업의 특성 상 현지 규제기관의 품목허가가 완료된 후에 수출이 진행될 수 있습니다. 당사는 향후 판매ㆍ공급 이행, 대금수령 등 기 공시한 계약사항을 이행함에 있어 주요 계약내용 변경 및 공시의무 발생시 지체없이 공시할 예정입니다.
순번
신고일자
계약명
향후 추진계획
변동 가능성
판매ㆍ공급이행
대금수령
1
2021-03-18
(변경계약 공시 2024-03-14)
Fexuprazan의 중국 수출 공급 계약
계약지역 국가(중국)에 대해 품목허가 신청 완료,허가승인 후 판매ㆍ공급의무 이행 예정
판매ㆍ공급금액 및,개발단계별 Milestone 수령 예정
-
2
2021-10-15
Fexuprazan의 중동 6개국 수출 공급 계약
계약지역 2개 국가(사우디ㆍ오만)에 대해품목허가 신청 완료,허가승인 후 판매ㆍ공급의무 이행 예정
판매ㆍ공급금액 및,개발단계별 Milestone 수령 예정
-
3
2023-02-24
Enavogliflozin 브라질,멕시코 수출 공급계약
계약지역 1개 국가(멕시코)에 대해품목허가 신청 완료,허가승인 후 판매ㆍ공급의무 이행 예정
판매ㆍ공급금액 및,개발단계별 Milestone 수령 예정
-
4
2023-12-01
Enavogliflozin 러시아/CIS 지역 수출 공급계약
현지 규제기관 품목허가 승인 후판매ㆍ공급의무 이행 예정
판매ㆍ공급금액 및,개발단계별 Milestone 수령 예정
-
5
2023-12-11
(변경계약 공시 2024-07-04)
DWJ108U 데포 주사제(Leuprolide)의 공동개발, 기술수출 및 상업화 계약
현지 규제기관 품목허가 승인 후판매ㆍ공급의무 이행 예정
판매ㆍ공급금액 및,개발단계별 Milestone 수령 예정
-"	ok
20250814004337	대웅	예	I. 4. 주식의 총수 등 마. 자기주식 보유현황	2024년 사업보고서 점검 결과에 따른 정정	20250401003907	"마. 자기주식 보유현황
(1) 자기주식 보유 현황 (2024년 12월 31일 기준)
- 발행주식 총수: 58,141,980주
- 자기주식
수: 17,251,270주
- 자기주식 보유 비율: 29.67%
- 최대주주 및 특수관계인 보유 주식 수: 22,151,347주(38.10%)
- 기타 지분 : 18,739,363주 (32.23%)
[
자기주식 보유 현황]
(단위 : 주)
취득방법
취득(계약체결)결정 공시일자
주식종류
취득기간
취득목적
최초보유예상기간
최초취득수량
변동 수량
기말수량
비고
처분(-)
소각(-)
배당가능이익범위이내취득
직접취득
2020년 03월 02일
보통주
3개월
주가안정화 및 주주가치 제고
-
1,603,275
-
-
1,603,275
-
-
-
-
-
-
-
-
-
-
-
신탁계약에의한 취득
-
보통주
-
-
-
1,282,780
-
-
1,282,780
(주1)
(주2)
2002년 06월 05일
보통주
2년
주가 안정
-
142,170
-
-
142,170
(주1)
2002년 07월 08일
보통주
2년
주가 안정
-
161,670
-
-
161,670
(주1)
2002년 07월 29일
보통주
2년
주가 안정
-
182,460
-
-
182,460
(주1)
2002년 08월 26일
보통주
2년
주가 안정
-
176,960
-
-
176,960
(주1)
2002년 09월 09일
보통주
2년
주가 안정
-
181,360
-
-
181,360
(주1)
2003년 04월 07일
보통주
1년
주가 안정
-
136,900
-
-
136,900
(주1)
2003년 04월 07일
보통주
1년
주가 안정
-
166,550
-
-
166,550
(주1)
(주3)
2003년 04월 23일
보통주
1년
주가 안정
-
211,590
-
-
211,590
(주1)
(주4)
2006년 06월 15일
보통주
6개월
주가 안정
-
566,500
-
-
566,500
(주1)
2023년 07월 27일
보통주
6개월
주가안정 및 주주가치 제고
-
690,630
-
-
690,630
-
기타 취득
2008년 12월 30일
보통주
-
합병으로 인한 자사주 편입
-
11,748,425
-
-
11,748,425
(주1)
(주5)
-
-
-
-
-
-
-
-
-
-
총계
17,251,270
-
-
17,251,270
-
※ 상기 자기주식 보유현황에 기재된 기말수량은 2025. 3. 7 이사회에서 승인받은 자기주식 보고서 내 수량과 동일합니다.※
(주1)
당사는 2017년 6월 보통주에 대한 5:1의 액면분할을 시행한 바, 상기 '최초취득수량' 및 '기말수량'은 액면분할로 인한 주식수량의 증가를 반영한 수치입니다. (분할 전 액면가: 2,500원 / 분할 후 액면가: 500원)※
(주2)
당사는 2002년 10월 1일을 기준일로
인적분할방식에 의하여 주요제조사업 부문을 분할신설법인인 주식회사 대웅제약으로 이전
하였으며. 동 주식수는 분할 전 당사가 체결한 신탁계약등에 의한 취득주식수입니다.※
(주3)
동 계약의 최초체결일은 2001년 4월 6일이며, 상기 공시일자는 '자기주식취득 신탁계약등 연장 결의'에 관한 최초 공시제출일을 기재하였습니다.※
(주4)
동 계약의 최초체결일은 2000년 4월 24일이며, 상기 공시일자는 '자기주식취득 신탁계약등 연장 결의'에 관한 최초 공시제출일을 기재하였습니다.※
(주5)
2009년 4월 1일 대웅화학(주)(舊. 대웅바이오(주))와의 합병으로 인해 자사주로 편입된 주식이며, 작성기준일 현재 기말 보유 수량을 기재하였습니다.
(2) 자기주식 보유 목적
당사는 자기주식을 보유함으로써 주주가치를 제고하고, 주가 안정화를 도모하는 것을 주요 목적으로 합니다.
(3) 자기주식 취득 계획보고서 제출일 현재 회사는 자기주식 취득에 대한 구체적인 계획은 수립하고 있지 않습니다. 다만 주식시장의 변동성에 대응하여 주가 및 국내외 증권 시장 동향, 당사의 재무상태, 그리고 주주가치 제고 효과를 종합적으로 고려하여 계획을 수립할 예정입니다. (4) 자기주식 소각 및 처분 계획보고서 제출일 현재 회사는 자기주식 소각 및 처분에 대한 구체적인 계획은 수립하고 있지 않습니다.
(5) 기타 투자자 보호를 위해 필요한 사항향후 자기주식의 취득, 처분 및 소각 등의 계획을 마련하는 경우에는 이를 지체 없이 공시 할 수 있도록 하겠습니다."	"마. 자기주식 보유현황
(1) 자기주식 보유 현황 (2024년 12월 31일 기준)
- 발행주식 총수: 58,141,980주
- 자기주식 수: 17,251,270주
- 자기주식 보유 비율: 29.67%
- 최대주주 및 특수관계인 보유 주식 수: 22,151,347주(38.10%)
- 기타 지분 : 18,739,363주 (32.23%)
[자기주식 보유 현황]
(단위 : 주)
취득방법
취득(계약체결)결정 공시일자
주식종류
취득기간
취득목적
최초보유예상기간
최초취득수량
변동 수량
기말수량
비고
처분(-)
소각(-)
배당가능이익범위이내취득
직접취득
2020년 03월 02일
보통주
3개월
주가안정화 및 주주가치 제고
-
1,636,049
32,774
-
1,603,275
(주6)
-
-
-
-
-
-
-
-
-
-
신탁계약에의한 취득
-
보통주
-
-
-
1,282,780
-
-
1,282,780
(주1)(주2)
2002년 06월 05일
보통주
2년
주가 안정
-
142,170
-
-
142,170
(주1)
2002년 07월 08일
보통주
2년
주가 안정
-
161,670
-
-
161,670
(주1)
2002년 07월 29일
보통주
2년
주가 안정
-
182,460
-
-
182,460
(주1)
2002년 08월 26일
보통주
2년
주가 안정
-
176,960
-
-
176,960
(주1)
2002년 09월 09일
보통주
2년
주가 안정
-
181,360
-
-
181,360
(주1)
2003년 04월 07일
보통주
1년
주가 안정
-
136,900
-
-
136,900
(주1)
2003년 04월 07일
보통주
1년
주가 안정
-
166,550
-
-
166,550
(주1)(주3)
2003년 04월 23일
보통주
1년
주가 안정
-
211,590
-
-
211,590
(주1)(주4)
2006년 06월 15일
보통주
6개월
주가 안정
-
566,500
-
-
566,500
(주1)
2023년 07월 27일
보통주
6개월
주가안정 및 주주가치 제고
-
690,630
-
-
690,630
-
기타 취득
2008년 12월 30일
보통주
-
합병으로 인한 자사주 편입
-
12,808,480
1,060,055
-
11,748,425
(주1)(주5)(주7)
-
-
-
-
-
-
-
-
-
-
총계
18,344,099
1,092,829
-
17,251,270
-
※ 상기 자기주식 보유현황에 기재된 기말수량은 2025. 3. 7 이사회에서 승인받은 자기주식 보고서 내 수량과 동일합니다.※
(주1)
당사는 2017년 6월 보통주에 대한 5:1의 액면분할을 시행한 바, 상기 '최초취득수량' 및 '기말수량'은 액면분할로 인한 주식수량의 증가를 반영한 수치입니다. (분할 전 액면가: 2,500원 / 분할 후 액면가: 500원)※
(주2)
당사는 2002년 10월 1일을 기준일로 인적분할방식에 의하여 주요제조사업 부문을 분할신설법인인 주식회사 대웅제약으로 이전하였으며. 동 주식수는 분할 전 당사가 체결한 신탁계약등에 의한 취득주식수입니다.※
(주3)
동 계약의 최초체결일은 2001년 4월 6일이며, 상기 공시일자는 '자기주식취득 신탁계약등 연장 결의'에 관한 최초 공시제출일을 기재하였습니다.※
(주4)
동 계약의 최초체결일은 2000년 4월 24일이며, 상기 공시일자는 '자기주식취득 신탁계약등 연장 결의'에 관한 최초 공시제출일을 기재하였습니다.※
(주5)
2009년 4월 1일 대웅화학(주)(舊. 대웅바이오(주))와의 합병으로 인해 자사주로 편입된 주식이며, 작성기준일 현재 기말 보유 수량을 기재하였습니다.
※
(주6)
당사는 2021년 9월 24일 ~ 2022년 9월 20일 기간 중 총 6회에 걸쳐 자기주식의 직접취득분 32,774주를 처분하였으며, 동 내용을 선입선출법에 의해 변동수량 및 기말수량 부분에 반영하였습니다. 처분 목적은 2018년 9월 21일 및 2019년 3월 6일에 직원 대상으로 부여한 주식매수선택권의 행사에 따른 자기주식 교부 입니다. 동 내용에 대한 상세한 사항은 당사의 <주요사항보고서(자기주식처분결정)> 및 <자기주식처분결과보고서>를 참고하여 주시기 바랍니다. (관련공시) 1)
2021.09.28 <자기주식처분결과보고서>
2)
2021.11.01 <자기주식처분결과보고서>
3)
2022.03.11 <자기주식처분결과보고서>
4)
2022.05.13 <자기주식처분결과보고서>
5)
2022.08.14 <자기주식처분결과보고서>
6)
2022.09.27 <자기주식처분결과보고서>
※
(주7)
당사는 2013년 8월 1일, 2016년 3월 3일 자기주식의 기타취득분 각 96,011주, 116,000주를 대웅 우리사주조합 및 사내근로복지기금에 처분하였으며, 동 내용을 선입선출법에 의해 변동수량 및 기말수량 부분에 반영하였습니다. (2017년 6월 5:1 액면분할에 의한 주식수량 증가 반영 시 각 480,055주, 580,000주). 동 내용의 상세한 사항은 당사의 <주요사항보고서(자기주식처분결정)> 및 <자기주식처분결과보고서>를 참고하여 주시기 바랍니다. (관련공시) 1)
2013.08.01 <자기주식처분결과보고서>
2)
2016.03.04 <자기주식처분결과보고서>
(2) 자기주식 보유 목적
당사는 자기주식을 보유함으로써 주주가치를 제고하고, 주가 안정화를 도모하는 것을 주요 목적으로 합니다.
(3) 자기주식 취득 계획보고서 제출일 현재 회사는 자기주식 취득에 대한 구체적인 계획은 수립하고 있지 않습니다. 다만 주식시장의 변동성에 대응하여 주가 및 국내외 증권 시장 동향, 당사의 재무상태, 그리고 주주가치 제고 효과를 종합적으로 고려하여 계획을 수립할 예정입니다. (4) 자기주식 소각 및 처분 계획보고서 제출일 현재 회사는 자기주식 소각 및 처분에 대한 구체적인 계획은 수립하고 있지 않습니다.
(5) 기타 투자자 보호를 위해 필요한 사항향후 자기주식의 취득, 처분 및 소각 등의 계획을 마련하는 경우에는 이를 지체 없이 공시 할 수 있도록 하겠습니다."	ok_sub
20250814004330	한진칼	예	VI-3. 주주총회 등에 관한 사항 중 주주총회 의사록 요약	주요 논의내용 추가 기재	20250318001316	"3. 주주총회 등에 관한 사항
1. 투표제도 현황
(기준일 :
2024년 12월 31일
)
투표제도 종류
집중투표제
서면투표제
전자투표제
도입여부
배제
미도입
미도입
실시여부
-
-
-
2. 소수주주권
공시작성대상기간의 소수주주권 행사 내역은 아래와 같습니다.
행사자
소수주주권 내용
행사목적
진행경과
(유)그레이스홀딩스
주주제안권 (2022.02.11)
제1호 의안 - 정관 일부 변경의 건
- 전자적 방법에 의한 의결권 행사 (제25조의2 신설)
- 이사의 자격 (제30조의3 신설)
- 개정 정관 시행일 관련 (부칙)
제2호 의안 - 사외이사 선임의 건
- 후보자 : 서윤석
- 좌측 주주제안 사항을 제9기 정기주주총회 목적사항으로 상정
주주제안 행사요건을 충족하였고, 주주제안 결격사유가 존재하지 않으므로, 당사 이사회에서 주주제안을 주주총회 안건으로 상정하기로 결의함 (2022.02.23)
(유)그레이스홀딩스
총회 검사인 선임 (2022.03.04)서울중앙지방법원이 지정하는 자를 검사인으로 선임하며, 검사인의 보수는 당사가 부담
- 2022년도 정기주주총회(연기회 및 속회 포함) 관련하여 총회의 소집절차나 결의방법의 적법성을 조사하기 위함
변호사 강대성을 검사인으로 선임 결정 (2022.03.18)
상기 소수주주권 행사 내역 중 주주제안권 관련 상세 내용은 아래와 같습니다.
행사자
안건
목적사항 포함여부
진행경과
(유)그레이스홀딩스
제1호 의안 - 정관 일부 변경의 건
- 전자적 방법에 의한 의결권 행사 (제25조의2 신설)
- 이사의 자격 (제30조의3 신설)
- 개정 정관 시행일 관련 (부칙)
제2호 의안 - 사외이사 선임의 건
- 후보자 : 서윤석
- 제9기 정기주주총회 목적사항으로 상정
- 주주제안접수일 : 2022.02.11- 주주제안 행사요건을 충족하였고, 주주제안 결격사유가 존재하지 않으므로, 당사 이사회에서 주주제안을 주주총회 안건으로 상정하기로 결의함 (2022.02.23)- 총회 검사인 선임 (2022.03.04) : 서울중앙지방법원이 지정하는 자를 검사인으로 선임하며, 검사인의 보수는 당사가 부담-변호사 강대성을 검사인으로 선임 결정 (2022.03.18)
3. 경영권 경쟁
가. 경영권 경쟁의 당사자 : (유)그레이스홀딩스 외 2인
나. 진행 경과 및 종료된 경우 그 결과
일시
내용
2022.03.03
(주)케이씨지아이, 2022년 3월 23일 당사 제9기 정기주주총회시 의결권 행사를 위해 2021년 12월 31일 기준일 현재 의결권 있는 주식을 소유한 전 주주를 대상으로 정태두 외 3인을 대리인으로 하는 의결권 위임 권유 실시
2022.03.04
(유)그레이스홀딩스, 총회 검사인 선임 (2022비합30058) 신청
2022.03.18
(유)그레이스홀딩스가 제기한 총회 검사인 선임 (2022비합30058) 결정
2022.03.28
(유)그레이스홀딩스, (주)호반건설과 보통주 9,400,000주 장외매매계약 및 보통주 1,614,917주, 신주인수권 800,000주 매도청구권계약 체결 공시
2022.04.04
(유)그레이스홀딩스, (주)호반건설에 보통주 9,400,000주 장외매도 완료 공시
2022.09.01
(주)대호개발, (주)대호개발 등 3개사 보통주 10,751,000주 장내매도 완료 공시
다. 회사가 취한 조치 : 공시대상기간 중 해당사항 없음
4. 의결권 현황
(기준일 :
2024년 12월 31일
)
(단위 : 주)
구 분
주식의 종류
주식수
비고
발행주식총수(A)
보통주
66,762,279
-
우선주
536,766
-
의결권없는 주식수(B)
보통주
440,041
-
우선주
536,766
-
정관에 의하여 의결권 행사가 배제된 주식수(C)
보통주
-
-
우선주
-
-
기타 법률에 의하여의결권 행사가 제한된 주식수(D)
보통주
1,997,625
독점규제 및 공정거래에 관한 법률 제25조의 2항에 의한 제한- 정석인하학원 1,268,054주- 정석물류학술재단 637,118주- 일우재단 92,453주
우선주
-
독점규제 및 공정거래에 관한 법률 제25조의 2항에 의한 제한- 정석인하학원 3,349주(우선주 의결권 부활시에만 적용되므로 의결권 현황 주식수 계산에서는 제외)
의결권이 부활된 주식수(E)
보통주
-
-
우선주
-
-
의결권을 행사할 수 있는 주식수(F = A - B - C - D + E)
보통주
64,324,613
-
우선주
-
-
5. 주식 사무
신주인수권의 내용
당사 정관 제8조 (신주발행 및 신주인수권)① 이 회사의 주주는 신주발행에 있어서 그가 소유한 주식수에 비례하여 신주의 배정을 받을 권리를 가진다.② 제1항의 규정에 불구하고 다음 각호의 어느 하나에 해당하는 경우에는 주주 외의 자에게 이사회 결의로 신주를 배정할 수 있다.1. 주주우선공모의 방식으로 신주를 발행하는 경우2. 발행주식총수의 100분의 30을 초과하지 않는 범위 내에서 일반공모의 방식으로 신주를 발행하는 경우3. 발행주식총수의 100분의 30을 초과하지 않는 범위 내에서 긴급한 자금조달을 위하여 국내외 금융기관 또는 기관투자자에게 신주를 발행하는 경우4. 발행주식총수의 100분의 30을 초과하지 않는 범위 내에서 사업상 중요한 기술도입, 연구개발, 생산·판매·자본제휴를 위하여 그 상대방에게 신주를 발행하는 경우5. 발행주식총수의 100분의 30을 초과하지 않는 범위 내에서 주식예탁증서(DR) 발행에 따라 신주를 발행하는 경우6. 발행주식총수의 100분의 30을 초과하지 않는 범위 내에서 외국인투자촉진법에 의한 외국인 투자를 위하여 그 상대방에게 신주를 발행하는 경우③ 제1항 및 제2항의 규정에도 불구하고 이 회사가 독점규제및공정거래에관한법률상의 자회사의 주식을 추가로 취득하기 위하여, 또는 다른 회사를 독점규제및공정거래에관한법률상의 자회사로 만들기 위하여 당해 회사의 주식을 현물출자 받는 경우에는 당해 주식을 소유한 자에게 이사회 결의에 의해 신주를 배정할 수 있다.④ 제2항 및 제3항에 따라 주주 외의 자에게 신주를 배정하는 경우 상법 제416조 제1호, 제2호, 제2호의2, 제3호 및 제4호에서 정하는 사항을 그 납입기일의 2주 전까지 주주에게 통지하거나 공고하여야 한다.⑤ 제2항 각호 및 제3항의 어느 하나의 방식에 의해 신주를 발행할 경우에는 발행할 주식의 종류와 수 및 발행가격 등은 이사회의 결의로 정한다.⑥ 주주가 신주인수권을 포기 또는 상실하거나 신주배정에서 단주가 발생하는 경우에 그 처리방법은 이사회의 결의로 정한다.
결 산 일
12월 31일
정기주주총회
3월중
주주명부폐쇄기준일
당사 정관 제13조 (주주명부의 폐쇄 및 기준일)
① 이 회사는 매년 1월 1일부터 1월 7일까지 권리에 관한 주주명부의 기재변경을 정지한다.
② 이 회사는 매년 12월 31일 최종의 주주명부에 기재되어 있는 주주를 그 결산기에 관한 정기주주총회에서 권리를 행사할 주주로 한다.
③ 이 회사는 임시주주총회의 소집 기타 필요한 경우 이사회의 결의로 3개월을 경과하지 아니하는 일정한 기간을 정하여 권리에 대한 주주명부의 기재변경을 정지하거나 이사회의 결의로 정한 날에 주주명부에 기재되어 있는 주주를 그 권리를 행사할 주주로 할 수 있으며, 이사회가 필요하다고 인정하는 경우에는 주주명부의 기재변경 정지와 기준일의 지정을 함께 할 수 있다. 회사는 이를 2주간 전에 공고하여야 한다.
주권의 종류
-
명의개서대리인
한국예탁결제원(서울특별시 영등포구 여의2길 22-1 / 02-3774-3000)
주주의 특전
없음
공고게재신문
한국, 동아
주1) 당사 공고는 본 회사의 인터넷 홈페이지(http://www.hanjinkal.co.kr)에 게재합니다. 다만, 전산장애 또는 그의 부득이한 사유로 본 회사의 인터넷 홈페이지에 공고를 할 수 없을 때에는 서울특별시에서 발행되는 한국일보 및 동아일보에 합니다. (상법 제289조 제3항 및 당사 정관 제4조에 의거)주2) '주식ㆍ사채 등의 전자등록에 관한 법률'에 따라 주권 및 신주인수권증서에 표시되어야 할 권리가 의무적으로 전자등록됨에 따라 '주권의 종류'를 기재하지 않습니다.
6. 주주총회 의사록 요약
주총정보
안건
결의 내용
주요 논의내용
제9기주주총회(2022.3.23)
○ 제1호 의안 : 제9기 재무제표(이익잉여금처분계산서 포함) 및 연결재무제표 승인의 건
가결
○ 제2호 의안 : 사외이사 선임의 건
-
- 제2-1호 의안 : 사외이사 주인기 선임의 건
가결
- 제2-2호 의안 : 사외이사 주순식 선임의 건
가결
- 제2-3호 의안 : 사외이사 신성환 선임의 건
안건 폐기
- 후보자 자진 사퇴로 인한 폐기
- 제2-4호 의안 : 사외이사 서윤석 선임의 건 (그레이스홀딩스의 주주제안)
부결
- 주주제안자의 별도 설명 없이 표결 진행
○ 제3호 의안 : 사내이사 류경표 선임의 건
가결
○ 제4호 의안 : 사외이사인 감사위원 선임의 건
-
- 제4-1호 의안 : 사외이사인 감사위원 최방길 선임의 건
가결
- 제4-2호 의안 : 사외이사인 감사위원 한재준 선임의 건
가결
○ 제5호 의안 : 정관 일부 변경의 건 (그레이스홀딩스의 주주제안)
-
- 주주제안자의 안건 설명 내용 : 경영 투명성, 주주총회 효율성, 주주 권익 제고, 책임 및 준법경영을 위해 정관 변경 제안함- 찬반 토론 내용 : 주주제안 안건 중 이사의 자격 관련 안건은 경영능력과 무관하며, 경영권 분쟁에 활용 될 가능성이 있다는 취지로 주주 반대의견 발언 (별도 결론 없이 표결 진행)
- 제5-1호 의안 : 전자적 방법에 의한 의결권 행사 관련 (제25조의 2)
부결
- 제5-2호 의안 : 이사의 자격 관련 (제30조의 3)
부결
- 제5-3호 의안 : 개정 정관 시행일 관련 (부칙)
부결
○ 제6호 의안 : 이사 보수한도 승인의 건
가결
제10기주주총회(2023.3.22)
○ 제1호 의안 : 제10기 재무제표(이익잉여금처분계산서 포함) 및 연결재무제표 승인의 건
가결
○ 제2호 의안 : 사외이사 선임의 건
-
- 제2-1호 의안 : 사외이사 김석동 선임의 건
가결
- 제2-2호 의안 : 사외이사 박영석 선임의 건
가결
- 제2-3호 의안 : 사외이사 최윤희 선임의 건
가결
○ 제3호 의안 : 사내이사 선임의 건
-
- 제3-1호 의안 : 사내이사 조원태 선임의 건
가결
- 제3-2호 의안 : 사내이사 하은용 선임의 건
가결
○ 제4호 의안 : 정관 일부 변경의 건
-
- 제4-1호 의안 : 이사 수 상한 도입 관련 (제29조)
가결
- 제4-2호 의안 : 사채(BW) 발행한도 확대 관련 (제15조, 제16조)
가결
- 제4-3호 의안 : 사내 직위 기재사항 삭제 관련 (제34조, 제35조)
가결
- 제4-4호 의안 : 상임법률고문 선임 권한 조정 관련 (제34조)
가결
- 제4-5호 의안 : 개정 정관 시행일 관련 (부칙)
가결
○ 제5호 의안 : 이사 보수한도 승인의 건
가결
제11기주주총회(2024.3.21)
○ 제1호 의안 : 제11기 재무제표(이익잉여금처분계산서 포함) 및 연결재무제표 승인의 건
가결
○ 제2호 의안 : 사외이사 선임의 건
-
- 제2-1호 의안 : 사외이사 배성례 선임의 건
가결
- 제2-2호 의안 : 사외이사 홍동표 선임의 건
가결
○ 제3호 의안 : 사외이사인 감사위원 선임의 건
-
- 제3-1호 의안 : 사외이사인 감사위원 박영석 선임의 건
가결
- 제3-2호 의안 : 사외이사인 감사위원 홍동표 선임의 건
가결
○ 제4호 의안 : 감사위원이 되는 사외이사 송백훈 선임의 건
가결
○ 제5호 의안 : 이사 보수한도 승인의 건
가결"	"3. 주주총회 등에 관한 사항
1. 투표제도 현황
(기준일 :
2024년 12월 31일
)
투표제도 종류
집중투표제
서면투표제
전자투표제
도입여부
배제
미도입
미도입
실시여부
-
-
-
2. 소수주주권
공시작성대상기간의 소수주주권 행사 내역은 아래와 같습니다.
행사자
소수주주권 내용
행사목적
진행경과
(유)그레이스홀딩스
주주제안권 (2022.02.11)
제1호 의안 - 정관 일부 변경의 건
- 전자적 방법에 의한 의결권 행사 (제25조의2 신설)
- 이사의 자격 (제30조의3 신설)
- 개정 정관 시행일 관련 (부칙)
제2호 의안 - 사외이사 선임의 건
- 후보자 : 서윤석
- 좌측 주주제안 사항을 제9기 정기주주총회 목적사항으로 상정
주주제안 행사요건을 충족하였고, 주주제안 결격사유가 존재하지 않으므로, 당사 이사회에서 주주제안을 주주총회 안건으로 상정하기로 결의함 (2022.02.23)
(유)그레이스홀딩스
총회 검사인 선임 (2022.03.04)서울중앙지방법원이 지정하는 자를 검사인으로 선임하며, 검사인의 보수는 당사가 부담
- 2022년도 정기주주총회(연기회 및 속회 포함) 관련하여 총회의 소집절차나 결의방법의 적법성을 조사하기 위함
변호사 강대성을 검사인으로 선임 결정 (2022.03.18)
상기 소수주주권 행사 내역 중 주주제안권 관련 상세 내용은 아래와 같습니다.
행사자
안건
목적사항 포함여부
진행경과
(유)그레이스홀딩스
제1호 의안 - 정관 일부 변경의 건
- 전자적 방법에 의한 의결권 행사 (제25조의2 신설)
- 이사의 자격 (제30조의3 신설)
- 개정 정관 시행일 관련 (부칙)
제2호 의안 - 사외이사 선임의 건
- 후보자 : 서윤석
- 제9기 정기주주총회 목적사항으로 상정
- 주주제안접수일 : 2022.02.11- 주주제안 행사요건을 충족하였고, 주주제안 결격사유가 존재하지 않으므로, 당사 이사회에서 주주제안을 주주총회 안건으로 상정하기로 결의함 (2022.02.23)- 총회 검사인 선임 (2022.03.04) : 서울중앙지방법원이 지정하는 자를 검사인으로 선임하며, 검사인의 보수는 당사가 부담-변호사 강대성을 검사인으로 선임 결정 (2022.03.18)
3. 경영권 경쟁
가. 경영권 경쟁의 당사자 : (유)그레이스홀딩스 외 2인
나. 진행 경과 및 종료된 경우 그 결과
일시
내용
2022.03.03
(주)케이씨지아이, 2022년 3월 23일 당사 제9기 정기주주총회시 의결권 행사를 위해 2021년 12월 31일 기준일 현재 의결권 있는 주식을 소유한 전 주주를 대상으로 정태두 외 3인을 대리인으로 하는 의결권 위임 권유 실시
2022.03.04
(유)그레이스홀딩스, 총회 검사인 선임 (2022비합30058) 신청
2022.03.18
(유)그레이스홀딩스가 제기한 총회 검사인 선임 (2022비합30058) 결정
2022.03.28
(유)그레이스홀딩스, (주)호반건설과 보통주 9,400,000주 장외매매계약 및 보통주 1,614,917주, 신주인수권 800,000주 매도청구권계약 체결 공시
2022.04.04
(유)그레이스홀딩스, (주)호반건설에 보통주 9,400,000주 장외매도 완료 공시
2022.09.01
(주)대호개발, (주)대호개발 등 3개사 보통주 10,751,000주 장내매도 완료 공시
다. 회사가 취한 조치 : 공시대상기간 중 해당사항 없음
4. 의결권 현황
(기준일 :
2024년 12월 31일
)
(단위 : 주)
구 분
주식의 종류
주식수
비고
발행주식총수(A)
보통주
66,762,279
-
우선주
536,766
-
의결권없는 주식수(B)
보통주
440,041
-
우선주
536,766
-
정관에 의하여 의결권 행사가 배제된 주식수(C)
보통주
-
-
우선주
-
-
기타 법률에 의하여의결권 행사가 제한된 주식수(D)
보통주
1,997,625
독점규제 및 공정거래에 관한 법률 제25조의 2항에 의한 제한- 정석인하학원 1,268,054주- 정석물류학술재단 637,118주- 일우재단 92,453주
우선주
-
독점규제 및 공정거래에 관한 법률 제25조의 2항에 의한 제한- 정석인하학원 3,349주(우선주 의결권 부활시에만 적용되므로 의결권 현황 주식수 계산에서는 제외)
의결권이 부활된 주식수(E)
보통주
-
-
우선주
-
-
의결권을 행사할 수 있는 주식수(F = A - B - C - D + E)
보통주
64,324,613
-
우선주
-
-
5. 주식 사무
신주인수권의 내용
당사 정관 제8조 (신주발행 및 신주인수권)① 이 회사의 주주는 신주발행에 있어서 그가 소유한 주식수에 비례하여 신주의 배정을 받을 권리를 가진다.② 제1항의 규정에 불구하고 다음 각호의 어느 하나에 해당하는 경우에는 주주 외의 자에게 이사회 결의로 신주를 배정할 수 있다.1. 주주우선공모의 방식으로 신주를 발행하는 경우2. 발행주식총수의 100분의 30을 초과하지 않는 범위 내에서 일반공모의 방식으로 신주를 발행하는 경우3. 발행주식총수의 100분의 30을 초과하지 않는 범위 내에서 긴급한 자금조달을 위하여 국내외 금융기관 또는 기관투자자에게 신주를 발행하는 경우4. 발행주식총수의 100분의 30을 초과하지 않는 범위 내에서 사업상 중요한 기술도입, 연구개발, 생산·판매·자본제휴를 위하여 그 상대방에게 신주를 발행하는 경우5. 발행주식총수의 100분의 30을 초과하지 않는 범위 내에서 주식예탁증서(DR) 발행에 따라 신주를 발행하는 경우6. 발행주식총수의 100분의 30을 초과하지 않는 범위 내에서 외국인투자촉진법에 의한 외국인 투자를 위하여 그 상대방에게 신주를 발행하는 경우③ 제1항 및 제2항의 규정에도 불구하고 이 회사가 독점규제및공정거래에관한법률상의 자회사의 주식을 추가로 취득하기 위하여, 또는 다른 회사를 독점규제및공정거래에관한법률상의 자회사로 만들기 위하여 당해 회사의 주식을 현물출자 받는 경우에는 당해 주식을 소유한 자에게 이사회 결의에 의해 신주를 배정할 수 있다.④ 제2항 및 제3항에 따라 주주 외의 자에게 신주를 배정하는 경우 상법 제416조 제1호, 제2호, 제2호의2, 제3호 및 제4호에서 정하는 사항을 그 납입기일의 2주 전까지 주주에게 통지하거나 공고하여야 한다.⑤ 제2항 각호 및 제3항의 어느 하나의 방식에 의해 신주를 발행할 경우에는 발행할 주식의 종류와 수 및 발행가격 등은 이사회의 결의로 정한다.⑥ 주주가 신주인수권을 포기 또는 상실하거나 신주배정에서 단주가 발생하는 경우에 그 처리방법은 이사회의 결의로 정한다.
결 산 일
12월 31일
정기주주총회
3월중
주주명부폐쇄기준일
당사 정관 제13조 (주주명부의 폐쇄 및 기준일)
① 이 회사는 매년 1월 1일부터 1월 7일까지 권리에 관한 주주명부의 기재변경을 정지한다.
② 이 회사는 매년 12월 31일 최종의 주주명부에 기재되어 있는 주주를 그 결산기에 관한 정기주주총회에서 권리를 행사할 주주로 한다.
③ 이 회사는 임시주주총회의 소집 기타 필요한 경우 이사회의 결의로 3개월을 경과하지 아니하는 일정한 기간을 정하여 권리에 대한 주주명부의 기재변경을 정지하거나 이사회의 결의로 정한 날에 주주명부에 기재되어 있는 주주를 그 권리를 행사할 주주로 할 수 있으며, 이사회가 필요하다고 인정하는 경우에는 주주명부의 기재변경 정지와 기준일의 지정을 함께 할 수 있다. 회사는 이를 2주간 전에 공고하여야 한다.
주권의 종류
-
명의개서대리인
한국예탁결제원(서울특별시 영등포구 여의2길 22-1 / 02-3774-3000)
주주의 특전
없음
공고게재신문
한국, 동아
주1) 당사 공고는 본 회사의 인터넷 홈페이지(http://www.hanjinkal.co.kr)에 게재합니다. 다만, 전산장애 또는 그의 부득이한 사유로 본 회사의 인터넷 홈페이지에 공고를 할 수 없을 때에는 서울특별시에서 발행되는 한국일보 및 동아일보에 합니다. (상법 제289조 제3항 및 당사 정관 제4조에 의거)주2) '주식ㆍ사채 등의 전자등록에 관한 법률'에 따라 주권 및 신주인수권증서에 표시되어야 할 권리가 의무적으로 전자등록됨에 따라 '주권의 종류'를 기재하지 않습니다.
6. 주주총회 의사록 요약
주총정보
안건
결의 내용
주요 논의내용
제9기정기 주주총회(2022.3.23)
○ 제1호 의안 : 제9기 재무제표(이익잉여금처분계산서 포함) 및 연결재무제표 승인의 건
가결
○ 9기 영업 성과 설명 ※ 배당 미실시
○ 제2호 의안 : 사외이사 선임의 건
-
○ 사외이사 후보 추천 사유 설명 (주인기, 주순식)○ 신성환 후보자 자진 사퇴로 인한 안건 폐기 (제2-3호 의안)○ 제2-4호 의안 : 주주제안자의 별도 설명 없이 표결 진행
- 제2-1호 의안 : 사외이사 주인기 선임의 건
가결
- 제2-2호 의안 : 사외이사 주순식 선임의 건
가결
- 제2-3호 의안 : 사외이사 신성환 선임의 건
안건 폐기
- 제2-4호 의안 : 사외이사 서윤석 선임의 건 (그레이스홀딩스의 주주제안)
부결
○ 제3호 의안 : 사내이사 류경표 선임의 건
가결
○ 사내이사 후보 추천 사유 설명(류경표)
○ 제4호 의안 : 사외이사인 감사위원 선임의 건
-
○ 감사위원 후보 추천 사유 설명 (최방길, 한재준)
- 제4-1호 의안 : 사외이사인 감사위원 최방길 선임의 건
가결
- 제4-2호 의안 : 사외이사인 감사위원 한재준 선임의 건
가결
○ 제5호 의안 : 정관 일부 변경의 건 (그레이스홀딩스의 주주제안)
-
○ 주주제안자의 안건 설명 내용 : 경영 투명성, 주주총회 효율성, 주주 권익 제고, 책임 및 준법경영을 위해 정관 변경 제안함○ 찬반 토론 내용 : 주주제안 안건 중 이사의 자격 관련 안건은 경영능력과 무관하며, 경영권 분쟁에 활용 될 가능성이 있다는 취지로 주주 반대의견 발언 (별도 결론 없이 표결 진행)
- 제5-1호 의안 : 전자적 방법에 의한 의결권 행사 관련 (제25조의 2)
부결
- 제5-2호 의안 : 이사의 자격 관련 (제30조의 3)
부결
- 제5-3호 의안 : 개정 정관 시행일 관련 (부칙)
부결
○ 제6호 의안 : 이사 보수한도 승인의 건
가결
○ 보수한도 산정 배경 설명○ 50억원 한도 내에서 지급
제10기정기 주주총회
(2023.3.22)
○ 제1호 의안 : 제10기 재무제표(이익잉여금처분계산서 포함) 및 연결재무제표 승인의 건
가결
○ 10기 영업 성과 및 배당 설명 ※ 현금배당 : 보통주 170원 / 우선주 195원
○ 제2호 의안 : 사외이사 선임의 건
-
○ 사외이사 후보 추천 사유 설명 (김석동, 박영석, 최윤희)
- 제2-1호 의안 : 사외이사 김석동 선임의 건
가결
- 제2-2호 의안 : 사외이사 박영석 선임의 건
가결
- 제2-3호 의안 : 사외이사 최윤희 선임의 건
가결
○ 제3호 의안 : 사내이사 선임의 건
-
○ 사내이사 후보 추천 사유 설명 (조원태, 하은용)
- 제3-1호 의안 : 사내이사 조원태 선임의 건
가결
- 제3-2호 의안 : 사내이사 하은용 선임의 건
가결
○ 제4호 의안 : 정관 일부 변경의 건
-
○ 정관 변경 배경 및 내용 설명 - 이사 수 상한 도입 (11인 이내) - 자구 수정 및 신주인수권부사채 발행한도 증액(6,000억원) - 개정 정관 시행일 명시
- 제4-1호 의안 : 이사 수 상한 도입 관련 (제29조)
가결
- 제4-2호 의안 : 사채(BW) 발행한도 확대 관련 (제15조, 제16조)
가결
- 제4-3호 의안 : 사내 직위 기재사항 삭제 관련 (제34조, 제35조)
가결
- 제4-4호 의안 : 상임법률고문 선임 권한 조정 관련 (제34조)
가결
- 제4-5호 의안 : 개정 정관 시행일 관련 (부칙)
가결
○ 제5호 의안 : 이사 보수한도 승인의 건
가결
○ 보수한도 산정 배경 설명○ 90억원 한도 내에서 지급
제11기정기 주주총회
(2024.3.21)
○ 제1호 의안 : 제11기 재무제표(이익잉여금처분계산서 포함) 및 연결재무제표 승인의 건
가결
○ 11기 영업 성과 및 배당 설명 ※ 현금배당 : 보통주 300원 / 우선주 325원
○ 제2호 의안 : 사외이사 선임의 건
-
○ 사외이사 후보 추천 사유 설명 (배성례, 홍동표)
- 제2-1호 의안 : 사외이사 배성례 선임의 건
가결
- 제2-2호 의안 : 사외이사 홍동표 선임의 건
가결
○ 제3호 의안 : 사외이사인 감사위원 선임의 건
-
○ 감사위원 후보 추천 사유 설명 (박영석, 홍동표)
- 제3-1호 의안 : 사외이사인 감사위원 박영석 선임의 건
가결
- 제3-2호 의안 : 사외이사인 감사위원 홍동표 선임의 건
가결
○ 제4호 의안 : 감사위원이 되는 사외이사 송백훈 선임의 건
가결
○ 분리선출 감사위원 후보 추천 사유 설명 (송백훈)
○ 제5호 의안 : 이사 보수한도 승인의 건
가결
○ 보수한도 산정 배경 설명○ 90억원 한도 내에서 지급"	ok
20250814004283	삼성바이오로직스	예	XI. 1. 공시내용 진행 및 변경사항	단일판매·공급계약 체결 공시관련 향후 추진계획 등 보완	20250306000580	"1. 공시내용 진행 및 변경사항
가. 공시내용 진행 및 변경사항
신고일자
제 목
신 고 내 용
신고사항의 진행상황
'23.10.25
장래사업ㆍ경영 계획
o 제2바이오캠퍼스 투자계획 개요 - 목적 : 당사 주력사업 경쟁력 강화 - 내용 :
당사는 '22년 7월 매입한 제2바이오캠퍼스 부지에 '32년까지 5~8공장 건설 계획
(6~8공장의 구체적인 투자 계획은 변동 가능) - 투자금액 :
약 7.5조원
(부지매입비용 및 5공장 투자비를 포함한 투자금액)
- 기대효과 : 바이오의약품 생산시설 확대를 통한 사업역량 제고
o 진행중 - 제2바이오캠퍼스 부지 내 첫번째 생산시설인 5공장을 '25년 4월 완공 목표로 건설 중
나. 단일판매·공급계약체결 공시의 진행현황
(단위: 백만 달러, %)
신고일자
계약내역
계약금액
판매·공급계약
대금수령금액
총액
당기
누적
당기
누적
2016.11.16
- 계약명 : 의약품 위탁생산계약- 계약상대방 : Cilag GmbH International- 계약기간 : '16.11.15 ~ 종료일(공시 유보)
373.0
100%
100%
100%
100%
2017.07.04
- 계약명 : 의약품 위탁생산계약- 계약상대방 : Sun Pharma Global FZE- 계약기간 : '17.07.04 ~ 종료일(공시 유보)
55.5
100%
100%
100%
100%
2017.07.21
- 계약명 : 의약품 위탁생산계약- 계약상대방 : Baxter Healthcare Corporation- 계약기간 : '17.07.20 ~ '34.12.31
223.0
100%
100%
100%
100%
2017.12.21
- 계약명 : 의약품 위탁생산계약- 계약상대방 : UCB- 계약기간 : '17.12.21 ~ '30.12.31
394.3
100%
100%
100%
100%
2018.02.22
- 계약명 : 의약품 위탁생산계약- 계약상대방 : TG Therapeutics, Inc.- 계약기간 : '18.02.21 ~ '26.12.31
50.3
100%
100%
100%
100%
2018.04.30
- 계약명 : 의약품 위탁생산계약- 계약상대방 : 글로벌 제약사의 스위스 소재 자회사- 계약기간 : '18.04.30 ~ '27.12.31
457.1
100%
100%
100%
100%
2018.06.01
- 계약명 : 의약품 위탁생산계약- 계약상대방 : Ichnos Sciences - 계약기간 : '17.09.05 ~ 종료일(공시 유보)
15.1
100%
100%
100%
100%
2018.08.14
- 계약명 : 의약품 위탁생산계약- 계약상대방 : 아시아 소재 제약사- 계약기간 : '18.08.14 ~ 종료일(공시 유보)
127.6
100%
100%
100%
100%
2018.09.12
- 계약명 : 의약품 위탁생산계약- 계약상대방 : Gilead Sciences, Inc.- 계약기간 : '18.09.11 ~ '25.12.31
266.5
100%
100%
100%
100%
2019.04.26
- 계약명 : 의약품 위탁생산계약- 계약상대방 : 아시아 소재 제약사- 계약기간 : '19.04.26 ~ 종료일(공시 유보)
42.2
100%
100%
100%
100%
2019.04.26
- 계약명 : 의약품 위탁생산계약- 계약상대방 : 아시아 소재 제약사- 계약기간 : '19.04.26 ~ 종료일(공시 유보)
105.6
100%
100%
100%
100%
2019.05.14
- 계약명 : 의약품 위탁생산계약- 계약상대방 : 아시아 소재 제약사- 계약기간 : '19.05.14 ~ 종료일(공시 유보)
42.7
100%
100%
100%
100%
2019.05.17
- 계약명 : 의약품 위탁생산계약- 계약상대방 : UCB- 계약기간 : '19.05.17 ~ 종료일(공시 유보)
33.8
100%
100%
100%
100%
2019.11.28
- 계약명 : 의약품 위탁생산계약- 계약상대방 : 아시아 소재 제약사- 계약기간 : '19.11.28 ~ 종료일(공시 유보)
55.0
100%
100%
100%
100%
2019.12.03
- 계약명 : 의약품 위탁생산계약- 계약상대방 : 미국 소재 제약사- 계약기간 : '19.12.03 ~ '26.12.31
58.2
100%
100%
100%
100%
2020.05.22
- 계약명 : 의약품 위탁생산계약- 계약상대방 : GlaxoSmithKline Trading Services Limited- 계약기간 : '20.05.21 ~ '28.12.31
591.1
100%
100%
100%
100%
2020.07.20
- 계약명 : 의약품 위탁생산계약- 계약상대방 : H. Lundbeck A/S- 계약기간 : '19.09.27 ~ '31.12.31
27.9
100%
100%
100%
100%
2020.07.28
- 계약명 : 의약품 위탁생산계약- 계약상대방 : Eli Lilly and Company- 계약기간 : '20.07.21 ~ '26.08.30
268.3
100%
100%
100%
100%
2020.08.04
- 계약명 : 의약품 위탁생산계약- 계약상대방 : Immunovant Sciences GmbH- 계약기간 : '18.12.18 ~ '29.12.31
43.5
100%
100%
100%
100%
2020.08.05
- 계약명 : 의약품 위탁생산계약- 계약상대방 : GlaxoSmithKline Trading Services Limited- 계약기간 : '20.04.09 ~ '24.12.31
183.9
100%
100%
100%
100%
2020.09.22
- 계약명 : 의약품 위탁생산계약- 계약상대방 : AstraZeneca AB- 계약기간 : '20.06.23 ~ '28.12.31
377.5
100%
100%
100%
100%
2020.11.03
- 계약명 : 의약품 위탁생산계약- 계약상대방 : 미국 소재 제약사- 계약기간 : '20.10.28 ~ '30.12.31
28.7
100%
100%
100%
100%
2021.01.15
- 계약명 : 의약품 위탁생산계약- 계약상대방 : F.Hoffmann-La Roche Ltd- 계약기간 : '20.06.01 ~ '28.12.31
219.4
100%
100%
100%
100%
2021.01.15
- 계약명 : 의약품 위탁생산계약- 계약상대방 : F.Hoffmann-La Roche Ltd- 계약기간 : '20.06.01 ~ '25.12.31
550.2
100%
100%
100%
100%
2022.03.28
- 계약명 : 의약품 위탁생산계약- 계약상대방 : Eli Lilly Kinsale Limited - 계약기간 : '19.12.20 ~ '29.12.31
479.0
100%
100%
100%
100%
2022.07.04
- 계약명 : 의약품 위탁생산계약- 계약상대방 : MSD International Business GmbH- 계약기간 : '22.07.01 ~ '30.12.31
263.6
100%
100%
100%
100%
2022.10.20
- 계약명 : 의약품 위탁생산계약- 계약상대방 : GlaxoSmithKline Trading Service Limited- 계약기간 : '22.10.11 ~ '30.12.31
296.1
100%
100%
100%
100%
2023.03.02
- 계약명 : 의약품 위탁생산계약- 계약상대방 : Pfizer Ireland Pharmaceuticals- 계약기간 : '23.02.20 ~ '29.12.31
375.4
100%
100%
100%
100%
2023.07.04
- 계약명 : 의약품 위탁생산계약- 계약상대방 : Pfizer Ireland Pharmaceuticals- 계약기간 : '23.06.30 ~ '29.12.31
704.4
100%
100%
100%
100%
2023.07.10
- 계약명 : 의약품 위탁생산계약- 계약상대방 : Novartis Pharma AG- 계약기간 : '23.01.01 ~ '28.12.31
390.9
100%
100%
100%
100%
2023.09.18
- 계약명 : 의약품 위탁생산계약- 계약상대방 : SWORDS LABORATORIES UNLIMITED
COMPANY, DUBLIN,BOUDRY BRANCH
- 계약기간 : '23.09.17 ~ '30.12.31
270.6
100%
100%
100%
100%
2023.11.28
- 계약명 : 의약품 위탁생산계약- 계약상대방 : 아시아 소재 제약사- 계약기간 : '19.08.01 ~
종료일(공시 유보)
451.3
100%
100%
100%
100%
2024.03.12
- 계약명 : 의약품 위탁생산계약- 계약상대방 : Merck Sharp & Dohme (Switzerland) GmbH- 계약기간 : '24.03.01 ~ '32.12.31
188.2
100%
100%
100%
100%
2024.06.25
- 계약명 : 의약품 위탁생산계약- 계약상대방 : Kiniksa Pharmaceuticals (UK), Ltd- 계약기간 : '24.06.21 ~ '31.12.31
152.2
100%
100%
100%
100%
2024.07.02
- 계약명 : 의약품 위탁생산계약- 계약상대방 : 미국 소재 제약사 - 계약기간 : '24.06.27 ~ '30.12.31
1,060.0
100%
100%
100%
100%
2024.09.13
- 계약명 : 의약품 위탁생산계약- 계약상대방 : 아시아 소재 제약사- 계약기간 : '23.06.02 ~ '28.12.31
88.9
100%
100%
100%
100%
2024.10.22
- 계약명 : 의약품 위탁생산계약- 계약상대방 : 아시아 소재 제약사- 계약기간 : '24.10.22 ~ '37.12.31
1,242.6
100%
100%
100%
100%
2024.11.20
- 계약명 : 의약품 위탁생산계약- 계약상대방 : 유럽 소재 제약사- 계약기간 : '24.11.14 ~ '31.12.31
540.5
100%
100%
100%
100%
2024.11.20
- 계약명 : 의약품 위탁생산계약- 계약상대방 : 유럽 소재 제약사- 계약기간 : '24.11.14 ~ '31.12.31
127.9
100%
100%
100%
100%
2024.12.17
- 계약명 : 의약품 위탁생산계약- 계약상대방 : 미국 소재 제약사- 계약기간 : '24.12.17 ~ '30.10.02
77.5
100%
100%
100%
100%
2025.01.14
- 계약명 : 의약품 위탁생산계약- 계약상대방 : 유럽 소재 제약사- 계약기간 : '24.12.13 ~ '30.12.31
1,410.1
100%
100%
100%
100%
※ 각 계약별 판매·공급계약과 대금수령금액의 당기 및 누적 금액은 계약상대방과의 계약에 따라 영업기밀에 해당하여 이행율을 기재하였습니다. 이행율은 계약서 및 당사 생산 일정 등을 고려한 당기 및 누적 판매
ㆍ
공급계약 및 대금수령금액 기준입니다.
※ 당사의 '단일판매
ㆍ
공급계약' 공시의 계약금액은 계약상대방과의 계약 상 최소 구매 보장 물량을 기준으로 기재하여, 미이행 위험이 낮습니다. 또한 기존 공시 건에 대하여 계약 기간, 최소 구매 보장 물량 등을 조정하는 계약 체결 시, 유가증권시장 공시규정 제45조에 따라 체결일 당일 공시 중입니다.
※ 당사가 체결한 전체 바이오의약품 위탁생산 계약에 대하여 최소 구매 보장 물량 기준과 고객사 제품개발 성공 시 예상 수요물량 기준으로 'Ⅱ. 사업의 내용 - 4. 매출 및 수주상황 - 마. 수주상황'에 수주총액, 기납품액, 수주잔고를 기재 중입니다."	"1. 공시내용 진행 및 변경사항
가. 공시내용 진행 및 변경사항
신고일자
제 목
신 고 내 용
신고사항의 진행상황
'23.10.25
장래사업ㆍ경영 계획
o 제2바이오캠퍼스 투자계획 개요 - 목적 : 당사 주력사업 경쟁력 강화 - 내용 :
당사는 '22년 7월 매입한 제2바이오캠퍼스 부지에 '32년까지 5~8공장 건설 계획
(6~8공장의 구체적인 투자 계획은 변동 가능) - 투자금액 :
약 7.5조원
(부지매입비용 및 5공장 투자비를 포함한 투자금액)
- 기대효과 : 바이오의약품 생산시설 확대를 통한 사업역량 제고
o 진행중 - 제2바이오캠퍼스 부지 내 첫번째 생산시설인 5공장을 '25년 4월 완공 목표로 건설 중
나. 단일판매·공급계약체결 공시의 진행현황
(단위: 백만 달러, %)
신고일자
계약내역
계약금액
판매·공급계약
대금수령금액
총액
당기
누적
당기
누적
2016.11.16
- 계약명 : 의약품 위탁생산계약- 계약상대방 : Cilag GmbH International- 계약기간 : '16.11.15 ~ 종료일(공시 유보)
373.0
100%
100%
100%
100%
2017.07.04
- 계약명 : 의약품 위탁생산계약- 계약상대방 : Sun Pharma Global FZE- 계약기간 : '17.07.04 ~ 종료일(공시 유보)
55.5
100%
100%
100%
100%
2017.07.21
- 계약명 : 의약품 위탁생산계약- 계약상대방 : Baxter Healthcare Corporation- 계약기간 : '17.07.20 ~ '34.12.31
223.0
100%
100%
100%
100%
2017.12.21
- 계약명 : 의약품 위탁생산계약- 계약상대방 : UCB- 계약기간 : '17.12.21 ~ '30.12.31
394.3
100%
100%
100%
100%
2018.02.22
- 계약명 : 의약품 위탁생산계약- 계약상대방 : TG Therapeutics, Inc.- 계약기간 : '18.02.21 ~ '26.12.31
50.3
100%
100%
100%
100%
2018.04.30
- 계약명 : 의약품 위탁생산계약- 계약상대방 : 글로벌 제약사의 스위스 소재 자회사- 계약기간 : '18.04.30 ~ '27.12.31
457.1
100%
100%
100%
100%
2018.06.01
- 계약명 : 의약품 위탁생산계약- 계약상대방 : Ichnos Sciences - 계약기간 : '17.09.05 ~ 종료일(공시 유보)
15.1
100%
100%
100%
100%
2018.08.14
- 계약명 : 의약품 위탁생산계약- 계약상대방 : 아시아 소재 제약사- 계약기간 : '18.08.14 ~ 종료일(공시 유보)
127.6
100%
100%
100%
100%
2018.09.12
- 계약명 : 의약품 위탁생산계약- 계약상대방 : Gilead Sciences, Inc.- 계약기간 : '18.09.11 ~ '25.12.31
266.5
100%
100%
100%
100%
2019.04.26
- 계약명 : 의약품 위탁생산계약- 계약상대방 : 아시아 소재 제약사- 계약기간 : '19.04.26 ~ 종료일(공시 유보)
42.2
100%
100%
100%
100%
2019.04.26
- 계약명 : 의약품 위탁생산계약- 계약상대방 : 아시아 소재 제약사- 계약기간 : '19.04.26 ~ 종료일(공시 유보)
105.6
100%
100%
100%
100%
2019.05.14
- 계약명 : 의약품 위탁생산계약- 계약상대방 : 아시아 소재 제약사- 계약기간 : '19.05.14 ~ 종료일(공시 유보)
42.7
100%
100%
100%
100%
2019.05.17
- 계약명 : 의약품 위탁생산계약- 계약상대방 : UCB- 계약기간 : '19.05.17 ~ 종료일(공시 유보)
33.8
100%
100%
100%
100%
2019.11.28
- 계약명 : 의약품 위탁생산계약- 계약상대방 : 아시아 소재 제약사- 계약기간 : '19.11.28 ~ 종료일(공시 유보)
55.0
100%
100%
100%
100%
2019.12.03
- 계약명 : 의약품 위탁생산계약- 계약상대방 : 미국 소재 제약사- 계약기간 : '19.12.03 ~ '26.12.31
58.2
100%
100%
100%
100%
2020.05.22
- 계약명 : 의약품 위탁생산계약- 계약상대방 : GlaxoSmithKline Trading Services Limited- 계약기간 : '20.05.21 ~ '28.12.31
591.1
100%
100%
100%
100%
2020.07.20
- 계약명 : 의약품 위탁생산계약- 계약상대방 : H. Lundbeck A/S- 계약기간 : '19.09.27 ~ '31.12.31
27.9
100%
100%
100%
100%
2020.07.28
- 계약명 : 의약품 위탁생산계약- 계약상대방 : Eli Lilly and Company- 계약기간 : '20.07.21 ~ '26.08.30
268.3
100%
100%
100%
100%
2020.08.04
- 계약명 : 의약품 위탁생산계약- 계약상대방 : Immunovant Sciences GmbH- 계약기간 : '18.12.18 ~ '29.12.31
43.5
100%
100%
100%
100%
2020.08.05
- 계약명 : 의약품 위탁생산계약- 계약상대방 : GlaxoSmithKline Trading Services Limited- 계약기간 : '20.04.09 ~ '24.12.31
183.9
100%
100%
100%
100%
2020.09.22
- 계약명 : 의약품 위탁생산계약- 계약상대방 : AstraZeneca AB- 계약기간 : '20.06.23 ~ '28.12.31
377.5
100%
100%
100%
100%
2020.11.03
- 계약명 : 의약품 위탁생산계약- 계약상대방 : 미국 소재 제약사- 계약기간 : '20.10.28 ~ '30.12.31
28.7
100%
100%
100%
100%
2021.01.15
- 계약명 : 의약품 위탁생산계약- 계약상대방 : F.Hoffmann-La Roche Ltd- 계약기간 : '20.06.01 ~ '28.12.31
219.4
100%
100%
100%
100%
2021.01.15
- 계약명 : 의약품 위탁생산계약- 계약상대방 : F.Hoffmann-La Roche Ltd- 계약기간 : '20.06.01 ~ '25.12.31
550.2
100%
100%
100%
100%
2022.03.28
- 계약명 : 의약품 위탁생산계약- 계약상대방 : Eli Lilly Kinsale Limited - 계약기간 : '19.12.20 ~ '29.12.31
479.0
100%
100%
100%
100%
2022.07.04
- 계약명 : 의약품 위탁생산계약- 계약상대방 : MSD International Business GmbH- 계약기간 : '22.07.01 ~ '30.12.31
263.6
100%
100%
100%
100%
2022.10.20
- 계약명 : 의약품 위탁생산계약- 계약상대방 : GlaxoSmithKline Trading Service Limited- 계약기간 : '22.10.11 ~ '30.12.31
296.1
100%
100%
100%
100%
2023.03.02
- 계약명 : 의약품 위탁생산계약- 계약상대방 : Pfizer Ireland Pharmaceuticals- 계약기간 : '23.02.20 ~ '29.12.31
375.4
100%
100%
100%
100%
2023.07.04
- 계약명 : 의약품 위탁생산계약- 계약상대방 : Pfizer Ireland Pharmaceuticals- 계약기간 : '23.06.30 ~ '29.12.31
704.4
100%
100%
100%
100%
2023.07.10
- 계약명 : 의약품 위탁생산계약- 계약상대방 : Novartis Pharma AG- 계약기간 : '23.01.01 ~ '28.12.31
390.9
100%
100%
100%
100%
2023.09.18
- 계약명 : 의약품 위탁생산계약- 계약상대방 : SWORDS LABORATORIES UNLIMITED
COMPANY, DUBLIN,BOUDRY BRANCH
- 계약기간 : '23.09.17 ~ '30.12.31
270.6
100%
100%
100%
100%
2023.11.28
- 계약명 : 의약품 위탁생산계약- 계약상대방 : 아시아 소재 제약사- 계약기간 : '19.08.01 ~
종료일(공시 유보)
451.3
100%
100%
100%
100%
2024.03.12
- 계약명 : 의약품 위탁생산계약- 계약상대방 : Merck Sharp & Dohme (Switzerland) GmbH- 계약기간 : '24.03.01 ~ '32.12.31
188.2
100%
100%
100%
100%
2024.06.25
- 계약명 : 의약품 위탁생산계약- 계약상대방 : Kiniksa Pharmaceuticals (UK), Ltd- 계약기간 : '24.06.21 ~ '31.12.31
152.2
100%
100%
100%
100%
2024.07.02
- 계약명 : 의약품 위탁생산계약- 계약상대방 : 미국 소재 제약사 - 계약기간 : '24.06.27 ~ '30.12.31
1,060.0
100%
100%
100%
100%
2024.09.13
- 계약명 : 의약품 위탁생산계약- 계약상대방 : 아시아 소재 제약사- 계약기간 : '23.06.02 ~ '28.12.31
88.9
100%
100%
100%
100%
2024.10.22
- 계약명 : 의약품 위탁생산계약- 계약상대방 : 아시아 소재 제약사- 계약기간 : '24.10.22 ~ '37.12.31
1,242.6
100%
100%
100%
100%
2024.11.20
- 계약명 : 의약품 위탁생산계약- 계약상대방 : 유럽 소재 제약사- 계약기간 : '24.11.14 ~ '31.12.31
540.5
100%
100%
100%
100%
2024.11.20
- 계약명 : 의약품 위탁생산계약- 계약상대방 : 유럽 소재 제약사- 계약기간 : '24.11.14 ~ '31.12.31
127.9
100%
100%
100%
100%
2024.12.17
- 계약명 : 의약품 위탁생산계약- 계약상대방 : 미국 소재 제약사- 계약기간 : '24.12.17 ~ '30.10.02
77.5
100%
100%
100%
100%
2025.01.14
- 계약명 : 의약품 위탁생산계약- 계약상대방 : 유럽 소재 제약사- 계약기간 : '24.12.13 ~ '30.12.31
1,410.1
100%
100%
100%
100%
※ 각 계약별 판매·공급계약과 대금수령금액의 당기 및 누적 금액은 계약상대방과의 계약에 따라 영업기밀에 해당하여 이행율을 기재하였습니다. 이행율은 계약서 및 당사 생산 일정 등을 고려한 당기 및 누적 판매ㆍ공급계약 및 대금수령금액 기준입니다.
※ 당사의 '단일판매ㆍ공급계약' 공시의 계약금액은 계약상대방과의 계약 상 계약기간 내 연도별 최소 구매 보장 물량의 총합을 기준으로 기재하였으며, 최소 구매 보장 물량에 대해서 고객사는 실제 수요와 무관하게 대금을 지급할 의무가 있어, 미이행 위험이 낮습니다. 각 계약에 대한 판매 공급 및 이후 대금 수령은 고객사와 협의된 연도별 생산 일정에 맞추어 진행할 계획입니다.※ 각 계약은 최소 구매 보장 물량 조건에 따라 고객사에게 위탁 생산 서비스가 제공되지 않더라도 고객사에게 약정된 연도별 최소 물량에 대한 대금을 지급할 의무가 있어 변동 가능성이 매우 낮습니다. 때에 따라서 공시된 계약 금액 총액이 감소하는 경우에도 제품을 대체 생산하는 등 공시된 계약을 차질없이 이행하기 위하여 노력하고 있습니다.
※ 당사가 체결한 전체 바이오의약품 위탁생산 계약에 대하여 최소 구매 보장 물량
기준과
고객사 제품개발 성공 시 예상 수요물량 기준으로
'
Ⅱ
.
사업의 내용
-
4.
매출 및 수주상황
-
마
.
수주상황
'
에 수주총액
,
기납품액
,
수주잔고를 기재
중입니다
."	ok
20250814004267	제일바이오	여	Ⅵ. 3. 주주총회 등 나. 소수주주권 2) 주주제안권 행사내역	미흡기재	20250407004058	"나. 소수주주권
당사의 공시 대상 기간 동안 제시된 소수주주권의 행사가 있었으며 행사목적 및 진행경과는 다음과 같습니다.
일자
행사자
내용
행사목적
진행경과
2023-04-27
김문자
주주제안권 행사
- 주주제안 사항을 2023년 임시주주총회에서 목적사항으로 상정- 주주제안의 의안 및 취지를 임시주주총회 소집통지 및 공고
- 2023년 5월 16일 기각
2023-04-27
김문자
임시주주총회 소집 청구권 행사
- 주주 제안 의안을 회의목적사항으로 하는 임시주주총회 소집 허가
- 2023년 8월 17일 개최 예정
2023-06-13
김문자
검사인 선임 청구권 행사
- 2023년 6월 15일 임시주주총회가 적법하게 개최되도록 검사인 선임을 신청
- 2023년 7월 4일 소취하
2023-08-03
김문자
검사인 선임 청구권 행사
- 2023년 8월 17일 개최 예정인 주주총회(연기회,속회 포함)와 관련하여 별지 기재 사항을 포함하여 총회의 소집절차나 결의방법의 적법성에 관한 사항을 조사하기 위하여 검사인을 선임.
- 2023년 8월 17일 검사인 선임
2023-08-17
김문자
임시주주총회 행사
- 2023년 8월 17일 임시주주총회 개최. - 이사 해임 및 이사 선임 의안 상정 및 가결로 대표이사 변경
- 임시주주총회 의안 가결 후 대표이사 변경 공시"	"나. 소수주주권
당사의 공시 대상 기간 동안 제시된 소수주주권의 행사가 있었으며 행사목적 및 진행경과는 다음과 같습니다.1)소수주주권 행사내역
일자
행사자
내용
행사목적
진행경과
2023-04-27
김문자
주주제안권 행사
- 주주제안 사항을 2023년 임시주주총회에서 목적사항으로 상정- 주주제안의 의안 및 취지를 임시주주총회 소집통지 및 공고
- 2023년 5월 16일 기각
2023-04-27
김문자
임시주주총회 소집 청구권 행사
- 주주 제안 의안을 회의목적사항으로 하는 임시주주총회 소집 허가
- 2023년 8월 17일 개최 예정
2023-06-13
김문자
검사인 선임 청구권 행사
- 2023년 6월 15일 임시주주총회가 적법하게 개최되도록 검사인 선임을 신청
- 2023년 7월 4일 소취하
2023-08-03
김문자
검사인 선임 청구권 행사
- 2023년 8월 17일 개최 예정인 주주총회(연기회,속회 포함)와 관련하여 별지 기재 사항을 포함하여 총회의 소집절차나 결의방법의 적법성에 관한 사항을 조사하기 위하여 검사인을 선임.
- 2023년 8월 17일 검사인 선임
2023-08-17
김문자
임시주주총회 행사
- 2023년 8월 17일 임시주주총회 개최. - 이사 해임 및 이사 선임 의안 상정 및 가결로 대표이사 변경
- 임시주주총회 의안 가결 후 대표이사 변경 공시
2)주주제안권 행사내역
행사자
안건
목적사항 포함여부
거부사유
진행경과
김문자
제1호 의안 : 이사 해임의 건 제1-1호 의안 : 사내이사 심윤정 해임의 건 제1-2호 의안 : 사외이사 김재윤 해임의 건제2호 의안 : 이사 선임의 건 제2-1호 의안 : 사내이사 심의정 선임의 건 제2-2호 의안 : 사내이사 이병창 선임의 건 제2-3호 의안 : 사외이사 신남식 선임의 건 제2-4호 의안 : 사외이사 박상민 선임의 건
포함
-
2023. 4.17 임시주주총회의 목적사항 제안 -> 2023.5.16 주주제안 상정 결의 -> 2023.5.30 제2-4호 의안 안건 확정 -> 2023. 6.12 주주총회 소집 철회2023. 4. 27 주주총회소집허가 신청(2023비합616) -> 2023.6.15 인용2023. 4. 27 의안상정 가처분 신청(2023카합50078) -> 2023. 5.16 기각2023.6.15 검사인 선임 신청(2023비합621) ->23.7.4 주주총회 소집 철회에 따른소취하2023.7.6 임시주주총회 소집통보2023. 8.3 검사인 선임 신청(2023비합629) ->2023. 8.11 인용2023. 8.17 임시주주총회 개최 -> 주주제안 원안대로 가결"	ok_sub
20250814004267	제일바이오	여	Ⅵ. 3. 주주총회 등 바. 주주총회의사록요약	미흡기재	20250407004058	"바. 주주총회 의사록 요약
주총일자
안 건
결 의 내 용
비 고
제31기정기주주총회(2020.03.27)
제 1호 의안 : 제31기 재무제표 승인의 건(2019.1.1 - 2019.12.31)제 2호 의안 : 정관 일부 변경의 건제 3호 의안 : 감사 선임의 건제 4호 의안 : 이사 보수 한도승인의 건제 5호 의안 : 감사 보수 한도승인의 건제 6호 의안 : 전자투표제도 채택의 건
제1호 의안 : 보고사항제2~3호 의안 : 의결권 정족수 미달로 부결
-
제32기정기주주총회(2021.03.29)
제 1호 의안 : 제32기(2020년 1월 1일 ~ 2020년 12월 31일) 재무제표 승인의 건제 2호 의안 : 정관 일부 변경의 건제 3호 의안 : 감사 선임의 건제 4호 의안 : 이사 보수한도 승인의 건제 5호 의안 : 감사 보수한도 승인의 건
원안대로 가결
-
제32기임시주주총회(2021.09.23)
제 1-1호 의안 : 사내이사 강기훈 선임의 건제 1-2호 의안 : 사외이사 김재윤 선임의 건
원안대로 가결
-
제33기정기주주총회(2022.03.29)
제 1호 의안 : 제33기(2021.1.1.~2021.12.31.)재무제표 승인의 건제 2-1호 의안 : 사내이사 중임의 건(이사 심광경)제 2-2호 의안 : 사내이사 선임의 건(이사 심윤정)
원안대로 가결
-
제34기정기주주총회(2023.03.29)
제1호 의안 : 제34기 (2022. 1. 1.∼2022. 12. 31.) 재무제표 승인의 건제2호 의안 : 이사 보수 한도 승인의 건(15억 원)제3호 의안 : 감사 보수 한도 승인의 건(1억 원)
원안대로 가결
-
임시주주총회(2023.08.17)
제1호 의안 : 이사 해임의 건 (사내이사 심윤정, 사외이사 김재윤)제2호 의안 : 이사 선임의 건 (사내이사 심의정, 이병창, 사외이사 신남식, 박상민)
원안대로 가결
-
제 35기정기주주총회(2024.03.29)
제 1호 의안 : 제35기(2023.1.1.~2023.12.31.)재무제표 승인의 건제 2호 의안 : 신규 사내이사 선임의 건(이사 오훈)제 3호 의안 : 신규 감사 선임의 건(감사 김태영)제 4호 의안 : 이사 보수한도 승인의 건제 5호 의안 : 감사 보수한도 승인의 건
원안대로 가결원안대로 가결의결권 정족수 미달로 부결원안대로 가결원안대로 가결
-
임시주주총회 (2024.12.31)
제 1호 의안 : 신규 사내이사 선임의 건(이사 강동일)제 2호 의안 : 신규 사내이사 선임의 건(이사 전치영)제 3호 의안 : 신규 감사 선임의 건(감사 전치영)
원안대로 가결원안대로 가결원안대로 가결
-"	"바. 주주총회 의사록 요약
주총일자
안 건
결 의 내 용
주요 논의내용
제33기정기주주총회(2022.03.29)
제 1호 의안 : 제33기(2021.1.1.~2021.12.31.)재무제표 승인의 건
원안대로 가결
33기 영업보고 , 감사보고, 내부회게관리제도 운영실태 보고
제 2-1호 의안 : 사내이사 중임의 건(이사 심광경)
원안대로 가결
중임 사유 설명
제 2-2호 의안 : 사내이사 선임의 건(이사 심윤정)
원안대로 가결
후보추천 사유 설명
제34기정기주주총회(2023.03.29)
제1호 의안 : 제34기 (2022. 1. 1.∼2022. 12. 31.) 재무제표 승인의 건
원안대로 가결
34기 영업보고 , 감사보고, 내부회게관리제도 운영실태 보고
제2호 의안 : 이사 보수 한도 승인의 건(15억 원)
원안대로 가결
전년도 집행내역 설명 등
제3호 의안 : 감사 보수 한도 승인의 건(1억 원)
원안대로 가결
전년도 집행내역 설명 등
제 35기 임시주주총회(2023.08.17)
제1호 의안 : 이사 해임의 건 (사내이사 심윤정, 사외이사 김재윤) (주주제안)
원안대로 가결
해임 사유 설명
제2호 의안 : 이사 선임의 건 (사내이사 심의정, 이병창, 사외이사 신남식, 박상민)(주주제안)
원안대로 가결
후보추천 사유 설명
제 35기정기주주총회(2024.03.29)
제 1호 의안 : 제35기(2023.1.1.~2023.12.31.)재무제표 승인의 건
원안대로 가결
35기 영업보고 , 감사보고, 내부회게관리제도 운영실태 보고
제 2호 의안 : 신규 사내이사 선임의 건(이사 오훈)
원안대로 가결
후보추천 사유 설명
제 3호 의안 : 신규 감사 선임의 건(감사 김태영)
의결권 정족수 미달로 부결
후보추천 사유 설명
제 4호 의안 : 이사 보수한도 승인의 건
원안대로 가결
전년도 집행내역 설명 등
제 5호 의안 : 감사 보수한도 승인의 건
원안대로 가결
전년도 집행내역 설명 등
제36기 임시주주총회 (2024.12.31)
제 1호 의안 : 신규 사내이사 선임의 건(이사 강동일)
원안대로 가결
후보추천 사유 설명
제 2호 의안 : 신규 사내이사 선임의 건(이사 조영민)
원안대로 가결
후보추천 사유 설명
제 3호 의안 : 신규 감사 선임의 건(감사 전치영)
원안대로 가결
후보추천 사유 설명"	ok_sub
20250814004251	파멥신	여	VI. 3. 주주총회 등 소수주주권	소수주주권 행사 미흡기재	20250321001304	"3. 주주총회 등에 관한 사항
가. 투표제도 현황
(기준일 :
2024년 06월 30일
)
투표제도 종류
집중투표제
서면투표제
전자투표제
도입여부
채택
미도입
도입
실시여부
미실시
미실시
미실시
* 당사는 2024년 3월 26일 정기주주총회에서 전자투표를 실시하였습니다.
나. 의결권 현황
(기준일 :
2024년 09월 30일
)
(단위 : 주)
구 분
주식의 종류
주식수
비고
발행주식총수(A)
보통주
80,201,108
-
종류주
-
-
의결권없는 주식수(B)
보통주
8,663
-
종류주
-
-
정관에 의하여 의결권 행사가 배제된 주식수(C)
보통주
-
-
종류주
-
-
기타 법률에 의하여의결권 행사가 제한된 주식수(D)
보통주
-
-
종류주
-
-
의결권이 부활된 주식수(E)
보통주
-
-
종류주
-
-
의결권을 행사할 수 있는 주식수(F = A - B - C - D + E)
보통주
80,192,445
-
종류주
-
-"	"3. 주주총회 등에 관한 사항
가. 투표제도 현황
(기준일 :
2024년 12월 31일
)
투표제도 종류
집중투표제
서면투표제
전자투표제
도입여부
채택
미도입
도입
실시여부
미실시
미실시
미실시
* 당사는 2024년 3월 26일 정기주주총회에서 전자투표를 실시하였습니다.
나. 소수주주권
행사자
안건
목적사항 포함여부
거부사유
진행경과
-해당사항 없음-
다. 의결권 현황
(기준일 :
2024년 12월 31일
)
(단위 : 주)
구 분
주식의 종류
주식수
비고
발행주식총수(A)
보통주
80,201,108
-
종류주
-
-
의결권없는 주식수(B)
보통주
8,663
-
종류주
-
-
정관에 의하여 의결권 행사가 배제된 주식수(C)
보통주
-
-
종류주
-
-
기타 법률에 의하여의결권 행사가 제한된 주식수(D)
보통주
-
-
종류주
-
-
의결권이 부활된 주식수(E)
보통주
-
-
종류주
-
-
의결권을 행사할 수 있는 주식수(F = A - B - C - D + E)
보통주
80,192,445
-
종류주
-
-
라. 주주총회 의사록 요약
주총일자
안건
결의내용
주요 논의 내용
2024-01-29
의안1 : 이사선임의 건(사내이사 6명, 사외이사 4명) -사내이사 : 김정규, 이재진, 한병재, 김재현, 이정일 -사외이사 : 임현묵, 배종혁, 박준영, 차용명
가결
- 후보 추천사유 설명
2024-03-26
의안1 : 제16기 재무상태표, 포관손익계산서(연결포함) 및 잉여금처분계산서 승인의 건 의안2 : 비상근감사 선임의 건(후보자 임현묵) 의안5 : 이사 보수한도 승인의 건(10억) 의안6 : 감사 보수한도 승인의 건(무보수)
가결
- 제16기 영업성과 보고 - 후보 추천사유 설명 - 이사보수 한도 검토 절차 및 구성내역 설명 - 감사보수 한도 검토 절차 및 구성내역 설명
2024-08-02
의안1 : 사내이사 선임의 건(심주엽 선임) 의안2 : 정관 일부 변경의 건
가결
- 후보 추천사유 설명 - 사업다각화 목적 및 계획 설명
2024-09-27
의안1 : 사내이사 선임의 건(강병규 선임)
가결
- 후보 추천사유 설명
2025-03-31
의안1 : 제17기(2024.01.01~2024.12.31) 재무상태표 및 연결재무제표 승인의 건 의안2 : 정관 일부 변경의 건(사업목적 추가 - 별첨.1 정관 신구대비표) 의안3 : 이사 보수한도 승인의 건(15억) 의안4 : 감사 보수한도 승인의 건(무보수)
가결
- 제17기 영업성과 보고 - 사업다각화 목적 및 계획 설명 - 이사보수 한도 검토 절차 및 구성내역 설명 - 감사보수 한도 검토 절차 및 구성내역 설명"	ok
20250814004251	파멥신	여	VI. 3. 주주총회 등 주주총회 의사록 요약	주주총회의사록 요약(주주제안 안건표시) 미기재	20250321001304	"3. 주주총회 등에 관한 사항
가. 투표제도 현황
(기준일 :
2024년 06월 30일
)
투표제도 종류
집중투표제
서면투표제
전자투표제
도입여부
채택
미도입
도입
실시여부
미실시
미실시
미실시
* 당사는 2024년 3월 26일 정기주주총회에서 전자투표를 실시하였습니다.
나. 의결권 현황
(기준일 :
2024년 09월 30일
)
(단위 : 주)
구 분
주식의 종류
주식수
비고
발행주식총수(A)
보통주
80,201,108
-
종류주
-
-
의결권없는 주식수(B)
보통주
8,663
-
종류주
-
-
정관에 의하여 의결권 행사가 배제된 주식수(C)
보통주
-
-
종류주
-
-
기타 법률에 의하여의결권 행사가 제한된 주식수(D)
보통주
-
-
종류주
-
-
의결권이 부활된 주식수(E)
보통주
-
-
종류주
-
-
의결권을 행사할 수 있는 주식수(F = A - B - C - D + E)
보통주
80,192,445
-
종류주
-
-"	"3. 주주총회 등에 관한 사항
가. 투표제도 현황
(기준일 :
2024년 12월 31일
)
투표제도 종류
집중투표제
서면투표제
전자투표제
도입여부
채택
미도입
도입
실시여부
미실시
미실시
미실시
* 당사는 2024년 3월 26일 정기주주총회에서 전자투표를 실시하였습니다.
나. 소수주주권
행사자
안건
목적사항 포함여부
거부사유
진행경과
-해당사항 없음-
다. 의결권 현황
(기준일 :
2024년 12월 31일
)
(단위 : 주)
구 분
주식의 종류
주식수
비고
발행주식총수(A)
보통주
80,201,108
-
종류주
-
-
의결권없는 주식수(B)
보통주
8,663
-
종류주
-
-
정관에 의하여 의결권 행사가 배제된 주식수(C)
보통주
-
-
종류주
-
-
기타 법률에 의하여의결권 행사가 제한된 주식수(D)
보통주
-
-
종류주
-
-
의결권이 부활된 주식수(E)
보통주
-
-
종류주
-
-
의결권을 행사할 수 있는 주식수(F = A - B - C - D + E)
보통주
80,192,445
-
종류주
-
-
라. 주주총회 의사록 요약
주총일자
안건
결의내용
주요 논의 내용
2024-01-29
의안1 : 이사선임의 건(사내이사 6명, 사외이사 4명) -사내이사 : 김정규, 이재진, 한병재, 김재현, 이정일 -사외이사 : 임현묵, 배종혁, 박준영, 차용명
가결
- 후보 추천사유 설명
2024-03-26
의안1 : 제16기 재무상태표, 포관손익계산서(연결포함) 및 잉여금처분계산서 승인의 건 의안2 : 비상근감사 선임의 건(후보자 임현묵) 의안5 : 이사 보수한도 승인의 건(10억) 의안6 : 감사 보수한도 승인의 건(무보수)
가결
- 제16기 영업성과 보고 - 후보 추천사유 설명 - 이사보수 한도 검토 절차 및 구성내역 설명 - 감사보수 한도 검토 절차 및 구성내역 설명
2024-08-02
의안1 : 사내이사 선임의 건(심주엽 선임) 의안2 : 정관 일부 변경의 건
가결
- 후보 추천사유 설명 - 사업다각화 목적 및 계획 설명
2024-09-27
의안1 : 사내이사 선임의 건(강병규 선임)
가결
- 후보 추천사유 설명
2025-03-31
의안1 : 제17기(2024.01.01~2024.12.31) 재무상태표 및 연결재무제표 승인의 건 의안2 : 정관 일부 변경의 건(사업목적 추가 - 별첨.1 정관 신구대비표) 의안3 : 이사 보수한도 승인의 건(15억) 의안4 : 감사 보수한도 승인의 건(무보수)
가결
- 제17기 영업성과 보고 - 사업다각화 목적 및 계획 설명 - 이사보수 한도 검토 절차 및 구성내역 설명 - 감사보수 한도 검토 절차 및 구성내역 설명"	ok
20250814004212	하나기술	여	1. 공시내용 진행 및 변경사항	향후 추진계획 추가 기재	20250321001495	"1. 공시내용 진행 및 변경사항
[단일판매 공급계약 진행상황]
(기준일 : 2024년 12월 31일 )
(단위 :
USD, EUR)
)
구분
신고일자
계약내역
계약금액총액
(*)
판매ㆍ공급금액
대금수령금액
대금 미수령 사유
향후 추진계획
당기
누적
당기
누적
1
2023.09.18
1. 계약명 : 2차전지 조립라인 장비 턴키2. 계약상대 : 영업비밀 보호로 미공개3. 계약금액 : - 원4. 계약기간 : 2023.09.15 ~ 2025.05.01
주1)
80%(계약금액 유보로 인해 진행사항률로 표시함)
80%(계약금액 유보로 인해 진행사항률로 표시함)
50%(계약금액 유보로 인해 진행사항률로 표시함)
50%(계약금액 유보로 인해 진행사항률로 표시함)
계약진행중
당사는 계약조건에 따라 공사 대금을 청구 및 수령할 예정
2
2023.12.19
1. 계약명 : 2차전지 고속 스태킹 양산라인 장비2. 계약상대 : 영업비밀 보호로 미공개3. 계약금액 : 22,735,525,450원(
EUR 16,115,000.00)
4. 계약기간 : 2023.12.18 ~ 2025.05.015. 비고 : 계약일 (2023.12.18) 최초 고시 매매기준 환율 (1,410.83/EUR)을 적용
EUR 16,115,000
(22,735 백만원)
EUR 13,375,450
EUR 13,375,450
EUR 1,611,500
EUR 1,611,500
주3), 계약진행중
주3), 당사는 계약조건에 따라 공사 대금을 청구 및 수령할 예정
3
2024.06.03
1. 계약명 : 2차전지 각형 조립라인 장비 턴키2. 계약상대 : 영업비밀 보호로 미공개3. 계약금액 : 40,331,450,000원(USD 29,300,000.00)4. 계약기간 : 2024.05.31 ~ 2026.03.165. 비고 : 계약일 (2024.05.31) 최초 고시 매매기준 환율 (1,376.50/USD)을 적용
USD 29,300,000
(40,331백만원)
주1)
주1)
주1)
주1)
계약진행중
당사는 계약조건에 따라 공사 대금을 청구 및 수령할 예정
4
2024.06.05
1. 계약명 : 2차전지 고속 스태킹 설비2. 계약상대 : 영업비밀 보호로 미공개3. 계약금액 : 23,138,623,800원(EUR 15,487,700.00) 4. 계약기간 : 2024.06.05 ~ 2026.01.195. 비고 : 계약일 (2024.06.05) 최초 고시 매매기준 환율 (1,494.00/EUR)을 적용
EUR 15,487,700
(23,138 백만원)
주2)
주2)
EUR 774,385
EUR 774,385
계약진행중
당사는 계약조건에 따라 공사 대금을 청구 및 수령할 예정
5
2024.07.29
1. 계약명 : 2차전지 조립라인 장비 턴키2. 계약상대 : 영업비밀 보호로 미공개3. 계약금액 : 13,001,070,586원(EUR 8,650,368.00)4. 계약기간 : 2024.07.26 ~ 2025.11.145. 비고 :
계약일 (2024.07.26) 최초 고시 매매기준 환율 (1,502.95/EUR)을 적용
EUR 8,650,368
(13,001 백만원)
주2)
주2)
-
-
계약진행중(고객사 대금 스케쥴에 맞춰 지급될 예정)
당사는 계약조건에 따라 공사 대금을 청구 및 수령할 예정
6
2024.07.30
1. 계약명 : 2차전지 화성공정 공정설비2. 계약상대 : 영업비밀 보호로 미공개3. 계약금액 : 26,238,013,018원(USD 18,938,944.00) 4. 계약기간 : 2024.07.29 ~ 2026.05.195. 비고 : 계약일 (2024.07.29) 최초 고시 매매기준 환율 (1,385.40/USD)을 적용
USD 18,938,944
(26,238 백만원)
주1)
주1)
주1)
주1)
계약진행중
당사는 계약조건에 따라 공사 대금을 청구 및 수령할 예정
주1) 본 계약의 계약금 및 진행사항 등 주요 조건은 상대방의 영업비밀 보호 요청으로 인해 상세하게 기재하기 어렵습니다. 당사는 계약 상대방과 협의하여 계약 이행을 진행하고 있으며, 향후 변동 사항 발생 시 단일판매공급계약(기재정정) 공시를 통해 관련 내용을 신속히 정정할 예정입니다.주2) 당사는 고객과의 거래에서
① 제품의 인도 ② 인도한 제품에 대한 설치용역등으로
나누어 매출로 인식하고 있습니다. 현재 진행중인 계약에서
제품의 인도
가 이루어 지기 전에는 별도의 매출로 인식하고 있지 않습니다. 해당 제품은 인도 즉시 매출로 인식하여 기재할 예정입니다. 주
3)
고객사의 공장 건설 일정 지연 등의 사유로 당사의 장비 납기 일정이 지연되었습니다
.
이에 따라 향후 일정에 대한 재논의가 진행 중이며
,
확정되는 대로 정정 공시를 진행할 예정입니다
.
(*)
이종통화 계약의 경우 계약금액 총액, 판매ㆍ공급금액 및 대금수령금액은 공시된 기준의 환율을 일괄 적용한 금액입니다."	"1. 공시내용 진행 및 변경사항
[단일판매 공급계약 진행상황]
(1) 진행상황 및 대금 미수령 사유
(기준일 : 2024년 12월 31일 )
(단위 : USD, EUR))
구분
신고일자
계약내역
계약금액총액(*)
판매ㆍ공급금액
대금수령금액
대금 미수령 사유
당기
누적
당기
누적
1
2023.09.18
1. 계약명 : 2차전지 조립라인 장비 턴키2. 계약상대 : 영업비밀 보호로 미공개3. 계약금액 : - 원4. 계약기간 : 2023.09.15 ~ 2025.05.01
주1)
80%(계약금액 유보로 인해 진행사항률로 표시함)
80%(계약금액 유보로 인해 진행사항률로 표시함)
50%(계약금액 유보로 인해 진행사항률로 표시함)
50%(계약금액 유보로 인해 진행사항률로 표시함)
계약진행중
2
2023.12.19
1. 계약명 : 2차전지 고속 스태킹 양산라인 장비2. 계약상대 : 영업비밀 보호로 미공개3. 계약금액 : 22,735,525,450원(EUR 16,115,000.00)4. 계약기간 : 2023.12.18 ~ 2025.05.015. 비고 : 계약일 (2023.12.18) 최초 고시 매매기준 환율 (1,410.83/EUR)을 적용
EUR 16,115,000(22,735 백만원)
EUR 13,375,450
EUR 13,375,450
EUR 1,611,500
EUR 1,611,500
주3),계약진행중
3
2024.06.03
1. 계약명 : 2차전지 각형 조립라인 장비 턴키2. 계약상대 : 영업비밀 보호로 미공개3. 계약금액 : 40,331,450,000원(USD 29,300,000.00)4. 계약기간 : 2024.05.31 ~ 2026.03.165. 비고 : 계약일 (2024.05.31) 최초 고시 매매기준 환율 (1,376.50/USD)을 적용
USD 29,300,000(40,331백만원)
주1)
주1)
주1)
주1)
계약진행중
4
2024.06.05
1. 계약명 : 2차전지 고속 스태킹 설비2. 계약상대 : 영업비밀 보호로 미공개3. 계약금액 : 23,138,623,800원(EUR 15,487,700.00)4. 계약기간 : 2024.06.05 ~ 2026.01.195. 비고 : 계약일 (2024.06.05) 최초 고시 매매기준 환율 (1,494.00/EUR)을 적용
EUR 15,487,700(23,138 백만원)
주2)
주2)
EUR 774,385
EUR 774,385
계약진행중
5
2024.07.29
1. 계약명 : 2차전지 조립라인 장비 턴키2. 계약상대 : 영업비밀 보호로 미공개3. 계약금액 : 13,001,070,586원(EUR 8,650,368.00)4. 계약기간 : 2024.07.26 ~ 2025.11.145. 비고 : 계약일 (2024.07.26) 최초 고시 매매기준 환율 (1,502.95/EUR)을 적용
EUR 8,650,368(13,001 백만원)
주2)
주2)
-
-
계약진행중(고객사 대금 스케쥴에 맞춰 지급될 예정)
6
2024.07.30
1. 계약명 : 2차전지 화성공정 공정설비2. 계약상대 : 영업비밀 보호로 미공개3. 계약금액 : 26,238,013,018원(USD 18,938,944.00)4. 계약기간 : 2024.07.29 ~ 2026.05.195. 비고 : 계약일 (2024.07.29) 최초 고시 매매기준 환율 (1,385.40/USD)을 적용
USD 18,938,944(26,238 백만원)
주1)
주1)
주1)
주1)
계약진행중
주1) 본 계약의 계약금 및 진행사항 등 주요 조건은 상대방의 영업비밀 보호 요청으로 인해 상세하게 기재하기 어렵습니다. 당사는 계약 상대방과 협의하여 계약 이행을 진행하고 있으며, 향후 변동 사항 발생 시 단일판매공급계약(기재정정) 공시를 통해 관련 내용을 신속히 정정할 예정입니다.주2) 당사는 고객과의 거래에서 ① 제품의 인도 ② 인도한 제품에 대한 설치용역등으로 나누어 매출로 인식하고 있습니다. 현재 진행중인 계약에서 제품의 인도가 이루어 지기 전에는 별도의 매출로 인식하고 있지 않습니다. 해당 제품은 인도 즉시 매출로 인식하여 기재할 예정입니다.주3) 고객사의 공장 건설 일정 지연 등의 사유로 당사의 장비 납기 일정이 지연되었습니다. 이에 따라 향후 일정에 대한 재논의가 진행 중이며, 확정되는 대로 정정 공시를 진행할 예정입니다. (*) 이종통화 계약의 경우 계약금액 총액, 판매ㆍ공급금액 및 대금수령금액은 공시된 기준의 환율을 일괄 적용한 금액입니다.
(2) 향후 추진계획
(기준일 : 2024년 12월 31일 )
(단위 : USD, EUR))
구분
신고일자
계약내역
향후 추진 계획(① 향후 판매 공급 이행, 대금수령 관련 예정사항 및 추진계획)
향후 추진 계획(② 향후 변동 가능성이 있는 사항에대해 해당 사실 및 사유)
1
2023.09.18
1. 계약명 : 2차전지 조립라인 장비 턴키2. 계약상대 : 영업비밀 보호로 미공개3. 계약금액 : - 원4. 계약기간 : 2023.09.15 ~ 2025.05.01
당사는 계약조건에 따라 장비를 공급하고, 이에 대한 대금을 청구 및 수령할 예정입니다.
고객사 장비 사양 변경 등에 따라 계약금액 및 계약기간 등이 변경 되었습니다. 정정 보고일(2025.08.14) 기준 해당 계약 내역 변경사항은 아래와 같습니다. 3. 계약금액 : 12,437,467,413원(EUR 8,815,647.00)4. 계약기간 : 2023.09.15~2026.05.15 5. 비고 : 계약일 (2023.09.15) 최초 고시 매매기준 환율 (1,410.84/EUR)을 적용
2
2023.12.19
1. 계약명 : 2차전지 고속 스태킹 양산라인 장비2. 계약상대 : 영업비밀 보호로 미공개3. 계약금액 : 22,735,525,450원(EUR 16,115,000.00)4. 계약기간 : 2023.12.18 ~ 2025.05.015. 비고 : 계약일 (2023.12.18) 최초 고시 매매기준 환율 (1,410.83/EUR)을 적용
당사는 계약조건에 따라 장비를 공급하고, 이에 대한 대금을 청구 및 수령할 예정입니다.
당사의 장비는 고객사에 납품을 완료하였으나, 고객사 공장 건설 지연 등으로 인해 현재 장비 설치를 위해 대기중에 있어 계약기간이 지연되었습니다. 정정 보고일(2025.08.14) 기준 해당 계약 내역 변경사항은 아래와 같습니다. 4. 계약기간 : 2023.12.18~2026.06.01
3
2024.06.03
1. 계약명 : 2차전지 각형 조립라인 장비 턴키2. 계약상대 : 영업비밀 보호로 미공개3. 계약금액 : 40,331,450,000원(USD 29,300,000.00)4. 계약기간 : 2024.05.31 ~ 2026.03.165. 비고 : 계약일 (2024.05.31) 최초 고시 매매기준 환율 (1,376.50/USD)을 적용
당사는 계약조건에 따라 장비를 공급하고, 이에 대한 대금을 청구 및 수령할 예정입니다.
본 계약의 계약내용(계약금액 및 계약기간 등)은 고객사와의 일정 조율 및 장비 사양 변경 등에 따라 변동될 수 있으며, 변동시 관련 정정 공시를 진행할 예정입니다.
4
2024.06.05
1. 계약명 : 2차전지 고속 스태킹 설비2. 계약상대 : 영업비밀 보호로 미공개3. 계약금액 : 23,138,623,800원(EUR 15,487,700.00)4. 계약기간 : 2024.06.05 ~ 2026.01.195. 비고 : 계약일 (2024.06.05) 최초 고시 매매기준 환율 (1,494.00/EUR)을 적용
당사는 계약조건에 따라 장비를 공급하고, 이에 대한 대금을 청구 및 수령할 예정입니다.
본 계약의 계약내용(계약금액 및 계약기간 등)은 고객사와의 일정 조율 및 장비 사양 변경 등에 따라 변동될 수 있으며, 변동시 관련 정정 공시를 진행할 예정입니다.
5
2024.07.29
1. 계약명 : 2차전지 조립라인 장비 턴키2. 계약상대 : 영업비밀 보호로 미공개3. 계약금액 : 13,001,070,586원(EUR 8,650,368.00)4. 계약기간 : 2024.07.26 ~ 2025.11.145. 비고 : 계약일 (2024.07.26) 최초 고시 매매기준 환율 (1,502.95/EUR)을 적용
당사는 계약조건에 따라 장비를 공급하고, 이에 대한 대금을 청구 및 수령할 예정입니다.
본 계약의 계약내용(계약금액 및 계약기간 등)은 고객사와의 일정 조율 및 장비 사양 변경 등에 따라 변동될 수 있으며, 변동시 관련 정정 공시를 진행할 예정입니다.
6
2024.07.30
1. 계약명 : 2차전지 화성공정 공정설비2. 계약상대 : 영업비밀 보호로 미공개3. 계약금액 : 26,238,013,018원(USD 18,938,944.00)4. 계약기간 : 2024.07.29 ~ 2026.05.195. 비고 : 계약일 (2024.07.29) 최초 고시 매매기준 환율 (1,385.40/USD)을 적용
당사는 계약조건에 따라 장비를 공급하고, 이에 대한 대금을 청구 및 수령할 예정입니다.
본 계약의 계약내용(계약금액 및 계약기간 등)은 고객사와의 일정 조율 및 장비 사양 변경 등에 따라 변동될 수 있으며, 변동시 관련 정정 공시를 진행할 예정입니다."	ok
20250814004193	KG케미칼	여	Ⅵ. 3. 주주총회에 관련 사항 나. 소수주주권	미흡기재	20250320001653	"나. 소수주주권
당사는 공시대상기간 중 소수주주권이 행사된 경우가 없습니다."	"나. 소수주주권
당사는 공시대상기간 중 행사된 소수주주권은 다음과 같습니다.
행사자
안건
목적사항 포함여부
거부사유
진행경과
소액주주 청구인 연합(대표: 안**)(2024.11.12)
(1) 주주총회 소집 요구① 자사주 매입 및 배당 증가제안② 오너일가의 주가조작에 대한 공개질의 건③ 오너일가 해임 및 전문경영인제 도입④ 신사업 진행의 건(계열사 관련 이차전지 및 배터리팩)
여
주주제안 법적 및 절차적 요건 불충족
'24년 12차 이사회 등 주주제안 접수사실 보고
원**(2025.02.10)
주주명부 열람등사 청구권
부
-
개인정보보호법 제3조에 따라 목적에 필요한 범위 내 최소한의 범위내 주주명부 열람 및 등사
KG소액주주연대(2025.02.13)
(1) 주주명부 요구(엑셀파일)(2) 회사가치 훼손사항에 대한 개선사항 검토① 정관변경(순환출자 해소 액션플랜, 소액주주 보호 등)
② 신규사업 해명, 대응방안 모색 등
여
-
회사가치 훼손사항에 대한 회사입장 등 내용증명 답변 전달
KG소액주주연대외 127인(2025.02.14)
(1) 주주제안서 주주총회 의안 상정요청 ① 제1호 : 사내이사 곽정현 해임의 건 ② 제2호 : 정관 변경의 건 제2-1호 : 자기주식 소각 권한 추가의 건 제2-2호 : 소수주주 대상 기업설명회 정례화의 건 제2-3호 : 소수주주에 대한 보호 조항 신설의 건 제2-4호 : 집중투표제 도입의 건
여
제1호 : (상법 시행령 제12조 제4항(임기중에 있는 임원의 해임)에 따라 주주제안 거부 사유 해당제 2호 : 정관변경은 현행 법령상 권리와 중복되어 경영 자율성 저해 우려가 있어 주주총회 목적사항으로 포함하지 않음
25년 제4차 이사회 보고(이후 주주연대측 주주제안 철회함)"	ok_sub
20250814004169	삼영이엔씨	예	VI. 소수주주권, 주주총회의사록요약(주요논의내용)	미흡기재	20250407004241	"VI. 이사회 등 회사의 기관에 관한 사항
1. 이사회에 관한 사항
가. 이사회 구성 개요
- 공시서류작성기준일 현재 당사의 이사회는 사내이사 4명과 사외이사 2명, 총 6명의 이사로 구성되어 있습니다.
※ 각 이사의 주요이력 및 업무분장은 ""임원의 현황""을 참고하시기 바랍니다.
[사외이사 및 그 변동현황]
(단위 : 명)
이사의 수
사외이사 수
사외이사 변동현황
선임
해임
중도퇴임
6
2
4
-
3
주) 2024년 3월 28일 정기주주총회에서 사외이사 2명(서용석, 윤문상)이 재선임되었으며, 사외이사 1명(이수동)은 일신상의 사유로 중도 사임하였습니다.주) 2024년도 10월 22일 임시주주총회 결과 사외이사 2명(이형룡, 최호석)이 신규 선임되었으며, 사외이사 2명(서용석, 윤문상)은 일신상의 사유로 중도 사임하였습니다.
나. 중요의결사항 등
개최일자
의 안 내 용
가결여부
이사의 성명
비고
사외이사
사내이사
윤문상(출석률: 100%)
서용석(출석률: 100%)
이수동(출석률: 100%)
이형룡(출석률: 100%)
최호석
(출석률: 100%)
황재우(출석률: 100%)
김남호
(출석률: 100%)
최성은(출석률: 100%)
김상우(출석률: 100%)
김진국(출석률: 100%)
김원근(출석률: 100%)
김중철(출석률: 100%)
찬반여부
2024.02.02
제3자배정 유상증자(소액공모) 결정의 건
가결
찬성
찬성
찬성
2024.10.22신규선임
2024.10.22신규선임
찬성
찬성
찬성
찬성
2024.03.28신규선임
2024.10.22신규선임
2024.10.22신규선임
-
2024.02.26
제29기 재무제표 및 영업보고서 승인의 건
가결
찬성
찬성
찬성
찬성
찬성
찬성
찬성
-
2024.03.13
1. 제29기 정기주주총회 소집 및 부의안건 결정의 건
가결
찬성
찬성
찬성
찬성
찬성
찬성
찬성
-
2. 전자투표제도 도입의 건
가결
찬성
찬성
찬성
찬성
찬성
찬성
찬성
-
2024.05.08
임시주주총회 소집의 건
가결
찬성
찬성
2024.03.28중도사임
찬성
찬성
2024.03.28중도사임
2024.03.28중도사임
찬성
-
2024.05.30
임시주주총회 개최일 변경의 건(2024.06.14→2024.06.28)
가결
찬성
찬성
찬성
찬성
찬성
-
2024.06.10
제4회 사모 전환사채 발행의 건
가결
찬성
찬성
찬성
찬성
찬성
-
2024.06.13
임시주주총회 개최일 변경의 건(2024.06.28→2024.07.12)
가결
찬성
찬성
찬성
찬성
찬성
-
2024.06.14
제4회 사모 전환사채 발행일정 변경의 건(납입일 : 2024.06.14→2024.06.27)
가결
찬성
찬성
찬성
찬성
찬성
-
2024.06.27
임시주주총회 개최일 변경의 건(2024.07.12→2024.08.09)
가결
찬성
찬성
찬성
찬성
찬성
-
2024.06.27
제4회 사모 전환사채 발행일정 변경의 건(납입일 : 2024.06.27→2024.07.25)
가결
찬성
찬성
찬성
찬성
찬성
-
2024.07.25
임시주주총회 개최일 변경의 건(2024.08.09→2024.08.22)
가결
찬성
찬성
찬성
찬성
찬성
-
2024.07.25
제4회 사모 전환사채 발행일정 변경의 건(납입일 : 2024.07.25→2024.08.21)
가결
찬성
찬성
찬성
찬성
찬성
-
2024.08.07
임시주주총회 부의안건 확정
가결
찬성
찬성
찬성
찬성
찬성
-
2024.08.21
제4회 사모 전환사채 발행일정 변경의 건(납입일 : 2024.08.21→2024.09.30)
가결
찬성
찬성
찬성
찬성
찬성
-
2024.08.29
임시주주총회 소집의 건
가결
찬성
찬성
찬성
찬성
찬성
-
2024.09.09
제4회 사모 전환사채 발행일정 변경의 건(납입일 : 2024.09.30→2024.10.16)
가결
찬성
찬성
찬성
찬성
찬성
-
2024.09.09
제5회 사모 전환사채 발행의 건
가결
찬성
찬성
찬성
찬성
찬성
-
2024.09.09
제3자배정 유상증자 결정의 건
가결
찬성
찬성
찬성
찬성
찬성
-
2024.09.11
지배인 선임의 건
가결
찬성
찬성
찬성
찬성
찬성
-
2024.09.13
임시주주총회 부의안건 확정
가결
찬성
찬성
찬성
찬성
찬성
-
2024.09.19
경영전반에 관한 사항
가결
찬성
찬성
찬성
찬성
찬성
2024.09.19
제3자배정 유상증자 납입일 변경의 건(납입일 : 2024. 09.19→2024.09.24)
가결
찬성
찬성
찬성
찬성
찬성
-
2024.09.24
제3자배정 유상증자 납입일 변경의 건(납입일 : 2024. 09.24→2024.09.30)
가결
찬성
찬성
찬성
찬성
찬성
-
2024.09.27
임시주주총회 개최일 변경의 건(개최일 : 2024.10.14
→2024.10.22)
가결
찬성
찬성
찬성
찬성
찬성
-
2024.09.30
10억원 대여의 건(주식회사 레디투스세븐)
가결
찬성
반대
찬성
찬성
찬성
-
2024.10.07
임시주주총회 부의안건 확장의 건
가결
찬성
찬성
찬성
찬성
찬성
-
2024.10.16
제4회 사모 전환사채 발행일정 변경의 건(납입일 : 2024.10.16→2024.10.30)
가결
찬성
찬성
찬성
찬성
찬성
-
2024.10.30
제4회 사모 전환사채 발행일정 변경의 건(납입일 : 2024.10.30→2024.11.13)
가결
2024.10.22중도사임
2024.10.22중도사임
찬성
찬성
찬성
찬성
2024.10.22중도사임
찬성
찬성
-
2024.11.13
제4회 사모 전환사채 발행일정 변경의 건(납입일 : 2024.11.13→2024.11.29)
가결
찬성
찬성
찬성
찬성
찬성
찬성
-
2024.11.13
제5회 사모 전환사채 발행일정 변경의 건(납입일 : 2024.11.13→2024.11.29)
가결
찬성
찬성
찬성
찬성
찬성
찬성
-
2024.11.29
제4회 사모 전환사채 발행일정 변경의 건(납입일 : 2024.11.29→2024.12.09)
가결
찬성
찬성
찬성
찬성
찬성
찬성
-
2024.11.29
제5회 사모 전환사채 발행일정 변경의 건(납입일 : 2024.11.29→2024.12.27)
가결
찬성
찬성
찬성
찬성
찬성
찬성
-
2024.12.09
제4회 사모 전환사채 발행철회의 건
가결
찬성
찬성
찬성
찬성
찬성
찬성
-
2024.12.17
제2회 사모 전환사채 만기전 사채 취득의 건_상환총액 확정
가결
찬성
찬성
찬성
찬성
찬성
찬성
-
2024.12.17
제2회 사모 전환사채 만기전 사채 취득의 건(2CB 4억원)
기결
찬성
찬성
찬성
찬성
찬성
찬성
-
2024.12.20
제2회 사모 전환사채 만기전 사채 취득의 건(2CB 6억원)
가결
찬성
찬성
찬성
찬성
찬성
찬성
-
2024.12.27
제2회 사모 전환사채 만기전 사채 취득의 건(2CB 5억원)
가결
찬성
찬성
찬성
찬성
찬성
찬성
-
2024.12.27
제5회 사모 전환사채 발행일정 변경의 건(납입일 : 2024.12.27→2025.01.31)
가결
찬성
찬성
찬성
찬성
찬성
찬성
-
다. 이사의 독립성
이사는 주주총회에서 선임하며, 주주총회에서 선임할 이사 후보자는 이사회(사내이사)가 선정하여 주주총회에 제출할 의안으로 확정하고 있습니다. 또한, 이사의 선임과 관련하여 주주제안이 있는 경우, 이사회는 적법한 범위 내에서 이를 주주총회에 의안으로 제출하고 있습니다. 그리고 이사후보자에 대해 상법 등 관련법에서 정하는 결격사유에 해당하지 않음을 확인하고 있습니다. 이러한 절차에 따라 선임된 이사는 다음과 같습니다.
직 명
성 명
임기
연임여부(횟수)
선임배경
추천인
활동분야
당해법인과의최근3년간 거래내역
최대주주등과의 관계
대표이사
황재우
'24.03.28~'27.03.28
재선임(1)
삼영이엔씨(주) 대표이사로서 회사의 경영계획 및 영업계획에 전반적인 책임을 지고 있으며, 회사가 영위하고 있는 사업의 경력을 보유하고 있으며 이는 당사의 기업경영에 도움이 될 것으로 평가하여 후보자로 추천함.
이사회
대표이사(경영총괄)
장기대여금 661백만원
특수관계인(자녀)
사내이사
김남호
'24.03.28~'27.03.28
재선임(1)
경영 전반에 대한 넓은 이해도와 풍부한 경험을 바탕으로 회사의 성장기반 구축 및 경쟁력 제고에 기여할 것으로 판단되어 후보자로 추천함
이사회
사내이사(경영지원)
-
-
사내이사
김원근
'24.10.22~'27.10.22
신규선임(0)
기업의 경영전반에 대한 폭넓은 이해도와 실무경험을 바탕으로 회사의 가치 제고에 기여할 것으로 판단되어 이사후보자로 추천함.
이사회
사내이사(경영지원)
-
-
사내이사
김중철
'24.10.22~'27.10.22
신규선임(0)
기업의 경영전반에 대한 폭넓은 이해도와 실무경험을 바탕으로 회사의 가치 제고에 기여할 것으로 판단되어 이사후보자로 추천함.
이사회
사내이사(경영지원)
-
-
사외이사
이형룡
'24.10.22~'27.10.22
신규선임(0)
기업의 경영전반에 대한 폭넓은 이해도와 실무경험을 바탕으로 회사의 가치 제고에 기여할 것으로 판단되어 이사후보자로 추천함.
이사회
사외이사(경영관리감독)
-
-
사외이사
최호석
'24.10.22~'27.10.22
신규선임(0)
기업의 경영전반에 대한 폭넓은 이해도와 실무경험을 바탕으로 회사의 가치 제고에 기여할 것으로 판단되어 이사후보자로 추천함.
이사회
사외이사(경영관리감독)
-
-
주1) 2024년 3월 28일 정기주주총회에서 황재우, 김남호 사내이사 및 윤문상, 서용석 사외이사를 각각 재선임하였고 김진국 사내이사를 신규선임하였으며, 김상우, 최성은 사내이사 및 이수동 사외이사는 일실상의 사유로 중도 사임하였습니다.
주2) 2024년 10월 22일 임시주주총회에서 이형룡, 최호석 사외이사와 김원근, 김중철 사내이사를 신규선임하였으며, 윤문상, 서용석 사외이사와 김진국 사내이사는 일신상의 사유로 중도 사임하였습니다.주3) 2025년 2월 10일 황재우 대표이사는 일신상의 사유로 대표이사직을 사임하고 김중철 사내이사가 대표이사로 신규 선임됨.
[사외이사 교육 미실시 내역]
사외이사 교육 실시여부
사외이사 교육 미실시 사유
미실시
사외이사의 경력과 전문성을 고려한 바, 공시대상기간에는 별도의 교육을 실시하지 않았으나 향후 업무수행과 관련하여 필요시 교육을 진행할 예정입니다.
2. 감사제도에 관한 사항
가. 감사의 인적사항
공시서류제출일 현재 당사는 감사위원회를 별도로 설치하고 있지 아니하며, 2024년 10월 22일 임시주주총회 결의에 의하여 신규선임된 비상근감사 1명(최승민)이 감사업무를 수행하고 있습니다.
선임일
성 명
약력
최대주주와의 관계
당해법인과의최근3년간 거래내역
추천인
2024.10.22
최승민
법무법인 유스트 변호사
없음
없음
이사회
나. 감사의 독립성
감사는 이사회에 참석하여 독립적으로 이사의 업무를 감독할 수 있으며, 제반업무와관련하여 관련 장부 및 서류를 해당부서에 제출 요구할 수 있습니다. 또한 필요시 회사로부터 영업에 관한 사항을 보고 받을 수 있으며, 적절한 방법으로 경영정보에 접근할 수 있습니다.
다. 감사의 주요 활동내용
개최일자
의 안 내 용
가결여부
비고
2024.02.02
제3자배정 유상증자(소액공모) 결정의 건
가결
-
2024.02.26
제29기 재무제표 및 영업보고서 승인의 건
가결
-
2024.03.13
1. 제29기 정기주주총회 소집 및 부의안건 결정의 건
가결
-
2. 전자투표제도 도입의 건
가결
-
2024.05.08
임시주주총회 소집의 건
가결
-
2024.05.30
임시주주총회 개최일 변경의 건(2024.06.14→2024.06.28)
가결
-
2024.06.10
제4회 사모 전환사채 발행의 건
가결
-
2024.06.13
임시주주총회 개최일 변경의 건(2024.06.28→2024.07.12)
가결
-
2024.06.14
제4회 사모 전환사채 발행일정 변경의 건(납입일 : 2024.06.14→2024.06.27)
가결
-
2024.06.27
임시주주총회 개최일 변경의 건(2024.07.12→2024.08.09)
가결
-
2024.06.27
제4회 사모 전환사채 발행일정 변경의 건(납입일 : 2024.06.27→2024.07.25)
가결
-
2024.07.25
임시주주총회 개최일 변경의 건(2024.08.09→2024.08.22)
가결
-
2024.07.25
제4회 사모 전환사채 발행일정 변경의 건(납입일 : 2024.07.25→2024.08.21)
가결
-
2024.08.07
임시주주총회 부의안건 확정
가결
-
2024.08.21
제4회 사모 전환사채 발행일정 변경의 건(납입일 : 2024.08.21→2024.09.30)
가결
-
2024.08.29
임시주주총회 소집의 건
가결
-
2024.09.09
제4회 사모 전환사채 발행일정 변경의 건(납입일 : 2024.09.30→2024.10.16)
가결
-
2024.09.09
제5회 사모 전환사채 발행의 건
가결
-
2024.09.09
제3자배정 유상증자 결정의 건
가결
-
2024.09.11
지배인 선임의 건
가결
-
2024.09.13
임시주주총회 부의안건 확정
가결
-
2024.09.19
경영전반에 관한 사항
가결
-
2024.09.19
제3자배정 유상증자 납입일 변경의 건(납입일 : 2024. 09.19→2024.09.24)
가결
-
2024.09.24
제3자배정 유상증자 납입일 변경의 건(납입일 : 2024. 09.24→2024.09.30)
가결
-
2024.09.27
임시주주총회 개최일 변경의 건(개최일 : 2024.10.14
→2024.10.22)
가결
-
2024.09.30
10억원 대여의 건(주식회사 레디투스세븐)
가결
2024.10.07
임시주주총회 부의안건 확장의 건
가결
-
2024.10.16
제4회 사모 전환사채 발행일정 변경의 건(납입일 : 2024.10.16→2024.10.30)
가결
-
2024.10.30
제4회 사모 전환사채 발행일정 변경의 건(납입일 : 2024.10.30→2024.11.13)
가결
-
2024.11.13
제4회 사모 전환사채 발행일정 변경의 건(납입일 : 2024.11.13→2024.11.29)
가결
-
2024.11.13
제5회 사모 전환사채 발행일정 변경의 건(납입일 : 2024.11.13→2024.11.29)
가결
-
2024.11.29
제4회 사모 전환사채 발행일정 변경의 건(납입일 : 2024.11.29→2024.12.09)
가결
-
2024.11.29
제5회 사모 전환사채 발행일정 변경의 건(납입일 : 2024.11.29→2024.12.27)
가결
-
2024.12.09
제4회 사모 전환사채 발행철회의 건
가결
-
2024.12.17
제2회 사모 전환사채 만기전 사채 취득의 건_상환총액 확정
가결
-
2024.12.17
제2회 사모 전환사채 만기전 사채 취득의 건(2CB 4억원)
기결
-
2024.12.20
제2회 사모 전환사채 만기전 사채 취득의 건(2CB 6억원)
가결
-
2024.12.27
제2회 사모 전환사채 만기전 사채 취득의 건(2CB 5억원)
가결
-
2024.12.27
제5회 사모 전환사채 발행일정 변경의 건(납입일 : 2024.12.27→2025.01.31)
가결
-
[감사 교육 미실시 내역]
감사 교육 실시여부
감사 교육 미실시 사유
미실시
감사의 경력과 전문성을 고려하여 공시대상기간에는 별도 교육을 실시하지 않았으나, 향후 감사 전문성 향상 및 업무수행과 관련하여 필요시 교육을 실시할 예정입니다.
[감사 지원조직 현황]
부서(팀)명
직원수(명)
직위(근속연수)
주요 활동내역
회계팀
2
이사1명(18년)부장1명(22년)
재무제표, 이사회 등 경영전반에 관한 감사직무 수행지원
[준법지원인 등 지원조직 현황]
- 해당사항 없음.
3. 주주총회 등에 관한 사항
가. 투표제도 현황
(기준일 :
2024년 12월 31일
)
투표제도 종류
집중투표제
서면투표제
전자투표제
도입여부
배제
미도입
도입
실시여부
-
-
제29기(2023년도) 정기주주총회
- 당사는 2022.10.06 임시주주총회, 2023.04.11 임시주주총회, 2024.03.28 정기주주총회, 2024.10.22 임시주주총회에서 의결권대리행사권유제도를 도입하여 실시하였으며, 직접교부, 우편접수 및 전자우편 방식으로 위임 권유하였습니다.
나. 소수주주권
- 주주제안권 행사
행사자
안건
목적사항 포함여부
거부 사유
진행 경과
주현정 외 2명
1. 이사 해임의 건(주주제안) 1-1호 의안 : 사내이사 황재우 해임의 건 1-2호 의안 : 사내이사 김상우 해임의 건 1-3호 의안 : 사내이사 최성은 해임의 건2. 이사 선임의 건(주주제안) 2-1호 의안 : 사내이사 주현정 선임의 건 2-2호 의안 : 사내이사 김동환 선임의 건 2-3호 의안 : 사외이사 석경희 선임의 건
-
임기 중인 임원의 해임에 관한 사항 등 상법시행령 제12조(주주제안의 거부)에 따른 거부
(2023.01.03) 내용증명으로 임시주총 소집 요구(2023.01.12) 주총소집허가 소송 제기(2023.02.16) 주총소집허가 결정
(2023.03.24) 주총 검사인 선임
(2023.04.11) 임시주총 개최 -> 소수주주 제안안건 부결됨
황혜경
1. 의결권행사금지가처분신청 - 채권자 : 황혜경 - 채무자 : 황재우, 삼영이엔씨 주식회사
-
신청 이유없음으로 기각
(2024.10.14) 의결권행사금지가처분신청 제출(2024.10.16) 당사 수령(2024.10.21) 의결권행사금지가처분신청 모두 기각
- 당사는 2023년 1월 12일 주현정외 2명이 제기한 주주총회소집허가 신청(사건번호 2023비합200005)이 법원의 인용 결정됨(2023.02.16)에 따라, 4월 11일 임시주주총회가 개최되었고 의결권대리행사권유를 통한 위임장 권유 경쟁 결과, 주현정외 2명이 제안한 안건 모두 부결되었습니다.
- 2024년 10월 14일 황혜경은 2024년 10월 22일 임시주주총회에서 황재우의 의결권행사금지가처분 신청(사건번호 2024카합10431)을 했고, 당사는 해당 소장을 2024년 10월 16일에 수령하였으며, 2024년 10월 21일 부산지방법원은 해당 사건을 신청 이유없음으로 기각하였습니다.
- 공시대상기간 중 소수주주권이 행사된 법적 분쟁사항은 다음과 같습니다.
제기(신청)일자
사건명칭(사건번호)
신청인
피신청인
관할법원
진행사항
2023.01.12
주주총회소집허가(2023비합200005)
주현정외2명
당사
부산지방법원
2023.02.16 인용판결
2024.10.17
의결권행사금지가처분(2024카합10431)
황혜경
황재우,삼영이엔씨 주식회사
부산지방법원
2024.10.21기각판결
다. 경영권 경쟁
- 당사는 2023년 1월 12일 주현정외 2명이 제기한 주주총회소집허가 신청(사건번호 2023비합200005)이 법원의 인용 결정됨(2023.02.16)에 따라, 4월 11일 임시주주총회가 개최되었고 의결권대리행사권유를 통한 위임장 권유 경쟁 결과, 주현정외 2명이 제안한 안건 모두 부결되었습니다.
- 2024년 10월 14일 황혜경은 2024년 10월 22일 임시주주총회에서 황재우의 의결권행사금지가처분 신청(사건번호 2024카합10431)을 했고, 당사는 해당 소장을 2024년 10월 16일에 수령하였으며, 2024년 10월 21일 부산지방법원은 해당 사건을 신청 이유없음으로 기각하였습니다.
- 공시대상기간 중 회사의 경영지배권에 관한 법정 분쟁사항은 다음과 같습니다.
제기(신청)일자
사건명칭(사건번호)
신청인
피신청인
관할법원
진행사항
2023.01.12
주주총회소집허가(2023비합200005)
주현정외2명
당사
부산지방법원
2023.02.16인용판결
2024.10.17
의결권행사금지가처분(2024카합10431)
황혜경
황재우
부산지방법원
2024.10.21기각판결
라. 의결권 현황
(기준일 :
2024년 12월 31일
)
(단위 : 주)
구 분
주식의 종류
주식수
비고
발행주식총수(A)
보통주
15,924,631
-
-
-
-
의결권없는 주식수(B)
보통주
-
-
-
-
-
정관에 의하여 의결권 행사가 배제된 주식수(C)
보통주
-
-
-
-
-
기타 법률에 의하여의결권 행사가 제한된 주식수(D)
보통주
-
-
-
-
-
의결권이 부활된 주식수(E)
보통주
-
-
-
-
-
의결권을 행사할 수 있는 주식수(F = A - B - C - D + E)
보통주
15,924,631
-
-
-
-
마. 주식사무
정관상 신주인수권의 내용
제 9 조 (신주인수권)
① 이 회사의 주주는 신주발행에 있어서 그가 소유한 주식 수에 비례하여 신주의 배정을 받을 권리를 가진다.
② 제1항의 규정에 불구하고 다음 각 호의 어느 하나에 해당하는 경우 이사회의 결의로 주주 외의 자에게 신주를 배정할 수 있다.
1. 「자본시장과 금융투자업에 관한 법률」제165조의6에 따라 일반공모증자방식으로 신주를 발행하는 경우
2. 발행하는 주식총수의 100분의 20 범위 내에서 우리사주조합원에게 주식을 우선 배정하는 경우
3.「상법」제542조의 3에 따른 주식매수선택권의 행사로 인하여 신주를 발행하는 경우
4. 사업상 중요한 기술도입, 연구개발, 생산ㆍ판매ㆍ자본제휴, 재무구조개선 등 회사의 경영상 목적을 달성하기 위하여 그 상대 방에게 신주를 발행하는 경우
5. 긴급한 자금조달을 위하여 국내외 금융기관 또는 기관투자자에게 신주를 발행하는 경우
6. 「근로복지기본법」 제39조의 규정에 의한 우리사주매수선택권의 행사로 신주를 발행하는 경우
③ 제2항 각 호중 어느 하나의 규정에 의해 신주를 발행할 경우 발행할 주식의 종류와 수 발행가격 등은 이사회의 결의로 정한다.
④ 주주가 신주인수권을 포기 또는 상실하거나 신주배정에서 단주가 발생하는 경우에 그 처리방법은 이사회의 결의로 정한다.
결 산 일
12월 31일
정기주주총회
사업연도 종료 후 3월 이내
주주명부폐쇄시기
(*전자증권제도 시행에 따라 주주명부폐쇄시기 삭제)
주권의 종류
(*2019년 9월 16일 전자증권제도 시행에 따라 실물증권은 폐기)
명의개서대리인
한국예탁결제원(T:02-3774-3000) : 서울 영등포구 여의나루로 4길 23
주주의 특전
없음
공고게재방법
ㆍ홈페이지 : http://www.samyungenc.com 단, 부득이한 사유로 홈페이지에 공고할 수 없을 경우 매일경제신문에 게재.
바. 주주총회 의사록 요약
주총일자
안 건
결의내용
주요 논의내용
임시주주총회(2024.10.22)
1. 정관 일부 변경의 건
원안가결
-
2. 이사 선임의건
2-1호 의안 : 사내이사 김원근 신규선임의 건
원안가결
2-2호 의안 : 사내이사 김중철 신규선임의 건
원안가결
2-3호 의안 : 사외이사 이형룡 신규선임의 건
원안가결
2-4호 의안 : 사외이사 최호석 신규선임의 건
원안가결
3. 감사 최승민 신규선임의 건
원안가결
임시주주총회(2024.08.22)
1. 정관 일부 변경의 건
부결
-
2. 사외이사 조길연 선임의 건
부결
제29기정기주총(2024.03.28)
1. 제29기 재무제표 승인의 건
원안가결
-
2. 정관 일부 변경의 건
원안가결
3. 이사 선임의 건
3-1호 의안 : 사내이사 황재우 재선임의 건
원안가결
3-2호 의안 : 사내이사 김남호 재선임의 건
원안가결
3-3호 의안 : 사내이사 김진국 신규선임의 건
원안가결
3-4호 의안 : 사외이사 윤문상 재선임의 건
원안가결
3-5호 의안 : 사외이사 서용석 재선임의 건
원안가결
4. 감사 임경수 재선임의 건
원안가결
5. 이사 보수한도 승인의 건(30기 8억원, 29기 10억원)
원안가결
6. 감사 보수한도 승인의 건(30기 1억원, 29기 1억원)
원안가결
임시주총(2023.04.11)
1. 이사 해임의 건(주주제안)
1-1호 의안 : 사내이사 황재우 해임의 건(주주제안)
부결
- 주주제안 : 경영진 교체 목적으로 기존 사내이사 황재우, 김상우, 최성은의 해임 및 주주제안 사내이사 주현정, 김동환 및 사외이사 석경회의 선임 요청- 주주총회 : 출석주식 과반의 반대 및 찬성 출석 주식수가 특별의결 정족수미달, 1호 각호 의안 부결로 의안 자동폐기
1-2호 의안 : 사내이사 김상우 해임의 건(주주제안)
부결
1-3호 의안 : 사내이사 최성은 해임의 건(주주제안)
부결
2. 이사 선임의 건(주주제안)
2-1호 의안 : 사내이사 주현정 선임의 건(주주제안)
부결
2-2호 의안 : 사내이사 김동환 선임의 건(주주제안)
2-3호 의안 : 사외이사 석경회 선임의 건(주주제안)
정기주주총회(2023.03.29)
1. 제28기 재무제표(이익잉여금처분계산서 포함) 승인의 건2. 정관 일부 변경의 건3. 사외이사 이수동 선임의 건4. 이사 보수한도 승인의 건 29기 10억원, 28기 10억원5. 감사 보수한도 승인의 건 29기 1억원, 28기 1억원
원안가결
-
임시주주총회(2022.10.06)
1. 정관 일부 변경의 건2. 사내이사 김상우 선임의 건
원안가결
-
정기주주총회(2022.03.29)
1. 제27기 재무제표(이익잉여금처분계산서 포함) 승인의 건2. 이사보수한도액 승인의 건 28기 10억원, 27기 10억원3. 감사보수한도액 승인의 건 28기 1억원, 27기 1억원
원안가결
-
임시주주총회(2022.01.11)
1. 정관 일부 변경의 건
원안가결
-"	"VI. 이사회 등 회사의 기관에 관한 사항
1. 이사회에 관한 사항
가. 이사회 구성 개요
- 공시서류작성기준일 현재 당사의 이사회는 사내이사 4명과 사외이사 2명, 총 6명의 이사로 구성되어 있습니다. ※ 각 이사의 주요이력 및 업무분장은 ""임원의 현황""을 참고하시기 바랍니다.
[사외이사 및 그 변동현황]
(단위 : 명)
이사의 수
사외이사 수
사외이사 변동현황
선임
해임
중도퇴임
6
2
4
-
3
주) 2024년 3월 28일 정기주주총회에서 사외이사 2명(서용석, 윤문상)이 재선임되었으며, 사외이사 1명(이수동)은 일신상의 사유로 중도 사임하였습니다.주) 2024년도 10월 22일 임시주주총회 결과 사외이사 2명(이형룡, 최호석)이 신규 선임되었으며, 사외이사 2명(서용석, 윤문상)은 일신상의 사유로 중도 사임하였습니다.
나. 중요의결사항 등
개최일자
의 안 내 용
가결여부
이사의 성명
비고
사외이사
사내이사
윤문상(출석률: 100%)
서용석(출석률: 100%)
이수동(출석률: 100%)
이형룡(출석률: 100%)
최호석(출석률: 100%)
황재우(출석률: 100%)
김남호(출석률: 100%)
최성은(출석률: 100%)
김상우(출석률: 100%)
김진국(출석률: 100%)
김원근(출석률: 100%)
김중철(출석률: 100%)
찬반여부
2024.02.02
제3자배정 유상증자(소액공모) 결정의 건
가결
찬성
찬성
찬성
2024.10.22신규선임
2024.10.22신규선임
찬성
찬성
찬성
찬성
2024.03.28신규선임
2024.10.22신규선임
2024.10.22신규선임
-
2024.02.26
제29기 재무제표 및 영업보고서 승인의 건
가결
찬성
찬성
찬성
찬성
찬성
찬성
찬성
-
2024.03.13
1. 제29기 정기주주총회 소집 및 부의안건 결정의 건
가결
찬성
찬성
찬성
찬성
찬성
찬성
찬성
-
2. 전자투표제도 도입의 건
가결
찬성
찬성
찬성
찬성
찬성
찬성
찬성
-
2024.05.08
임시주주총회 소집의 건
가결
찬성
찬성
2024.03.28중도사임
찬성
찬성
2024.03.28중도사임
2024.03.28중도사임
찬성
-
2024.05.30
임시주주총회 개최일 변경의 건(2024.06.14→2024.06.28)
가결
찬성
찬성
찬성
찬성
찬성
-
2024.06.10
제4회 사모 전환사채 발행의 건
가결
찬성
찬성
찬성
찬성
찬성
-
2024.06.13
임시주주총회 개최일 변경의 건(2024.06.28→2024.07.12)
가결
찬성
찬성
찬성
찬성
찬성
-
2024.06.14
제4회 사모 전환사채 발행일정 변경의 건(납입일 : 2024.06.14→2024.06.27)
가결
찬성
찬성
찬성
찬성
찬성
-
2024.06.27
임시주주총회 개최일 변경의 건(2024.07.12→2024.08.09)
가결
찬성
찬성
찬성
찬성
찬성
-
2024.06.27
제4회 사모 전환사채 발행일정 변경의 건(납입일 : 2024.06.27→2024.07.25)
가결
찬성
찬성
찬성
찬성
찬성
-
2024.07.25
임시주주총회 개최일 변경의 건(2024.08.09→2024.08.22)
가결
찬성
찬성
찬성
찬성
찬성
-
2024.07.25
제4회 사모 전환사채 발행일정 변경의 건(납입일 : 2024.07.25→2024.08.21)
가결
찬성
찬성
찬성
찬성
찬성
-
2024.08.07
임시주주총회 부의안건 확정
가결
찬성
찬성
찬성
찬성
찬성
-
2024.08.21
제4회 사모 전환사채 발행일정 변경의 건(납입일 : 2024.08.21→2024.09.30)
가결
찬성
찬성
찬성
찬성
찬성
-
2024.08.29
임시주주총회 소집의 건
가결
찬성
찬성
찬성
찬성
찬성
-
2024.09.09
제4회 사모 전환사채 발행일정 변경의 건(납입일 : 2024.09.30→2024.10.16)
가결
찬성
찬성
찬성
찬성
찬성
-
2024.09.09
제5회 사모 전환사채 발행의 건
가결
찬성
찬성
찬성
찬성
찬성
-
2024.09.09
제3자배정 유상증자 결정의 건
가결
찬성
찬성
찬성
찬성
찬성
-
2024.09.11
지배인 선임의 건
가결
찬성
찬성
찬성
찬성
찬성
-
2024.09.13
임시주주총회 부의안건 확정
가결
찬성
찬성
찬성
찬성
찬성
-
2024.09.19
경영전반에 관한 사항
가결
찬성
찬성
찬성
찬성
찬성
2024.09.19
제3자배정 유상증자 납입일 변경의 건(납입일 : 2024. 09.19→2024.09.24)
가결
찬성
찬성
찬성
찬성
찬성
-
2024.09.24
제3자배정 유상증자 납입일 변경의 건(납입일 : 2024. 09.24→2024.09.30)
가결
찬성
찬성
찬성
찬성
찬성
-
2024.09.27
임시주주총회 개최일 변경의 건(개최일 : 2024.10.14→2024.10.22)
가결
찬성
찬성
찬성
찬성
찬성
-
2024.09.30
10억원 대여의 건(주식회사 레디투스세븐)
가결
찬성
반대
찬성
찬성
찬성
-
2024.10.07
임시주주총회 부의안건 확장의 건
가결
찬성
찬성
찬성
찬성
찬성
-
2024.10.16
제4회 사모 전환사채 발행일정 변경의 건(납입일 : 2024.10.16→2024.10.30)
가결
찬성
찬성
찬성
찬성
찬성
-
2024.10.30
제4회 사모 전환사채 발행일정 변경의 건(납입일 : 2024.10.30→2024.11.13)
가결
2024.10.22중도사임
2024.10.22중도사임
찬성
찬성
찬성
찬성
2024.10.22중도사임
찬성
찬성
-
2024.11.13
제4회 사모 전환사채 발행일정 변경의 건(납입일 : 2024.11.13→2024.11.29)
가결
찬성
찬성
찬성
찬성
찬성
찬성
-
2024.11.13
제5회 사모 전환사채 발행일정 변경의 건(납입일 : 2024.11.13→2024.11.29)
가결
찬성
찬성
찬성
찬성
찬성
찬성
-
2024.11.29
제4회 사모 전환사채 발행일정 변경의 건(납입일 : 2024.11.29→2024.12.09)
가결
찬성
찬성
찬성
찬성
찬성
찬성
-
2024.11.29
제5회 사모 전환사채 발행일정 변경의 건(납입일 : 2024.11.29→2024.12.27)
가결
찬성
찬성
찬성
찬성
찬성
찬성
-
2024.12.09
제4회 사모 전환사채 발행철회의 건
가결
찬성
찬성
찬성
찬성
찬성
찬성
-
2024.12.17
제2회 사모 전환사채 만기전 사채 취득의 건_상환총액 확정
가결
찬성
찬성
찬성
찬성
찬성
찬성
-
2024.12.17
제2회 사모 전환사채 만기전 사채 취득의 건(2CB 4억원)
기결
찬성
찬성
찬성
찬성
찬성
찬성
-
2024.12.20
제2회 사모 전환사채 만기전 사채 취득의 건(2CB 6억원)
가결
찬성
찬성
찬성
찬성
찬성
찬성
-
2024.12.27
제2회 사모 전환사채 만기전 사채 취득의 건(2CB 5억원)
가결
찬성
찬성
찬성
찬성
찬성
찬성
-
2024.12.27
제5회 사모 전환사채 발행일정 변경의 건(납입일 : 2024.12.27→2025.01.31)
가결
찬성
찬성
찬성
찬성
찬성
찬성
-
다. 이사의 독립성
이사는 주주총회에서 선임하며, 주주총회에서 선임할 이사 후보자는 이사회(사내이사)가 선정하여 주주총회에 제출할 의안으로 확정하고 있습니다. 또한, 이사의 선임과 관련하여 주주제안이 있는 경우, 이사회는 적법한 범위 내에서 이를 주주총회에 의안으로 제출하고 있습니다. 그리고 이사후보자에 대해 상법 등 관련법에서 정하는 결격사유에 해당하지 않음을 확인하고 있습니다. 이러한 절차에 따라 선임된 이사는 다음과 같습니다.
직 명
성 명
임기
연임여부(횟수)
선임배경
추천인
활동분야
당해법인과의최근3년간 거래내역
최대주주등과의 관계
대표이사
황재우
'24.03.28~'27.03.28
재선임(1)
삼영이엔씨(주) 대표이사로서 회사의 경영계획 및 영업계획에 전반적인 책임을 지고 있으며, 회사가 영위하고 있는 사업의 경력을 보유하고 있으며 이는 당사의 기업경영에 도움이 될 것으로 평가하여 후보자로 추천함.
이사회
대표이사(경영총괄)
장기대여금 661백만원
특수관계인(자녀)
사내이사
김남호
'24.03.28~'27.03.28
재선임(1)
경영 전반에 대한 넓은 이해도와 풍부한 경험을 바탕으로 회사의 성장기반 구축 및 경쟁력 제고에 기여할 것으로 판단되어 후보자로 추천함
이사회
사내이사(경영지원)
-
-
사내이사
김원근
'24.10.22~'27.10.22
신규선임(0)
기업의 경영전반에 대한 폭넓은 이해도와 실무경험을 바탕으로 회사의 가치 제고에 기여할 것으로 판단되어 이사후보자로 추천함.
이사회
사내이사(경영지원)
-
-
사내이사
김중철
'24.10.22~'27.10.22
신규선임(0)
기업의 경영전반에 대한 폭넓은 이해도와 실무경험을 바탕으로 회사의 가치 제고에 기여할 것으로 판단되어 이사후보자로 추천함.
이사회
사내이사(경영지원)
-
-
사외이사
이형룡
'24.10.22~'27.10.22
신규선임(0)
기업의 경영전반에 대한 폭넓은 이해도와 실무경험을 바탕으로 회사의 가치 제고에 기여할 것으로 판단되어 이사후보자로 추천함.
이사회
사외이사(경영관리감독)
-
-
사외이사
최호석
'24.10.22~'27.10.22
신규선임(0)
기업의 경영전반에 대한 폭넓은 이해도와 실무경험을 바탕으로 회사의 가치 제고에 기여할 것으로 판단되어 이사후보자로 추천함.
이사회
사외이사(경영관리감독)
-
-
주1) 2024년 3월 28일 정기주주총회에서 황재우, 김남호 사내이사 및 윤문상, 서용석 사외이사를 각각 재선임하였고 김진국 사내이사를 신규선임하였으며, 김상우, 최성은 사내이사 및 이수동 사외이사는 일실상의 사유로 중도 사임하였습니다.
주2) 2024년 10월 22일 임시주주총회에서 이형룡, 최호석 사외이사와 김원근, 김중철 사내이사를 신규선임하였으며, 윤문상, 서용석 사외이사와 김진국 사내이사는 일신상의 사유로 중도 사임하였습니다.주3) 2025년 2월 10일 황재우 대표이사는 일신상의 사유로 대표이사직을 사임하고 김중철 사내이사가 대표이사로 신규 선임됨.
[사외이사 교육 미실시 내역]
사외이사 교육 실시여부
사외이사 교육 미실시 사유
미실시
사외이사의 경력과 전문성을 고려한 바, 공시대상기간에는 별도의 교육을 실시하지 않았으나 향후 업무수행과 관련하여 필요시 교육을 진행할 예정입니다.
2. 감사제도에 관한 사항
가. 감사의 인적사항
공시서류제출일 현재 당사는 감사위원회를 별도로 설치하고 있지 아니하며, 2024년 10월 22일 임시주주총회 결의에 의하여 신규선임된 비상근감사 1명(최승민)이 감사업무를 수행하고 있습니다.
선임일
성 명
약력
최대주주와의 관계
당해법인과의최근3년간 거래내역
추천인
2024.10.22
최승민
법무법인 유스트 변호사
없음
없음
이사회
나. 감사의 독립성
감사는 이사회에 참석하여 독립적으로 이사의 업무를 감독할 수 있으며, 제반업무와관련하여 관련 장부 및 서류를 해당부서에 제출 요구할 수 있습니다. 또한 필요시 회사로부터 영업에 관한 사항을 보고 받을 수 있으며, 적절한 방법으로 경영정보에 접근할 수 있습니다.
다. 감사의 주요 활동내용
개최일자
의 안 내 용
가결여부
비고
2024.02.02
제3자배정 유상증자(소액공모) 결정의 건
가결
-
2024.02.26
제29기 재무제표 및 영업보고서 승인의 건
가결
-
2024.03.13
1. 제29기 정기주주총회 소집 및 부의안건 결정의 건
가결
-
2. 전자투표제도 도입의 건
가결
-
2024.05.08
임시주주총회 소집의 건
가결
-
2024.05.30
임시주주총회 개최일 변경의 건(2024.06.14→2024.06.28)
가결
-
2024.06.10
제4회 사모 전환사채 발행의 건
가결
-
2024.06.13
임시주주총회 개최일 변경의 건(2024.06.28→2024.07.12)
가결
-
2024.06.14
제4회 사모 전환사채 발행일정 변경의 건(납입일 : 2024.06.14→2024.06.27)
가결
-
2024.06.27
임시주주총회 개최일 변경의 건(2024.07.12→2024.08.09)
가결
-
2024.06.27
제4회 사모 전환사채 발행일정 변경의 건(납입일 : 2024.06.27→2024.07.25)
가결
-
2024.07.25
임시주주총회 개최일 변경의 건(2024.08.09→2024.08.22)
가결
-
2024.07.25
제4회 사모 전환사채 발행일정 변경의 건(납입일 : 2024.07.25→2024.08.21)
가결
-
2024.08.07
임시주주총회 부의안건 확정
가결
-
2024.08.21
제4회 사모 전환사채 발행일정 변경의 건(납입일 : 2024.08.21→2024.09.30)
가결
-
2024.08.29
임시주주총회 소집의 건
가결
-
2024.09.09
제4회 사모 전환사채 발행일정 변경의 건(납입일 : 2024.09.30→2024.10.16)
가결
-
2024.09.09
제5회 사모 전환사채 발행의 건
가결
-
2024.09.09
제3자배정 유상증자 결정의 건
가결
-
2024.09.11
지배인 선임의 건
가결
-
2024.09.13
임시주주총회 부의안건 확정
가결
-
2024.09.19
경영전반에 관한 사항
가결
-
2024.09.19
제3자배정 유상증자 납입일 변경의 건(납입일 : 2024. 09.19→2024.09.24)
가결
-
2024.09.24
제3자배정 유상증자 납입일 변경의 건(납입일 : 2024. 09.24→2024.09.30)
가결
-
2024.09.27
임시주주총회 개최일 변경의 건(개최일 : 2024.10.14→2024.10.22)
가결
-
2024.09.30
10억원 대여의 건(주식회사 레디투스세븐)
가결
2024.10.07
임시주주총회 부의안건 확장의 건
가결
-
2024.10.16
제4회 사모 전환사채 발행일정 변경의 건(납입일 : 2024.10.16→2024.10.30)
가결
-
2024.10.30
제4회 사모 전환사채 발행일정 변경의 건(납입일 : 2024.10.30→2024.11.13)
가결
-
2024.11.13
제4회 사모 전환사채 발행일정 변경의 건(납입일 : 2024.11.13→2024.11.29)
가결
-
2024.11.13
제5회 사모 전환사채 발행일정 변경의 건(납입일 : 2024.11.13→2024.11.29)
가결
-
2024.11.29
제4회 사모 전환사채 발행일정 변경의 건(납입일 : 2024.11.29→2024.12.09)
가결
-
2024.11.29
제5회 사모 전환사채 발행일정 변경의 건(납입일 : 2024.11.29→2024.12.27)
가결
-
2024.12.09
제4회 사모 전환사채 발행철회의 건
가결
-
2024.12.17
제2회 사모 전환사채 만기전 사채 취득의 건_상환총액 확정
가결
-
2024.12.17
제2회 사모 전환사채 만기전 사채 취득의 건(2CB 4억원)
기결
-
2024.12.20
제2회 사모 전환사채 만기전 사채 취득의 건(2CB 6억원)
가결
-
2024.12.27
제2회 사모 전환사채 만기전 사채 취득의 건(2CB 5억원)
가결
-
2024.12.27
제5회 사모 전환사채 발행일정 변경의 건(납입일 : 2024.12.27→2025.01.31)
가결
-
[감사 교육 미실시 내역]
감사 교육 실시여부
감사 교육 미실시 사유
미실시
감사의 경력과 전문성을 고려하여 공시대상기간에는 별도 교육을 실시하지 않았으나, 향후 감사 전문성 향상 및 업무수행과 관련하여 필요시 교육을 실시할 예정입니다.
[감사 지원조직 현황]
부서(팀)명
직원수(명)
직위(근속연수)
주요 활동내역
회계팀
2
이사1명(18년)부장1명(22년)
재무제표, 이사회 등 경영전반에 관한 감사직무 수행지원
[준법지원인 등 지원조직 현황]
- 해당사항 없음.
3. 주주총회 등에 관한 사항
가. 투표제도 현황
(기준일 :
2024년 12월 31일
)
투표제도 종류
집중투표제
서면투표제
전자투표제
도입여부
배제
미도입
도입
실시여부
-
-
제29기(2023년도) 정기주주총회
- 당사는 2022.10.06 임시주주총회, 2023.04.11 임시주주총회, 2024.03.28 정기주주총회, 2024.10.22 임시주주총회에서 의결권대리행사권유제도를 도입하여 실시하였으며, 직접교부, 우편접수 및 전자우편 방식으로 위임 권유하였습니다.
나. 소수주주권
- 공시대상기간중 소수주주권의 행사내용은 아래와 같습니다.
행사일자
소수주주권의 내용
행사목적
진행경과
2023.01.12
주주제안권(2023비합200005)
(2023.04.11)임시주주총회- 이사 해임 및 이사 선임 제안
2023.02.16. 법원의 인용 결정에 따라 의안 상정
2023.03.15
주주명부 열람등사 가처분 신청(2023카합10116)
28기 정기주주총회 의결권 대리행사 권유
2023.03.21. 가처분 신청 취하
2024.10.14
의결권 행사금지 가처분 신청(2024카합10431)
(2024.10.22) 임시주주총회 주주권 및 의결권 행사금지
2024.10.21. 법원의 기각 결정
2025.02.19
직무집행정지 가처분 신청(2025카합10065)
황재우 사내이사의 직무집행정지 가처분 및 직무대행 신청
소송진행중
2025.03.14
직무집행정지 가처분 신청(2025카합10100)
김원근 사내이사의 직무집행정지 가처분 및 직무대행 신청
소송진행중
상기 소수주주권의 행사와 관련하여, 당사는 법원의 판결문 수령 등 사건의 경과에 따라 당일 한국거래소(KIND)에 수시공시 하였습니다.
- 공시대상기간중 행사된 주주제안권의 세부 내용은 아래와 같습니다.
행사자
안건
목적사항 포함여부
거부 사유
진행 경과
주현정 외 2명
1. 이사 해임의 건(주주제안) 1-1호 의안 : 사내이사 황재우 해임의 건 1-2호 의안 : 사내이사 김상우 해임의 건 1-3호 의안 : 사내이사 최성은 해임의 건2. 이사 선임의 건(주주제안) 2-1호 의안 : 사내이사 주현정 선임의 건 2-2호 의안 : 사내이사 김동환 선임의 건 2-3호 의안 : 사외이사 석경희 선임의 건
여
임기 중인 임원의 해임에 관한 사항 등 상법시행령 제12조(주주제안의 거부)에 따른 거부
(2023.01.03) 내용증명으로 임시주총 소집 요구(2023.01.12) 주총소집허가 소 제기(2023비합20005)(2023.02.16) 주총소집허가 인용 결정(2023.04.11) 임시주총 개최 -> 소수주주 제안안건 부결됨
다. 경영권 경쟁
- 당사는 2023년 1월 12일 주현정외 2명이 제기한 주주총회소집허가 신청(사건번호 2023비합200005)이 법원의 인용 결정됨(2023.02.16)에 따라, 4월 11일 임시주주총회가 개최되었고 의결권대리행사권유를 통한 위임장 권유 경쟁 결과, 주현정외 2명이 제안한 안건 모두 부결되었습니다. - 2024년 10월 14일 황혜경은 2024년 10월 22일 임시주주총회에서 황재우의 의결권행사금지가처분 신청(사건번호 2024카합10431)을 했고, 당사는 해당 소장을 2024년 10월 16일에 수령하였으며, 2024년 10월 21일 부산지방법원은 해당 사건을 신청 이유없음으로 기각하였습니다.
- 공시대상기간 중 회사의 경영지배권에 관한 법정 분쟁사항은 다음과 같습니다.
제기(신청)일자
사건명칭(사건번호)
신청인
피신청인
관할법원
진행사항
2023.01.12
주주총회소집허가(2023비합200005)
주현정외2명
당사
부산지방법원
2023.02.16인용판결
2024.10.17
의결권행사금지가처분(2024카합10431)
황혜경
황재우
부산지방법원
2024.10.21기각판결
라. 의결권 현황
(기준일 :
2024년 12월 31일
)
(단위 : 주)
구 분
주식의 종류
주식수
비고
발행주식총수(A)
보통주
15,924,631
-
-
-
-
의결권없는 주식수(B)
보통주
-
-
-
-
-
정관에 의하여 의결권 행사가 배제된 주식수(C)
보통주
-
-
-
-
-
기타 법률에 의하여의결권 행사가 제한된 주식수(D)
보통주
-
-
-
-
-
의결권이 부활된 주식수(E)
보통주
-
-
-
-
-
의결권을 행사할 수 있는 주식수(F = A - B - C - D + E)
보통주
15,924,631
-
-
-
-
마. 주식사무
정관상 신주인수권의 내용
제 9 조 (신주인수권)
① 이 회사의 주주는 신주발행에 있어서 그가 소유한 주식 수에 비례하여 신주의 배정을 받을 권리를 가진다.
② 제1항의 규정에 불구하고 다음 각 호의 어느 하나에 해당하는 경우 이사회의 결의로 주주 외의 자에게 신주를 배정할 수 있다.
1. 「자본시장과 금융투자업에 관한 법률」제165조의6에 따라 일반공모증자방식으로 신주를 발행하는 경우
2. 발행하는 주식총수의 100분의 20 범위 내에서 우리사주조합원에게 주식을 우선 배정하는 경우
3.「상법」제542조의 3에 따른 주식매수선택권의 행사로 인하여 신주를 발행하는 경우
4. 사업상 중요한 기술도입, 연구개발, 생산ㆍ판매ㆍ자본제휴, 재무구조개선 등 회사의 경영상 목적을 달성하기 위하여 그 상대 방에게 신주를 발행하는 경우
5. 긴급한 자금조달을 위하여 국내외 금융기관 또는 기관투자자에게 신주를 발행하는 경우
6. 「근로복지기본법」 제39조의 규정에 의한 우리사주매수선택권의 행사로 신주를 발행하는 경우
③ 제2항 각 호중 어느 하나의 규정에 의해 신주를 발행할 경우 발행할 주식의 종류와 수 발행가격 등은 이사회의 결의로 정한다.
④ 주주가 신주인수권을 포기 또는 상실하거나 신주배정에서 단주가 발생하는 경우에 그 처리방법은 이사회의 결의로 정한다.
결 산 일
12월 31일
정기주주총회
사업연도 종료 후 3월 이내
주주명부폐쇄시기
(*전자증권제도 시행에 따라 주주명부폐쇄시기 삭제)
주권의 종류
(*2019년 9월 16일 전자증권제도 시행에 따라 실물증권은 폐기)
명의개서대리인
한국예탁결제원(T:02-3774-3000) : 서울 영등포구 여의나루로 4길 23
주주의 특전
없음
공고게재방법
ㆍ홈페이지 : http://www.samyungenc.com 단, 부득이한 사유로 홈페이지에 공고할 수 없을 경우 매일경제신문에 게재.
바. 주주총회 의사록 요약
주총일자
안 건
결의내용
주요 논의내용
임시주주총회(2024.10.22)
1. 정관 일부 변경의 건
원안가결
- 정관변경 배경 밍 내용 설명 ㆍ (목적) 신사업을 위한 목적사업 추가 ㆍ (신주인수권) 발행한도 삭제를 통한 자금조달 원활화 제고 ㆍ (이사의 수)사업운영에 맞게 이사의 수 변경(3인 이상 5인 이내→ 3인 이상 6인 이내)
2. 이사 선임의건
2-1호 의안 : 사내이사 김원근 신규선임의 건
원안가결
- 이사 및 감사 후보 추천사유 설명
2-2호 의안 : 사내이사 김중철 신규선임의 건
원안가결
2-3호 의안 : 사외이사 이형룡 신규선임의 건
원안가결
2-4호 의안 : 사외이사 최호석 신규선임의 건
원안가결
3. 감사 최승민 신규선임의 건
원안가결
임시주주총회(2024.08.22)
1. 정관 일부 변경의 건
부결
- 정관변경 배경 밍 내용 설명 ㆍ (목적) 미영위 목적사업 삭제 및 신사업을 위한 목적사업 추가 ㆍ (종류주식) 종류주식 발행근거 및 종류주식의 수와 내용 신설- 의결정족수 미달로 인한 부결
2. 사외이사 조길연 선임의 건
부결
- 이사 후보 추천사유 설명- 의결정족수 미달로 인한 부결
제29기정기주총(2024.03.28)
1. 제29기 재무제표 승인의 건
원안가결
- 제29기 영업성과 관련 설명
2. 정관 일부 변경의 건
원안가결
- 정관변경 배경 밍 내용 설명 ㆍ (목적) 미영위 사업목적 삭제 ㆍ (회사가 발행할 주식의 총수) 수권주식 수의 변경 ㆍ (신주인수권) 제3자배정 신주발행 목적 추가로 자금조달 원활화 제고 ㆍ (전환사채 및 신주인수권부사채의 발행) 제3자 배정 발행한도 증액 및 목적 추가로 자금조달 원활화 제고 ㆍ (이사의 수) 이사의 수 변경(3인 이상 7인 이내 → 3인 이상 5인 이내)
3. 이사 선임의 건
3-1호 의안 : 사내이사 황재우 재선임의 건
원안가결
- 이사 및 감사 후보 추천 사유 설명
3-2호 의안 : 사내이사 김남호 재선임의 건
원안가결
3-3호 의안 : 사내이사 김진국 신규선임의 건
원안가결
3-4호 의안 : 사외이사 윤문상 재선임의 건
원안가결
3-5호 의안 : 사외이사 서용석 재선임의 건
원안가결
4. 감사 임경수 재선임의 건
원안가결
5. 이사 보수한도 승인의 건(30기 8억원, 29기 10억원)
원안가결
- 이사보수한도 설정에 대한 설명
6. 감사 보수한도 승인의 건(30기 1억원, 29기 1억원)
원안가결
- 감사보수한도 설정에 대한 설명
임시주총(2023.04.11)
1. 이사 해임의 건(주주제안)
1-1호 의안 : 사내이사 황재우 해임의 건(주주제안)
부결
- 주주제안 : 경영진 교체 목적으로 기존 사내이사 황재우, 김상우, 최성은의 해임 및 주주제안 사내이사 주현정, 김동환 및 사외이사 석경회의 선임에 관한 설명- 주주총회 : 출석주식 과반의 반대 및 찬성 출석 주식수가 특별의결 정족수미달, 1호 각호 의안 부결로 2호 각호 의안 자동폐기
1-2호 의안 : 사내이사 김상우 해임의 건(주주제안)
부결
1-3호 의안 : 사내이사 최성은 해임의 건(주주제안)
부결
2. 이사 선임의 건(주주제안)
2-1호 의안 : 사내이사 주현정 선임의 건(주주제안)
부결
2-2호 의안 : 사내이사 김동환 선임의 건(주주제안)
2-3호 의안 : 사외이사 석경회 선임의 건(주주제안)
정기주주총회(2023.03.29)
1. 제28기 재무제표(이익잉여금처분계산서 포함) 승인의 건
원안가결
- 제28기 영업성과 관련 설명
2. 정관 일부 변경의 건
- 정관변경 배경 밍 내용 설명 ㆍ (목적) 신사업을 위한 목적추가 ㆍ (감사) 회사 실정에 맞게 감사 수 변경(1명 이상 2명 이내→1명으로)
3. 사외이사 이수동 선임의 건
- 이사 후보 추천사유 설명
4. 이사 보수한도 승인의 건(29기 10억원, 28기 10억원)
- 이사보수한도 설정에 대한 설명
5. 감사 보수한도 승인의 건(29기 1억원, 28기 1억원)
- 감사보수한도 설정에 대한 설명
- 당사의 제30기 정기주주총회는 주총소집 및 주총안건에 대한 이사회 결정이 이뤄지지 않았고 이에 따라 주총소집절차 또한 진행되지 못한 관계로 미개최 되었으며, [2025.03.31] 기타 주요경영사항을 통해 추후 주주총회와 관련하여 결정이 되는대로 공시할 계획임을 공시하였습니다."	ok
20250814004133	KG에코솔루션	예	I. 4. 주식의 총수 등	자기주식 보유현황·직접 취득ㆍ처분 이행현황·신탁계약 이행현황 추가기재	20250319001096	"4. 주식의 총수 등
가. 주식의 총수 현황
(기준일 :
2024년 12월 31일
)
(단위 : 주, %)
구 분
주식의 종류
비고
보통주
합계
Ⅰ. 발행할 주식의 총수
100,000,000
100,000,000
-
Ⅱ. 현재까지 발행한 주식의 총수
53,706,722
53,706,722
-
Ⅲ. 현재까지 감소한 주식의 총수
4,603,720
4,603,720
-
1. 감자
-
-
-
2. 이익소각
4,603,720
4,603,720
주1)
3. 상환주식의 상환
-
-
-
4. 기타
-
-
-
Ⅳ. 발행주식의 총수 (Ⅱ-Ⅲ)
49,103,002
49,103,002
-
Ⅴ. 자기주식수
7,144,394
7,144,394
주2)
Ⅵ. 유통주식수 (Ⅳ-Ⅴ)
41,958,608
41,958,608
-
Ⅶ. 자기주식 보유비율
14.55
14.55
-
주1) 회사는 2013년 3월 22일자로 자기주식 4,103,720주 및 2024년 11월 29일자로 자기주식 500,000주를 이익소각 하였습니다.주2) 회사는 2024년 3월 19일(합병기일)을 기준으로 KG스틸홀딩스(주)와의 합병시 합병신주를 발행하였으며, 소멸법인 KG스틸홀딩스(주)의 최대주주인 당사는 합병신주를 배정받아(포합주식) 자기주식 7,061,010주를 배정 받았습니다. 또한, 회사의 보통주 588,081주에 대한 일부 주주의 주식매수청구권을 행사함에 따라 2024년 12월 31일 기준 자기주식수는 총 7,144,394주 입니다.
나. 자기주식 취득 및 처분 현황
(기준일 :
2024년 12월 31일
)
(단위 : 주)
취득방법
주식의 종류
기초수량
변동 수량
기말수량
비고
취득(+)
처분(-)
소각(-)
배당가능이익범위이내취득
직접취득
장내 직접 취득
보통주
-
-
-
-
-
-
우선주
-
-
-
-
-
-
장외직접 취득
보통주
-
-
-
-
-
-
우선주
-
-
-
-
-
-
공개매수
보통주
-
-
-
-
-
-
우선주
-
-
-
-
-
-
소계(a)
보통주
-
-
-
-
-
-
우선주
-
-
-
-
-
-
신탁계약에 의한취득
수탁자 보유물량
보통주
-
-
-
-
-
-
우선주
-
-
-
-
-
-
현물보유물량
보통주
-
-
-
-
-
-
우선주
-
-
-
-
-
-
소계(b)
보통주
-
-
-
-
-
-
우선주
-
-
-
-
-
-
기타 취득(c)
보통주
-
7,644,394
-
500,000
7,144,394
주1)
우선주
-
-
-
-
-
-
총 계(a+b+c)
보통주
-
7,644,394
-
500,000
7,144,394
-
우선주
-
-
-
-
-
-
주1) 회사는 2024년 3월 19일(합병기일)을 기준으로 KG스틸홀딩스(주)와의 합병시 합병신주를 발행하였으며, 소멸법인 KG스틸홀딩스(주)의 최대주주인 당사는 합병신주를 배정받아(포합주식) 자기주식 7,061,010주를 배정 받았습니다. 또한, 회사의 보통주 588,081주에 대한 일부 주주의 주식매수청구권을 행사함에 따라 2024년 12월 31일 기준 자기주식수는 총 7,144,394주 입니다."	"4. 주식의 총수 등
가. 주식의 총수 현황
(기준일 :
2024년 12월 31일
)
(단위 : 주, %)
구 분
주식의 종류
비고
보통주
합계
Ⅰ. 발행할 주식의 총수
100,000,000
100,000,000
-
Ⅱ. 현재까지 발행한 주식의 총수
53,706,722
53,706,722
-
Ⅲ. 현재까지 감소한 주식의 총수
4,603,720
4,603,720
-
1. 감자
-
-
-
2. 이익소각
4,603,720
4,603,720
주1)
3. 상환주식의 상환
-
-
-
4. 기타
-
-
-
Ⅳ. 발행주식의 총수 (Ⅱ-Ⅲ)
49,103,002
49,103,002
-
Ⅴ. 자기주식수
7,144,394
7,144,394
주2)
Ⅵ. 유통주식수 (Ⅳ-Ⅴ)
41,958,608
41,958,608
-
Ⅶ. 자기주식 보유비율
14.55
14.55
-
주1) 회사는 2013년 3월 22일자로 자기주식 4,103,720주 및 2024년 11월 29일자로 자기주식 500,000주를 이익소각 하였습니다.주2) 회사는 2024년 3월 19일(합병기일)을 기준으로 KG스틸홀딩스(주)와의 합병시 합병신주를 발행하였으며, 소멸법인 KG스틸홀딩스(주)의 최대주주인 당사는 합병신주를 배정받아(포합주식) 자기주식 7,061,010주를 배정 받았습니다. 또한, 회사의 보통주 588,081주에 대한 일부 주주의 주식매수청구권을 행사함에 따라 2024년 12월 31일 기준 자기주식수는 총 7,144,394주 입니다.
나. 자기주식 취득 및 처분 현황
(기준일 :
2024년 12월 31일
)
(단위 : 주)
취득방법
주식의 종류
기초수량
변동 수량
기말수량
비고
취득(+)
처분(-)
소각(-)
배당가능이익범위이내취득
직접취득
장내 직접 취득
보통주
-
-
-
-
-
-
우선주
-
-
-
-
-
-
장외직접 취득
보통주
-
-
-
-
-
-
우선주
-
-
-
-
-
-
공개매수
보통주
-
-
-
-
-
-
우선주
-
-
-
-
-
-
소계(a)
보통주
-
-
-
-
-
-
우선주
-
-
-
-
-
-
신탁계약에 의한취득
수탁자 보유물량
보통주
-
-
-
-
-
-
우선주
-
-
-
-
-
-
현물보유물량
보통주
-
-
-
-
-
-
우선주
-
-
-
-
-
-
소계(b)
보통주
-
-
-
-
-
-
우선주
-
-
-
-
-
-
기타 취득(c)
보통주
-
7,644,394
-
500,000
7,144,394
주1)
우선주
-
-
-
-
-
-
총 계(a+b+c)
보통주
-
7,644,394
-
500,000
7,144,394
-
우선주
-
-
-
-
-
-
주1) 회사는 2024년 3월 19일(합병기일)을 기준으로 KG스틸홀딩스(주)와의 합병시 합병신주를 발행하였으며, 소멸법인 KG스틸홀딩스(주)의 최대주주인 당사는 합병신주를 배정받아(포합주식) 자기주식 7,061,010주를 배정 받았습니다. 또한, 회사의 보통주 588,081주에 대한 일부 주주의 주식매수청구권을 행사함에 따라 2024년 12월 31일 기준 자기주식수는 총 7,144,394주 입니다.
다. 자기주식 직접 취득ㆍ처분 이행현황
(기준일 :
2025.06.30
)
(단위 : 주, %)
구 분
취득(처분)예상기간
예정수량(A)
이행수량(B)
이행률(B/A)
결과보고일
시작일
종료일
직접 취득
-
-
-
-
-
-
* 해당 사항 없음
라. 자기주식 신탁계약 체결ㆍ해지 이행현황
(기준일 :
2025.06.30
)
(단위 : 원, %, 회)
구 분
계약기간
계약금액(A)
취득금액(B)
이행률(B/A)
매매방향 변경
결과보고일
시작일
종료일
횟수
일자
신탁 체결
-
-
-
-
-
-
-
-
* 해당 사항 없음
1. 자기주식 보유현황 : 다음의 표에 따라 기재한다.
자기주식 보유현황
(단위 : 주)
취득방법
취득(계약체결)결정 공시일자
주식종류
취득기간
취득목적
최초보유예상기간
최초취득수량
변동 수량
기말수량
비고
처분(-)
소각(-)
배당가능이익범위이내취득
직접취득
-
-
-
-
-
-
-
-
-
-
-
-
-
-
-
-
-
-
-
-
신탁계약에의한 취득
-
-
-
-
-
-
-
-
-
-
-
-
-
-
-
-
-
-
-
-
기타 취득
-
보통주(*주1)
2024-03-25
자회사 합병으로 인한 합병신주 배정
-
7,061,010
-
-
500,000
6,561,010
-
보통주(*주2)
-
주식매수청구권행사로인한 자기주식 매입
-
583,384
-
-
-
583,384
총계
7,644,394
-
-
500,000
7,144,394
주1) 회사는 2024년 3월 19일(합병기일)을 기준으로 KG스틸홀딩스(주)와의 합병시 합병신주를 발행하였으며, 소멸법인 KG스틸홀딩스(주)의 최대주주인 당사는 합병신주를 배정받아(포합주식) 자기주식 7,061,010주를 배정 받았습니다.
주2) 회사의 보통주 588,081주에 대한 일부 주주의 주식매수청구권을 행사함에 따라 2024년 12월 31일 기준 자기주식수는 총 7,144,394주 입니다.
2. 자기주식 보유 목적
회사는 2024년 3월 19일(합병기일)을 기준으로 KG스틸홀딩스(주)와의 합병시 합병신주를발행하였으며, 소멸법인 KG스틸홀딩스(주)의 최대주주인 당사는 합병신주를 배정받아(포합주식) 자기주식 7,061,010주를 배정 받았습니다. 이에 따라 회사의 보통주 588,081주에 대한 일부 주주의 주식매수청구권을 행사함에 따라 2024년 12월 31일 기준 자기주식수는 총 7,144,394주 입니다.
3. 자기주식 취득계획
회사는 2024년 12월 31일기준 자기주식 추가 매입 계획은 없습니다
4. 자기주식 처분계획
당사는 2024년 11월 21일 자기주식 500,000주의 소각을 결정하였고 2024년 11월 29일 소각이 완료되었습니다. 추가 소각 계획은 가지고 있으나, 금액과 시기는 정하지 않았습니다. 2025년 03월 05일 자기주식을 1,500,000주를 이사회 결의를 통하여 2025년04월11일에 소각하였습니다.
5. 자기주식 소각계획
당사는 2024년 12월31일 기준으로 현재 자기주식의 처분계획을 가지고있지 않으나, 2025년 06월 10일 제3회 무기명식 무이권부 무보증 사모교환사채를 발행함에 따라 자기주식 5,387,393주를 처분 하였습니다."	ok
20250814004133	KG에코솔루션	예	VI. 3. 주주총회 등에 관한 사항 등	소수주주권 행사여부·주식사무·주주총회 의사록 요약 추가기재	20250319001096	"3. 주주총회 등에 관한 사항
가. 투표제도 현황
(기준일 :
2024년 12월 31일
)
투표제도 종류
집중투표제
서면투표제
전자투표제
도입여부
배제
도입
도입
실시여부
-
-
실시
나. 소수주주권의 행사여부
- 당사는 보고서 작성기준일 현재 소수주주권의 행사가 이루어진 사실이 없습니다.
다. 경영권 분쟁 여부
- 당사는 보고서 작성기준일 현재 경영권과 관련하여 경쟁이 발생한 사실이 없습니다.
라. 의결권 현황
(기준일 :
2024년 12월 31일
)
(단위 : 주)
구 분
주식의 종류
주식수
비고
발행주식총수(A)
보통주
49,103,002
-
-
-
-
의결권없는 주식수(B)
보통주
7,144,394
-
-
-
-
정관에 의하여 의결권 행사가 배제된 주식수(C)
-
-
-
-
-
-
기타 법률에 의하여의결권 행사가 제한된 주식수(D)
-
-
-
-
-
-
의결권이 부활된 주식수(E)
-
-
-
-
-
-
의결권을 행사할 수 있는 주식수(F = A - B - C - D + E)
보통주
41,958,608
-
-
-
-
※ 의결권없는 주식은 자기주식 입니다."	"3. 주주총회 등에 관한 사항
가. 투표제도 현황
(기준일 :
2024년 12월 31일
)
투표제도 종류
집중투표제
서면투표제
전자투표제
도입여부
배제
미도입
도입
실시여부
-
-
실시
나. 소수주주권 행사 여부
행사자
내용
행사목적
진행경과
소액주주 청구인 연합(대표: 안**)(2024.11.07)
1. 회사의 투명경영을 위한 본 합병건에 대한 주주명부열람 건2.임시주주총회 소집 청구3.주주제안
-상법 제 366조(소수주주에 의한 소집청구)에 의거 주주총회 소집 및 청구
1. 행사자가 2024년11월07일 내용증명서를 발송함.2. 행사자가 2024년11월17일 2차 내용증명서를 발송함.3. 당사는 2024년 11월 21일 이사회를 개최해 소수주주 청구의 건에 대해서 보고함4. 행사자에게 주주명부를 전달함.5. 당사는 2024년 12월10일 이사회를 개최해 임시주주총회 안건에 대해서 상정 하였으나 청구 안건에 대해서 정기주주총회가 4개월 앞으로 예정된 점을 고려하여, 소집 요구를 수용하지 않기로 결정함.
소액주주청구인 연합(대표: 안**)(24.11.07)
주주제안1. 자사주 소각 제안의 건2. 곽정현 이사 해임의 건
아니오
1. 행사자가 2024년11월07일 내용증명서를 발송함.2. 2024년 11월21일 자기주식 500,000주를 소각 결정함.3. 2025년03월27일 개최된 주주총회에서 곽정현 사내이사가 자신 사임하였으며, 김재익 사내이사를 신규 선임.
김**(2025.02.12)
주주명부 열람요청
상법 제396조 제2항에 의거 주주명부 열람/등사 청구를 통해 기업가치 및 주주가치 제고를 위한 주주제안 등 주주권 행사를 하기 위함
1. 행사자가 2025년02월12일 내용증명서를 발송함.2. 당사는 행사자에게 당사 내방하여 회계장부 열람하도록 통보하였으며, 이에 행사자는 내방 하여 주주명부를 송부함.
※
상기 기재사항 외 3건의 주주제안이 있었으나, 이사회 보고 준비 중 주주가 자발적으로 철회하였습니다.
다. 경영권 분쟁 여부
- 당사는 보고서 작성기준일 현재 경영권과 관련하여 경쟁이 발생한 사실이 없습니다.
라. 의결권 현황
(기준일 :
2024년 12월 31일
)
(단위 : 주)
구 분
주식의 종류
주식수
비고
발행주식총수(A)
보통주
49,103,002
-
-
-
-
의결권없는 주식수(B)
보통주
7,144,394
-
-
-
-
정관에 의하여 의결권 행사가 배제된 주식수(C)
-
-
-
-
-
-
기타 법률에 의하여의결권 행사가 제한된 주식수(D)
-
-
-
-
-
-
의결권이 부활된 주식수(E)
-
-
-
-
-
-
의결권을 행사할 수 있는 주식수(F = A - B - C - D + E)
보통주
41,958,608
-
-
-
-
※ 의결권없는 주식은 자기주식 입니다.
마. 주식사무
구분
내용
정관상신주인수권의내용
제10조(신주인수권) ①이 회사의 주주는 신주발행에 있어서 그가 소유한 주식수에 비례하여 신주의 배정을 받을 권리를 가진다.
②제1항의 규정에 불구하고 다음 각호의 어느 하나에 해당하는 경우에는 주주 외의 자에게 이사회 결의로 신주를 배정할 수 있다.
1. 주주우선공모의 방식으로 신주를 발행하는 경우
2. 발행주식총수의 100분의 50을 초과하지 않는 범위 내에서 일반공모의 방식으로 신주를 발행하는 경우
3. 발행주식총수의 100분의 20을 초과하지 않는 범위 내에서 긴급한 자금조달을 위하여 국내외 금융기관 또는 기관투자자에게 신주를 발행하는 경우
4. 발행주식총수의 100분의 20을 초과하지 않는 범위 내에서 사업상 중요한 기술도입, 연구개발, 생산, 판매, 자본제휴를 위하여 그 상대방에게 신주를 발행하는 경우
5. 발행주식총수의 100분의 50을 초과하지 않는 범위 내에서 증권예탁증권(DR) 발행에 따라 신주를 발행하는 경우
6. 발행주식총수의 100분의 50을 초과하지 않는 범위 내에서 주권을 증권시장에 상장하기 위하여 신주를 모집하거나 모집을 위하여 인수인에게 인수하게 하는 경우
7. 발행하는 주식총수의 100분의 20 범위내에서 우리사주조합원에게 주식을 우선배정하는 경우
③제2항에 따라 주주외의 자에게 신주를 배정하는 경우 회사는 관련법령에 따라 주주에게 통지하거나 공고하여야 한다. 다만, 한국거래소에 상장 후에는 자본시장과 금융투자업에 관한 법령에 따라 처리한다.
④제2항 각호의 어느 하나의 방식에 의해 신주를 발행할 경우에는 발행할 주식의 종류와 수 및 발행가격 등은 이사회의 결의로 정한다.
⑤주주가 신주인수권을 포기 또는 상실하거나 신주배정에서 단주가 발생하는 경우에 그 처리방법은 이사회의 결의로 정한다.
결산일
12월 31일
정기주주총회
매 사업연도 종료 후 3월 이내
주주명부폐쇄시기
매년 12월 31일
명의개서대리인
한국예탁결제원
공고게재
회사의 공고는 회사의 인터넷홈페이지(www.kgets.co.kr)에 한다. 다만 전산장애 또는 부득이한 사유로 회사의 홈페이지에 공고할 수 없는 때에는 서울시에서 발행되는 일간신문 이데일리에 게제한다.
주주의 특전
해당사항 없음
바. 주주총회 의사록 요약
공시대상기간동안(최근 3사업연도) 개최된 주주총회의 내용은 다음과 같습니다.
일 자
구분
의 안 내 용
결 의 내 용
2025년 03월 27일
제 26기정기주주총회
제 1호 : 제26기 재무제표 승인의 건제 2호 : 정관 일부 변경의 건제 3호 : 사내이사 김재익 후보 승인의 건제 4호 : 감사 김석일 후보 승인의 건제 4호 : 이사 보수 한도 승인의 건제 5호 : 감사 보수 한도 승인의 건
원안대로 승인가결원안대로 승인가결원안대로 승인가결원안대로 승인가결원안대로 승인가결원안대로 승인가결
2024년 03월 28일
제 25기정기주주총회
제 1호 : 제25기 재무제표 승인의 건제 2호 : 정관 일부 변경의 건제 3호 : 이사 선임의 건(사내이사3인 , 사외이사1인)제 4호 : 이사 보수 한도 승인의 건제 5호 : 감사 보수 한도 승인의 건
원안대로 승인가결원안대로 승인가결원안대로 승인가결원안대로 승인가결원안대로 승인가결
2024년 02월 14일
제 25기임시주주총회
제1호 : 합병 승인의 건
원안대로 승인가결
2023년 03월 28일
제 24기정기주주총회
제1호 : 제24기 재무제표 승인의 건제2호 : 정관 일부 변경의 건제3호 : 이사 보수 한도 승인의 건제4호 : 감사 선임의 건제5호 : 감사 보수 한도 승인의 건
원안대로 승인가결원안대로 승인가결원안대로 승인가결원안대로 승인가결원안대로 승인가결"	ok
20250814004122	SDN	여	XI. 1. 공시내용 진행 및 변경사항	공시사항 변동내역 상세기재, 단일판매 공급계약체결 진행상황 상세기재	20250319001128	"1. 공시내용 진행 및 변경사항
기 신고한 주요경영사항 중 본 보고서 작성기준일 현재까지 완료되지 아니한 사항은 없습니다"	"1. 공시내용 진행 및 변경사항
(1) 단일판매ㆍ공급계약체결공시에 대한 변경 현황
신고일자
제 목
신고 내 용
변경내용
신고사항의 진행상황
2022.04.06(변경계약공시2024.12.31)
단일판매공급계약 체결
- 계약명: 고속국도 제29호선 세종~포천선(안성~구리)전기공사 - 계약상대방: 한국도로공사 - 계약기간: 2022.04.06~2024.12.31 - 계약일자: 2022.04.06
- 계약금액변경정정 전) 6,341,568,901 정정 후) 6,352,818,181
납품 완료
2024.03.26 (변경계약공시 2025.03.24)
단일판매공급계약 체결
- 계약명: 태양광 모듈/인버터 물품공급계약 - 계약상대방: 알이100서비스 주식회사 - 계약금액: 24,772,210,000원 - 계약기간: 2024.03.26~2025.03.25
- 계약기간연장정정 전) 2024.03.26~2025.03.25 정정 후) 2024.03.26~2025.12.31
진행중
주1) 상기 내용에 관한 사항은 2024년 12월 31일 기준이며, 기준일 현재 종료된 계약은 제외되었습니다.
(2) 단일판매ㆍ공급계약체결공시에 대한 진행 현황
(단위 : 천원)
신고일자
계약내역
계약금액총액
판매ㆍ공급금액
대금수령금액
향후 추진계획
당기
누적
당기
누적
2022.04.06
- 계약명: 고속국도 제29호선 세종~포천선(안성~구리)전기공사 - 계약상대방: 한국도로공사 - 계약기간: 2022.04.06~2024.12.31 - 계약일자: 2022.04.06
6,352,818
2,342,106
6,352,818
2,288,363
5,358,818
공사 완료(잔금은 25년 1월 회수 완료)
2024.06.03
- 계약명: 17.29MW급 태양광 발전소 건설 공사- 계약상대방: 프로젝트큐레이터스 주식회사- 계약기간: 2024.06.30~2025.12.31- 계약일자: 2024.06.09
10,719,800
-
-
-
3,215,940
계약상대방의 사업부지 토목공사중으로, 토목공사 완료 후 건설개시 예정
2024.03.26
- 계약명: 태양광 모듈/인버터 물품공급계약- 계약상대방: 알이100서비스 주식회사- 계약기간: 2024.03.26~2025.12.31- 계약일자: 2024.03.26
24,772,210
1,945,639
1,945,639
1,584,246
1,584,246
계약 상대방의 물품 공급 요청에 따라 원활한 납품 진행 중.
주1) 상기 금액은 부가가치세 별도 금액임
주2) 결제조건으로 인한 매출금액과 대금수령금액에 차이가 존재함 주3) 상기 내용에 관한 사항은 2024년 12월 31일 기준이며, 기준일 현재 종료된 계약은 제외되었습니다.
1) 대금 미수령 사유
- 당사는 공시서류 작성기준일 현재 상기 계약과 관련하여 수령한 누적 대금이 존재하며, 대금 미수령 상태에 해당하지 않으므로 본 항목에 해당사항이 없습니다."	ok
20250814004103	프로텍	예	I. 4. 주식의 총수 등 자기주식 보유현황	미작성부분 신규작성	20250320001709	"4. 주식의 총수 등
주식의 총수 현황
(기준일 :
2024년 12월 31일
)
(단위 : 주, %)
구 분
주식의 종류
비고
보통주
-
합계
Ⅰ. 발행할 주식의 총수
20,000,000
-
20,000,000
-
Ⅱ. 현재까지 발행한 주식의 총수
11,000,000
-
11,000,000
-
Ⅲ. 현재까지 감소한 주식의 총수
-
-
-
-
1. 감자
-
-
-
-
2. 이익소각
-
-
-
-
3. 상환주식의 상환
-
-
-
-
4. 기타
-
-
-
-
Ⅳ. 발행주식의 총수 (Ⅱ-Ⅲ)
11,000,000
-
11,000,000
-
Ⅴ. 자기주식수
2,000,000
-
2,000,000
직접현물보유:2,000,000주
Ⅵ. 유통주식수 (Ⅳ-Ⅴ)
9,000,000
-
9,000,000
-
Ⅶ. 자기주식 보유비율
18.18
-
18.18
-
자기주식 취득 및 처분 현황
(기준일 :
2024년 12월 31일
)
(단위 : 주)
취득방법
주식의 종류
기초수량
변동 수량
기말수량
비고
취득(+)
처분(-)
소각(-)
배당가능이익범위이내취득
직접취득
장내 직접 취득
보통주
1,432,067
-
-
-
1,432,067
-
우선주
-
-
-
-
-
-
장외직접 취득
보통주
-
-
-
-
-
-
우선주
-
-
-
-
-
-
공개매수
보통주
-
-
-
-
-
-
우선주
-
-
-
-
-
-
소계(a)
보통주
1,432,067
-
-
-
1,432,067
-
우선주
-
-
-
-
-
-
신탁계약에 의한취득
수탁자 보유물량
보통주
-
-
-
-
-
-
우선주
-
-
-
-
-
-
현물보유물량
보통주
565,589
-
-
-
565,589
-
우선주
-
-
-
-
-
-
소계(b)
보통주
565,589
-
-
-
565,589
-
우선주
-
-
-
-
-
-
기타 취득(c)
보통주
2,344
-
-
-
2,344
-
우선주
-
-
-
-
-
-
총 계(a+b+c)
보통주
2,000,000
-
-
-
2,000,000
-
우선주
-
-
-
-
-
-
자기주식 직접 취득ㆍ처분 이행현황
(기준일 :
2024년 12월 31일
)
(단위 : 주, %)
구 분
취득(처분)예상기간
예정수량(A)
이행수량(B)
이행률(B/A)
결과보고일
시작일
종료일
직접 취득
2022년 10월 12일
2022년 12월 06일
150,000
150,000
100
2022년 12월 09일
직접 취득
2022년 07월 28일
2022년 08월 10일
198,000
198,000
100
2022년 08월 17일
직접 취득
2022년 05월 09일
2022년 05월 30일
420,000
420,000
100
2022년 06월 02일
직접 취득
2020년 03월 20일
2020년 05월 18일
374,370
374,370
100
2020년 05월 18일
직접 취득
2020년 03월 13일
2020년 03월 19일
211,267
211,267
100
2020년 03월 24일
직접 취득
2018년 11월 15일
2018년 11월 29일
78,430
78,430
100
2018년 12월 04일
자기주식 신탁계약 체결ㆍ해지 이행현황
(기준일 :
2024년 12월 31일
)
(단위 : 백만원, %, 회)
구 분
계약기간
계약금액(A)
취득금액(B)
이행률(B/A)
매매방향 변경
결과보고일
시작일
종료일
횟수
일자
신탁 해지
2018년 07월 02일
2019년 01월 02일
1,500
1,496
99.72
-
-
2019년 01월 02일
※ 상기 신탁계약을 통해 취득한 자사주 85,550주는 계약만기해지후 당사 주식계좌로 입고하여 직접보유주식으로 전환하였습니다.
보고서 제출일 현재 종류주식 발행현황이 없습니다."	"4. 주식의 총수 등
주식의 총수 현황
(기준일 :
2024년 12월 31일
)
(단위 : 주, %)
구 분
주식의 종류
비고
보통주
-
합계
Ⅰ. 발행할 주식의 총수
20,000,000
-
20,000,000
-
Ⅱ. 현재까지 발행한 주식의 총수
11,000,000
-
11,000,000
-
Ⅲ. 현재까지 감소한 주식의 총수
-
-
-
-
1. 감자
-
-
-
-
2. 이익소각
-
-
-
-
3. 상환주식의 상환
-
-
-
-
4. 기타
-
-
-
-
Ⅳ. 발행주식의 총수 (Ⅱ-Ⅲ)
11,000,000
-
11,000,000
-
Ⅴ. 자기주식수
2,000,000
-
2,000,000
직접현물보유:2,000,000주
Ⅵ. 유통주식수 (Ⅳ-Ⅴ)
9,000,000
-
9,000,000
-
Ⅶ. 자기주식 보유비율
18.18
-
18.18
-
자기주식 취득 및 처분 현황
(기준일 :
2024년 12월 31일
)
(단위 : 주)
취득방법
주식의 종류
기초수량
변동 수량
기말수량
비고
취득(+)
처분(-)
소각(-)
배당가능이익범위이내취득
직접취득
장내 직접 취득
보통주
1,432,067
-
-
-
1,432,067
-
우선주
-
-
-
-
-
-
장외직접 취득
보통주
-
-
-
-
-
-
우선주
-
-
-
-
-
-
공개매수
보통주
-
-
-
-
-
-
우선주
-
-
-
-
-
-
소계(a)
보통주
1,432,067
-
-
-
1,432,067
-
우선주
-
-
-
-
-
-
신탁계약에 의한취득
수탁자 보유물량
보통주
-
-
-
-
-
-
우선주
-
-
-
-
-
-
현물보유물량
보통주
565,589
-
-
-
565,589
-
우선주
-
-
-
-
-
-
소계(b)
보통주
565,589
-
-
-
565,589
-
우선주
-
-
-
-
-
-
기타 취득(c)
보통주
2,344
-
-
-
2,344
-
우선주
-
-
-
-
-
-
총 계(a+b+c)
보통주
2,000,000
-
-
-
2,000,000
-
우선주
-
-
-
-
-
-
자기주식 직접 취득ㆍ처분 이행현황
(기준일 :
2024년 12월 31일
)
(단위 : 주, %)
구 분
취득(처분)예상기간
예정수량(A)
이행수량(B)
이행률(B/A)
결과보고일
시작일
종료일
직접 취득
2022년 10월 12일
2022년 12월 06일
150,000
150,000
100
2022년 12월 09일
직접 취득
2022년 07월 28일
2022년 08월 10일
198,000
198,000
100
2022년 08월 17일
직접 취득
2022년 05월 09일
2022년 05월 30일
420,000
420,000
100
2022년 06월 02일
직접 취득
2020년 03월 20일
2020년 05월 18일
374,370
374,370
100
2020년 05월 18일
직접 취득
2020년 03월 13일
2020년 03월 19일
211,267
211,267
100
2020년 03월 24일
직접 취득
2018년 11월 15일
2018년 11월 29일
78,430
78,430
100
2018년 12월 04일
자기주식 신탁계약 체결ㆍ해지 이행현황
(기준일 :
2024년 12월 31일
)
(단위 : 백만원, %, 회)
구 분
계약기간
계약금액(A)
취득금액(B)
이행률(B/A)
매매방향 변경
결과보고일
시작일
종료일
횟수
일자
신탁 해지
2018년 07월 02일
2019년 01월 02일
1,500
1,496
99.72
-
-
2019년 01월 02일
※ 상기 신탁계약을 통해 취득한 자사주 85,550주는 계약만기해지후 당사 주식계좌로 입고하여 직접보유주식으로 전환하였습니다.
1. 자기주식 보유현황 : 다음의 표에 따라 기재한다.
자기주식 보유현황
(단위 : 주)
취득방법
취득(계약체결)결정 공시일자
주식종류
취득기간
취득목적
최초보유예상기간
최초취득수량
변동 수량
기말수량
비고
처분(-)
소각(-)
배당가능이익범위이내취득
직접취득
2018년 11월 14일
보통주
2018.11.15~2018.11.29
주가안정 및 주주가치 제고
6개월이상
78,430
-
-
78,430
-
2020년 03월 12일
보통주
2020.03.13~2020.03.19
주가안정 및 주주가치 제고
6개월이상
211,267
-
-
211,267
-
2020년 03월 19일
보통주
2020.03.20~2020.05.18
주가안정 및 주주가치 제고
6개월이상
374,370
-
-
374,370
-
2022년 05월 06일
보통주
2022.05.09~2022.02.30
주가안정 및 주주가치 제고
6개월이상
420,000
-
-
420,000
-
2022년 07월 27일
보통주
2022.07.28~2022.08.10
주가안정 및 주주가치 제고
6개월이상
198,000
-
-
198,000
-
2022년 10월 11일
보통주
2022.10.12~2022.12.06
주가안정 및 주주가치 제고
6개월이상
150,000
-
-
150,000
-
신탁계약에의한 취득
2004년 09월 03일
보통주
2004.09.03~2010.09.02
주가안정 및 주주가치 제고
-
235,357
-
-
235,357
-
2016년 01월 18일
보통주
2016.01.18~2017.01.13
주가안정 및 주주가치 제고
-
123,182
-
-
123,182
-
2016년 02월 15일
보통주
2016.02.15~2017.02.14
주가안정 및 주주가치 제고
-
121,500
-
-
121,500
-
2018년 07월 02일
보통주
2018.07.02~2019.01.02
주가안정 및 주주가치 제고
-
85,550
-
-
85,550
-
기타 취득
-
보통주
-
단주취득
-
2,344
-
-
2,344
-
-
-
-
-
-
-
-
-
-
-
총계
2,000,000
-
-
2,000,000
-
※ 기타 취득 수량은 단주(무상증자후) 취득수량 입니다.※ 상기 신탁계약을 통해 취득한 자기주식은 계약만기해지후 당사 주식계좌로 입고하여 직접보유주식으로 전환하였습니다.
2. 자기주식 보유 목적
당사는 주가 안정화와 주주가치 제고를 주요 목적으로 자기주식 취득 관련 법령에 위배되지 않으며, 상법상 배당가능이익 범위 내에서 자기주식을 보유하고 있습니다.
3. 자기주식 취득계획
당사는 공시서류 작성 기준일 현재 자기주식 취득계획이 없습니다.
재무적 여건을 바탕으로 시장 환경 변화나 경영상의 필요성이 있을 경우, 이사회 결의를 통해서 결정된 사항은 즉시 외부공시할 예정입니다.4. 자기주식 처분계획
당사는 공시서류 작성 기준일 현재 처분계획이 없습니다.경영환경 및 시장 상황, 관계 법령에 따라, 이사회 결의를 통해서 결정된 사항은 즉시 외부공시할 예정입니다
5. 자기주식 소각계획
당사는 공시서류 작성 기준일 현재 소각계획이 없습니다.경영환경 및 시장 상황, 관계 법령에 따라, 이사회 결의를 통해서 결정된 사항은 즉시 외부공시할 예정입니다.
6. 기타자기주식에 대한 변동사항 발생시 관련 법규 및 규정에 따라 적시에 외부공시할 예정입니다.
보고서 제출일 현재 종류주식 발행현황이 없습니다."	ok
20250814004099	파두	예	XI. 1-가. 단일판매.공급계약체결 진행상황	향후 추진계획에 대한 미흡사항 보완	20250318000781	"XI. 그 밖에 투자자 보호를 위하여 필요한 사항
1. 공시내용 진행 및 변경사항
가. 단일판매.공급계약체결 진행상황
(기준일: 2024.12.31)
(단위 : 천 USD )
신고일자
계약내역
계약금액총액
판매ㆍ공급금액
대금수령금액
진행상황
당기
누적
당기
누적
2024.10.28
계약내용: 기업용 SSD 컨트롤러 공급계약상대방: 국내 반도체 제조사계약기간: 2024.10.28 - 2025.04.09주요 계약조건:
제품 수령후 30일 이내 대금지급
2,279
-
-
-
-
계약된 납기일에 따라 공급 후 계약조건에 따라 대금 수령 예정
2024.11.15
계약내용: SSD 컨트롤러 공급계약상대방: 해외 Nand Flash Memory 제조사계약기간: 2024.11.14 - 2025.03.31주요 계약조건:
제품 공급후 60일내 대금결제
4,560
-
-
-
-
계약된 납기일에 따라 공급 후 계약조건에 따라 대금 수령 예정
2024.11.21
계약내용: SSD 컨트롤러 공급계약상대방: 해외 Nand Flash Memory 제조사계약기간: 2024.06.13 - 2025.02.05주요 계약조건: 제품 공급후 60일내 대금결제
3,447
3,447
3,447
-
-
계약된 납기일에 따라 공급이 완료되었으며 계약조건에 따라 '25년 2월 대금 수령 완료.
2024.11.26
계약내용: SSD 컨트롤러 공급계약상대방: 해외 Nand Flash Memory 제조사계약기간: 2024.07.08 - 2025.02.15주요 계약조건: 제품 공급후 60일내 대금결제
4,940
4,940
4,940
-
-
계약된 납기일에 따라 공급이 완료되었으며 계약조건에 따라 '25년 2월 대금 수령 완료.
2024.11.26
계약내용: 기업용 SSD 컨트롤러 공급계약상대방: 국내 반도체 제조사계약기간: 2024.11.25 - 2025.05.28주요 계약조건:
제품 수령후 30일 이내 대금지급
4,717
-
-
-
-
계약된 납기일에 따라 공급 후 계약조건에 따라 대금 수령 예정
2024.12.17
계약내용: 기업용 SSD 컨트롤러 공급계약상대방: 해외 Nand Flash Memory 제조사계약기간: 2024.12.16 - 2025.06.28주요 계약조건:
제품공급 후 60일 이내 대금지급
6,878
-
-
-
-
계약된 납기일에 따라 공급 후 계약조건에 따라 대금 수령 예정
2024.12.26
계약내용: SSD 공급계약 체결계약상대방: 해외 SSD 전문업체계약기간: 2024.05.24 - 2025.07.30주요 계약조건: 제품공급 후 30일 이내 대금지급
14,050
3,513
3,513
3,513
3,513
계약된 납기일에 따라 공급 후 계약조건에 따라 대금 수령 예정
(주1) 계약상대방 정보는 계약상대방의 영업상 기밀유지 요청으로 공시 유보되어 기재 생략하였습니다.(주2) 신고일자는 최종 공시일(정정공시 포함) 기준으로 작성하였습니다.(주3) 계약내용은 고객과의 협의를 통해 변경될 수 있으며 변경 시 정정공시를 통해 공시할 예정입니다.
2. 우발부채 등에 관한 사항
가. 중요한 소송사건
당사로 송달된 소장에 따르면 이훈주 외 13인은 법무법인 한누리를 소송대리인으로 하여 당사를 피고로 하여 ""총원에게 금 1억원 및 이에 대하여 이 사건 소장 부본 송달일 다음날 부터 다 갚는 날까지는 연 12%의 각 비율에 대한 금원을 지급하라""는 취지의 증권관련 집단 소송 제기 및 소송 허가신청을 서울 중앙지법에 제출하였습니다. (사건번호 : 2024가합 1359 및 2024카기 402)증권관련 집단소송의 경우 법원은 소의 제기 및 소송허가 신청에 대하여 일정한 심리 이후에 당 소송을 허가 할 것인지 결정하는 과정을 거치게 됩니다. 동 집단소송의 소요 기간 및 최종 결과가 당사의 재무제표에 미칠 영향은 현재로서는 전혀 예측할 수가 없습니다. 당사는 관련 법령 및 법률 전문가의 조력을 받아 원고가 제기한 소송에 성실히 임할 것입니다.
나. 견질 또는 담보용 어음ㆍ수표 현황
당사는 보고서 작성기준일 현재 해당사항이 없습니다.
다. 채무보증 현황
당사는 보고서 작성기준일 현재 해당사항이 없습니다.
라. 채무인수약정 현황
당사는 보고서 작성기준일 현재 해당사항이 없습니다.
마. 그 밖의 우발채무 등
마-1. 보고서 작성기준일 현재 당사와 금융기관과의 주요 약정사항은 다음과 같습니다.
(단위: 원)
금융기관
구분
한도금액
실행금액
농협은행(주)
운전자금 대출
9,500,000,000
9,500,000,000
한국산업은행
운전자금 대출
5,000,000,000
5,000,000,000
기업은행
신용카드 한도
500
,000,000
500
,000,000
기술보증기금(주)
융자담보지급보증
9,500,000,000
9,500,000,000
주) 농협은행 차입금과 관련하여 기술보증기금으로부터 9,500,000천원의 지급보증을 제공받고 있습니다
.
마-2. 보고서 작성기준일 현재 당사가 타인에게 제공하거나, 타인으로부터 제공받은 지급보증은 다음과 같습니다.
(단위: 원)
약정 상대방
구 분
금 액
기술보증기금
융자담보지급보증
9,500,000,000
3. 제재 등과 관련된 사항
당사는 보고서 작성기준일 현재 해당사항이 없습니다.
4. 작성기준일 이후 발생한 주요사항 등 기타사항
가. 중소기업 확인서
중소기업확인서.jpg
중소기업확인서
나. 보호예수 현황
(기준일 :
2024년 12월 31일
)
(단위 : 주)
주식의 종류
예수주식수
예수일
반환예정일
보호예수기간
보호예수사유
총발행주식수
보통주
10,238,000
2023.08.07
2026.08.06
3년
한국거래소 상장규정에 따른 보호예수
49,362,076
다. 상장기업의 재무사항 비교표
(기준 재무제표 :
연결
)
(상장일 :
2023.08.07
, 인수인 :
NH투자증권, 한국투자증권
)
(단위 : 백만원)
추정대상
계정과목
예측치
실적치
예측치 달성여부
괴리율
2023년
매출액
120,294
22,471
미달성
81.32
영업이익
111
-58,569
미달성
52,864.86
당기순이익
1,596
-56,833
미달성
3,660.96
2024년
매출액
371,521
43,503
미달성
88.29
영업이익
92,886
-
95,048
미달성
202.33
당기순이익
94,820
-91,509
미달성
196.51
2025년
매출액
619,510
-
-
-
영업이익
185,610
-
-
-
당기순이익
189,986
-
-
-
다-1. 괴리사유 상세 분석
매출항목
2023년
2024년
SSD컨트롤러
발생사유
- 데이터센터 고객사의 구조조정 및 투자재편(90%)- 추가 라인업에 대한 일정 지연 (10%)
발생사유
- 2023년의 극심한 반도체 불황 이후 점진적 수요회복에 따른 예측치와의 괴리(100%)
상세내역
- 경제침체를 우려한 기존 고객사의 수익성 확보를 위한 대규모 구조조정 실시- 생성형 AI 등장에 따른 기존 고객사의 데이터센터 투자정책 변화로 일시적 수요 급감- 추가 라인업에 대한 파트너사와의 공동개발 과정에서 일정 일부 지연
상세내역
- 기존 데이터센터 고객의 점진적 수요 회복
- AI 연산용 반도체에 대한 우선적 투자에 따라 데이터 저장장치에 대한 투자가 지연 - 직전년도의 불황에 따른 신규 데이터센터 고객들에 대한 초도 양산 공급 시점 이연
- 제한적인 고객군으로 매출의 변동성이 심했으나, 여러 지역에 걸쳐 고객다변화를 도모하면서 향후 매출 안정화 전망
SSD완제품
발생사유
- 메모리반도체 시장의 극심한 침체로 인한 수요감소 및 시장축소 (50%)- 시장 선도업체의 시장교란으로 인한 고객사 사업화 지연 (50%)
발생사유
- 직전년도 메모리 반도체 시장의 불황 여파에 따라 시장 수요의 점진적 회복에 따른 차이(70%) - 특정 Application 고객의 기술 개발 지연 여파(30%)
상세내역
- 21/22년 COVID-19으로 인한 온라인화에 힘입은 반도체 시장 활황이 COVID-19 종식에 따른 오프라인 회복에 따라 온라인 수요가 급격히 냉각되면서 전자제품/반도체의 극심한 침체- 메모리반도체 가격이 급락하고, 핵심시장인 데이터센터 및 서버 고객들이 구조조정 및 재고조정에 들어가면서 기업용 SSD 수요 역시 급감.- 이 결과 기업용 SSD 시장규모는 23년에 22년 대비 46% 감소함- 상반기 메모리업체들의 감산에 따른 시장회복에 대한 기대감 있었으나 하반기 수요회복이 이루어지지 못하면서 선도 메모리업체들이 재고 소진과 현금 확보를 위한 공격적인 가격인하 정책에 들어가면서 시장의 공급구조 및 질서가 교란됨- 당사 직접 고객들인 독립 SSD업체들 역시 이러한 상황에서 극도로 사업 축소
상세내역
- 직전년도의 극심한 메모리 반도체 시장의 불황 여파가 여전히 당해연도에도 미치고 있음 - SSD 시장은 저점을 지나 점차 회복세를 보이고는 있으나 이전의 침체를 일시에 모두 극복할 정도의 수요를 보이고 있지는 않음
- 생성형 AI의 확대로 인하여 AI용 데이터센터가 확장되고 직전년도의 연산용 반도체에 이어 데이터 저장장치에 대한 투자가 개시되고 있다는 것은 향후 수요회복에 있어 고무적인 요인임
- 일반적인 데이터 저장장치가 사용되는 환경이 아닌 전혀 새로운 환경에서의 데이터 저장장치가 사용되는 Application 고객의 기술 개발 지연으로 인하여 매출 시점이 이연되고 있음
- 해당 기술 개발이 완료된 이후에는 본격적인 매출 성장세를 달성할 것으로 기대
라. 계속사업손실에 대한 관리종목 지정유예 현황
(자기자본 50%이상(10억원 이상에 한함)의 법인세차감전계속사업손실이 최근 3년간 2회 이상 및 최근 사업연도 법인세차감전계속 사업손실 발생)
(기준일 :
2024년 12월 31일
)
(단위 : 백만원, %)
요건별 회사 현황
관리종목지정요건해당여부
관리종목지정유예
사업연도
법인세 차감전계속사업손익(A)
자기자본금액(B)
비율(A/B)
해당여부
종료시점
2024년
-91,467
97,947
-93.4
해당
해당
2025.12.31
2023년
-56,833
186,348
-30.5
2022년
-227,460
41,025
-554.4
(주) 당사는 코스닥 상장규정 제53조 1항 2호 나목에서 규정하고 있는 기술성장기업으로서, 신규상장일이 속하는 사업연도(2023년)을 포함하여 연속하는 3개 사업연도에 대하여 법인세비용 차감전 계속사업 손실 규정에 따라 관리종목에 편입되는 코스닥상장규정의 예외 규정(관리종목 지정유예)을 적용받게 됩니다."	"XI. 그 밖에 투자자 보호를 위하여 필요한 사항
1. 공시내용 진행 및 변경사항
가. 단일판매.공급계약체결 진행상황
(기준일: 2024.12.31)
(단위 : 천 USD )
신고일자
계약내역
계약금액총액
판매ㆍ공급금액
대금수령금액
대금 미수령 사유
향후 추진계획
당기
누적
당기
누적
2024.10.28
계약내용: 기업용 SSD 컨트롤러 공급계약상대방: 국내 반도체 제조사계약기간: 2024.10.28 - 2025.04.09주요 계약조건: 제품 수령후 30일 이내 대금지급
2,279
-
-
-
-
계약된 납기일 및 조건에 따라 제품 공급 후 대금 수령 예정(계약 납기일 미도달)
2025년 상반기 중 제품 공급 및 대금 수령 예정('25.05.07 제품 대금 수령 완료)
2024.11.15
계약내용: SSD 컨트롤러 공급계약상대방: 해외 Nand Flash Memory 제조사계약기간: 2024.11.14 - 2025.03.31주요 계약조건: 제품 공급후 60일내 대금결제
4,560
-
-
-
-
계약된 납기일 및 조건에 따라 제품 공급 후 대금 수령 예정(계약 납기일 미도달)
2025년 상반기 중 제품 공급 및 대금 수령 예정('25.06.04 제품 대금 수령 완료)
2024.11.21
계약내용: SSD 컨트롤러 공급계약상대방: 해외 Nand Flash Memory 제조사계약기간: 2024.06.13 - 2025.02.05주요 계약조건: 제품 공급후 60일내 대금결제
3,447
3,447
3,447
-
-
계약조건에 따라 2025.02.05 제품 대금 수령 완료자세한 내용은 해당일자 정정공시 참고
2025.02.05 제품 대금 수령 완료 자세한 내용은 해당일자 정정공시 참고
2024.11.26
계약내용: SSD 컨트롤러 공급계약상대방: 해외 Nand Flash Memory 제조사계약기간: 2024.07.08 - 2025.02.15주요 계약조건: 제품 공급후 60일내 대금결제
4,940
4,940
4,940
-
-
계약조건에 따라 2025.03.05 제품 대금 수령 완료자세한 내용은 해당일자 정정공시 참고
2025.03.05 제품 대금 수령 완료 자세한 내용은 해당일자 정정공시 참고
2024.11.26
계약내용: 기업용 SSD 컨트롤러 공급계약상대방: 국내 반도체 제조사계약기간: 2024.11.25 - 2025.05.28주요 계약조건: 제품 수령후 30일 이내 대금지급
4,717
-
-
-
-
계약된 납기일 및 조건에 따라 제품 공급 후 대금 수령 예정(계약 납기일 미도달)
2025년 상반기 중 제품 공급 및 대금 수령 예정('25.05.27 제품 대금 수령 완료)
2024.12.17
계약내용: 기업용 SSD 컨트롤러 공급계약상대방: 해외 Nand Flash Memory 제조사계약기간: 2024.12.16 - 2025.06.28주요 계약조건: 제품공급 후 60일 이내 대금지급
6,878
-
-
-
-
계약된 납기일 및 조건에 따라 제품 공급 후 대금 수령 예정(계약 납기일 미도달)
2025년 상반기 중 제품 공급 및 대금 수령 예정('25.06.27 제품 대금 수령 완료)
2024.12.26(주4)
계약내용: SSD 공급계약 체결계약상대방: 해외 SSD 전문업체계약기간: 2024.05.24 - 2025.07.30주요 계약조건: 제품공급 후 30일 이내 대금지급
14,050
3,513
3,513
3,513
3,513
계약기간 정정으로 인한 변경된 납기일 및 조건에따라 제품 공급 후 대금 수령 예정(계약 납기일 미도달)
2025년 상반기 중 제품 공급 및 대금 수령 예정('25.07.30 일부 제품 대금 수령 완료)다만, 계약상대방의 향후 현지 SSD 시장 상황 변화에 따라 상호 협의를 통해 변경될 수 있음.
(주1) 계약상대방 정보는 계약상대방의 영업상 기밀유지 요청으로 공시 유보되어 기재 생략하였습니다.(주2) 신고일자는 최종 공시일(정정공시 포함) 기준으로 작성하였습니다.(주3) 계약내용은 고객과의 협의를 통해 변경될 수 있으며 변경 시 정정공시를 통해 공시할 예정입니다.(주4) 계약기간은 2024.05.27 공시된 최초 계약기간인 2024.05.24-2024.12.30 에서 정정하였습니다.
2. 우발부채 등에 관한 사항
가. 중요한 소송사건
당사로 송달된 소장에 따르면 이훈주 외 13인은 법무법인 한누리를 소송대리인으로 하여 당사를 피고로 하여 ""총원에게 금 1억원 및 이에 대하여 이 사건 소장 부본 송달일 다음날 부터 다 갚는 날까지는 연 12%의 각 비율에 대한 금원을 지급하라""는 취지의 증권관련 집단 소송 제기 및 소송 허가신청을 서울 중앙지법에 제출하였습니다. (사건번호 : 2024가합 1359 및 2024카기 402)증권관련 집단소송의 경우 법원은 소의 제기 및 소송허가 신청에 대하여 일정한 심리 이후에 당 소송을 허가 할 것인지 결정하는 과정을 거치게 됩니다. 동 집단소송의 소요 기간 및 최종 결과가 당사의 재무제표에 미칠 영향은 현재로서는 전혀 예측할 수가 없습니다. 당사는 관련 법령 및 법률 전문가의 조력을 받아 원고가 제기한 소송에 성실히 임할 것입니다.
나. 견질 또는 담보용 어음ㆍ수표 현황
당사는 보고서 작성기준일 현재 해당사항이 없습니다.
다. 채무보증 현황
당사는 보고서 작성기준일 현재 해당사항이 없습니다.
라. 채무인수약정 현황
당사는 보고서 작성기준일 현재 해당사항이 없습니다.
마. 그 밖의 우발채무 등
마-1. 보고서 작성기준일 현재 당사와 금융기관과의 주요 약정사항은 다음과 같습니다.
(단위: 원)
금융기관
구분
한도금액
실행금액
농협은행(주)
운전자금 대출
9,500,000,000
9,500,000,000
한국산업은행
운전자금 대출
5,000,000,000
5,000,000,000
기업은행
신용카드 한도
500,000,000
500,000,000
기술보증기금(주)
융자담보지급보증
9,500,000,000
9,500,000,000
주) 농협은행 차입금과 관련하여 기술보증기금으로부터 9,500,000천원의 지급보증을 제공받고 있습니다
.
마-2. 보고서 작성기준일 현재 당사가 타인에게 제공하거나, 타인으로부터 제공받은 지급보증은 다음과 같습니다.
(단위: 원)
약정 상대방
구 분
금 액
기술보증기금
융자담보지급보증
9,500,000,000
3. 제재 등과 관련된 사항
당사는 보고서 작성기준일 현재 해당사항이 없습니다.
4. 작성기준일 이후 발생한 주요사항 등 기타사항
가. 중소기업 확인서
중소기업확인서.jpg
중소기업확인서
나. 보호예수 현황
(기준일 :
2024년 12월 31일
)
(단위 : 주)
주식의 종류
예수주식수
예수일
반환예정일
보호예수기간
보호예수사유
총발행주식수
보통주
10,238,000
2023.08.07
2026.08.06
3년
한국거래소 상장규정에 따른 보호예수
49,362,076
다. 상장기업의 재무사항 비교표
(기준 재무제표 :
연결
)
(상장일 :
2023.08.07
, 인수인 :
NH투자증권, 한국투자증권
)
(단위 : 백만원)
추정대상
계정과목
예측치
실적치
예측치 달성여부
괴리율
2023년
매출액
120,294
22,471
미달성
81.32
영업이익
111
-58,569
미달성
52,864.86
당기순이익
1,596
-56,833
미달성
3,660.96
2024년
매출액
371,521
43,503
미달성
88.29
영업이익
92,886
-95,048
미달성
202.33
당기순이익
94,820
-91,509
미달성
196.51
2025년
매출액
619,510
-
-
-
영업이익
185,610
-
-
-
당기순이익
189,986
-
-
-
다-1. 괴리사유 상세 분석
매출항목
2023년
2024년
SSD컨트롤러
발생사유
- 데이터센터 고객사의 구조조정 및 투자재편(90%)- 추가 라인업에 대한 일정 지연 (10%)
발생사유
- 2023년의 극심한 반도체 불황 이후 점진적 수요회복에 따른 예측치와의 괴리(100%)
상세내역
- 경제침체를 우려한 기존 고객사의 수익성 확보를 위한 대규모 구조조정 실시- 생성형 AI 등장에 따른 기존 고객사의 데이터센터 투자정책 변화로 일시적 수요 급감- 추가 라인업에 대한 파트너사와의 공동개발 과정에서 일정 일부 지연
상세내역
- 기존 데이터센터 고객의 점진적 수요 회복
- AI 연산용 반도체에 대한 우선적 투자에 따라 데이터 저장장치에 대한 투자가 지연 - 직전년도의 불황에 따른 신규 데이터센터 고객들에 대한 초도 양산 공급 시점 이연
- 제한적인 고객군으로 매출의 변동성이 심했으나, 여러 지역에 걸쳐 고객다변화를 도모하면서 향후 매출 안정화 전망
SSD완제품
발생사유
- 메모리반도체 시장의 극심한 침체로 인한 수요감소 및 시장축소 (50%)- 시장 선도업체의 시장교란으로 인한 고객사 사업화 지연 (50%)
발생사유
- 직전년도 메모리 반도체 시장의 불황 여파에 따라 시장 수요의 점진적 회복에 따른 차이(70%) - 특정 Application 고객의 기술 개발 지연 여파(30%)
상세내역
- 21/22년 COVID-19으로 인한 온라인화에 힘입은 반도체 시장 활황이 COVID-19 종식에 따른 오프라인 회복에 따라 온라인 수요가 급격히 냉각되면서 전자제품/반도체의 극심한 침체- 메모리반도체 가격이 급락하고, 핵심시장인 데이터센터 및 서버 고객들이 구조조정 및 재고조정에 들어가면서 기업용 SSD 수요 역시 급감.- 이 결과 기업용 SSD 시장규모는 23년에 22년 대비 46% 감소함- 상반기 메모리업체들의 감산에 따른 시장회복에 대한 기대감 있었으나 하반기 수요회복이 이루어지지 못하면서 선도 메모리업체들이 재고 소진과 현금 확보를 위한 공격적인 가격인하 정책에 들어가면서 시장의 공급구조 및 질서가 교란됨- 당사 직접 고객들인 독립 SSD업체들 역시 이러한 상황에서 극도로 사업 축소
상세내역
- 직전년도의 극심한 메모리 반도체 시장의 불황 여파가 여전히 당해연도에도 미치고 있음 - SSD 시장은 저점을 지나 점차 회복세를 보이고는 있으나 이전의 침체를 일시에 모두 극복할 정도의 수요를 보이고 있지는 않음
- 생성형 AI의 확대로 인하여 AI용 데이터센터가 확장되고 직전년도의 연산용 반도체에 이어 데이터 저장장치에 대한 투자가 개시되고 있다는 것은 향후 수요회복에 있어 고무적인 요인임
- 일반적인 데이터 저장장치가 사용되는 환경이 아닌 전혀 새로운 환경에서의 데이터 저장장치가 사용되는 Application 고객의 기술 개발 지연으로 인하여 매출 시점이 이연되고 있음
- 해당 기술 개발이 완료된 이후에는 본격적인 매출 성장세를 달성할 것으로 기대
라. 계속사업손실에 대한 관리종목 지정유예 현황
(자기자본 50%이상(10억원 이상에 한함)의 법인세차감전계속사업손실이 최근 3년간 2회 이상 및 최근 사업연도 법인세차감전계속 사업손실 발생)
(기준일 :
2024년 12월 31일
)
(단위 : 백만원, %)
요건별 회사 현황
관리종목지정요건해당여부
관리종목지정유예
사업연도
법인세 차감전계속사업손익(A)
자기자본금액(B)
비율(A/B)
해당여부
종료시점
2024년
-91,467
97,947
-93.4
해당
해당
2025.12.31
2023년
-56,833
186,348
-30.5
2022년
-227,460
41,025
-554.4
(주) 당사는 코스닥 상장규정 제53조 1항 2호 나목에서 규정하고 있는 기술성장기업으로서, 신규상장일이 속하는 사업연도(2023년)을 포함하여 연속하는 3개 사업연도에 대하여 법인세비용 차감전 계속사업 손실 규정에 따라 관리종목에 편입되는 코스닥상장규정의 예외 규정(관리종목 지정유예)을 적용받게 됩니다."	ok
20250814004079	디에이테크놀로지	예	XI. 1. 나. 단일판매ㆍ공급계약체결 진행상황	금융감독원의 2024년 사업보고서 비재무사항 점검결과에 따른 정정	20250331004112	"나. 단일판매ㆍ공급계약체결 진행상황
(단위: 백만원)
신고일자
계약내역
계약금액총액
판매ㆍ공급금액
대금수령금액
대금 미수령 사유
향후 추진계획
당기
누적
당기
누적
2023.04.27
1. 계약명:
2차전지 조립공정 제조 설비 공급계약
2. 계약상대 : 상대방의 영업비밀 요청으로 미공개.3. 계약기간 : 2023.04.21 ~ 2025.04.304. 주요계약조건- 계약금: 계약 후 20일 이내 20%- 중도금: 선적 후 15일 이내 70%- 잔금: 최종 검수 후 15일 이내 10%
25,500
-
-
-
5,100
-
계약 조건에 따라 진행중
※상기 신고일자는 최초 공시일 기준입니다."	"나. 단일판매ㆍ공급계약체결 진행상황
단위: 백만원)
신고일자
계약내역
계약금액총액
판매ㆍ공급금액
대금수령금액
대금 미수령 사유
향후 추진계획
당기
누적
당기
누적
최초: 2023.04.27정정: 2023.08.01정정: 2024.12.06정정: 2025.03.31정정: 2025.04.30
1. 계약명: 2차전지 조립공정 제조 설비 공급계약2. 계약상대 :
RENERA LLC
3. 계약기간 : 2023.04.21 ~ 2025.04.304. 주요계약조건- 계약금: 계약 후 20일 이내 20%- 중도금: 선적 후 15일 이내 70%- 잔금: 최종 검수 후 15일 이내 10%
5,064
-
5,064
-
5,064
(주1)
(주2)
(주1) 상기 계약은 납품을 위한 제작 및 검수가 완료되었으나 거래상대방 국가의 사정으로 수출을 위한 관계기관의 허가절차가 지연되어 공시된 계약 종료일인 2025년 4월 30일까지 수금 완료된 금액으로 정정하여 공시를 종결하였습니다.(주2) 고객사와의 협의를 통해 납품을 완료할 예정입니다.※ 자세한 사항은 아래 공시를 참고하시기 바랍니다.
디에이테크놀로지/단일판매ㆍ공급계약체결/2025.04.30"	ok_sub
20250814004064	강원에너지	여	XI. 1. 1) 단일판매ㆍ공급계약 진행상황	금융감독원 점검항목 기재	20250320001312	"1. 공시내용 진행 및 변경사항
-해당사항 없습니다."	"1. 공시내용 진행 및 변경사항
가. 단일판매 공급계약 진행현황
(기준일 : 2024년 12월 31일)
(단위 : 백만원)
신고일자
계약내용
계약금액총액
판매ㆍ공급금액
대금수령금액
당기
누적
당기
누적
2023. 09. 18
계약명 : (양극재2-1.2-2단계) 탈철기 계약상대방 : (주)포스코퓨처엠 계약기간 : 2023. 09. 14 ~ 2025. 08. 31
4,282
4,238
4,258
2,704
3,519
2024. 03. 11
계약명 : 광양 양극재 5단계 기구부 공급계약 계약상대방 : (주)포스코퓨처엠 계약기간 : 2024. 03. 11 ~ 2025. 09. 30
38,725
17,643
17,643
6,909
6,909
2023. 02. 01
계약명 : [EA1] Powder handling equipment(Blend Mixer, Dryer 등 양극재 공정 설비 일체) 계약상대방 : ECOPRO GLOBAL HUNGRAY Zrt 계약기간 : 2023. 02. 01 ~ 2025. 12. 30
43,882
15,697
40,406
17,553
30,717
2024. 02. 20
계약명 : (광양 양극재 5단계) 수세설비 계약상대방 : (주)포스코퓨처엠 계약기간 : 2024. 02. 06 ~ 2025. 09. 30
23,380
15,181
15,181
9,796
9,796
2023. 01. 12
계약명 : EA1 헝가리 전기히터 건조기 PKG 외주 계약 계약상대방 : 주식회사 강원이솔루션 계약기간 : 2023. 01. 12 ~ 2025. 05. 20
7,424
1,794
7,215
4,455
4,455
2024. 08. 14
계약명 : 사우디 Alujain PDH/PP/UTOS project-폐열회수시스템 공급계약 계약상대방 : ALUJAIN NATIONAL INDUSTRIAL COMPANY 계약기간 : 2024. 08. 14 ~ 2026. 01. 14
41,310
1,707
1,707
4,173
4,173
2022. 03. 03
계약명 : WASTE HEAT BOILER AND REACTION FURNACE 계약상대방 : CTEP Japan Limited Liability Partnership 계약기간 : 2022. 03. 02 ~ 2025. 06. 30
25,981
12,886
22,852
11,480
15,254
2023. 06. 13
계약명 : [EA1]습식 Package 납품 및 설치공사 계약상대방 : ECOPRO GLOBAL HUNGARY Zrt. 계약기간 : 2023. 06. 12 ~ 2025. 09. 30
9,003
1,295
6,786
3,761
5,015
※ 신고일자는 관련 사항 최초 공시일입니다.※ 판매ㆍ공급금액은 진행률 기준 매출액입니다.※ 계약금액 총액, 판매ㆍ공급금액 및 대금수령금액은 부가세 제외금액입니다.
나. 대금 미수령 사유
- 계약의 진행상황에 따라 청구시점별로 대금을 수령하고 있으며, 보고서 제출 기준일 현재, 대금 미수령 사항은 없습니다.
다. 향후 추진계획
- 해당 계약 건들은 계약이행조건에 의거하여 순차적으로 인도할 예정입니다.- 대금 수령은 각 계약별 조건에 따른 선수금, 중도금, 잔금 등으로 구성되어 있으며, 향후 대금 미수령 사유 발생시에는 해당 사실과 그 사유를 상세히 기재할 예정입니다.- 향후 추진 과정에서 영향을 미칠 수 있는 구체적인 변동 요인은 현재까지 식별되지 않았으나, 판매ㆍ공급 이행, 대금 수령 등 기 공시한 계약사항을 이행함에 있어, 주요 계약내용 변경 및 공시의무 발생시 지체없이 공시할 예정입니다."	ok
20250814004060	미래에셋증권	예	Ⅰ. 4. 자기주식에 관한 사항 1) 자기주식 보유현황	기재 미흡	20250515002814	"4. 주식의 총수 등
1. 주식의 총수 현황
(기준일 :
2024년 12월 31일
)
(단위 : 주, %)
구 분
주식의 종류
비고
보통주(미래에셋증권)
1우선주(미래에셋증권우)
2우선주(미래에셋증권2우B)
합계
Ⅰ. 발행할 주식의 총수
-
-
-
1,000,000,000
-
Ⅱ. 현재까지 발행한 주식의 총수
666,316,408
14,075,750
140,000,000
820,392,158
-
Ⅲ. 현재까지 감소한 주식의 총수
81,000,000
0
0
81,000,000
-
1. 감자
0
0
0
0
-
2. 이익소각
81,000,000
0
0
81,000,000
-
3. 상환주식의 상환
0
0
0
0
-
4. 기타
0
0
0
0
-
Ⅳ. 발행주식의 총수 (Ⅱ-Ⅲ)
585,316,408
14,075,750
140,000,000
739,392,158
-
Ⅴ. 자기주식수
146,035,874
4,219,960
3,500,000
153,755,834
-
Ⅵ. 유통주식수 (Ⅳ-Ⅴ)
439,280,534
9,855,790
136,500,000
585,636,324
-
Ⅶ. 자기주식 보유비율
24.9
30.0
2.5
20.8
-
2. 자기주식 취득 및 처분 현황
(기준일 :
2024년 12월 31일
)
(단위 : 주)
취득방법
주식의 종류
기초수량
변동 수량
기말수량
비고
취득(+)
처분(-)
소각(-)
배당가능이익범위이내취득
직접취득
장내 직접 취득
보통주
38,542,494
20,000,000
0
20,000,000
38,542,494
-
1우선주
1,796,320
0
0
0
1,796,320
-
2우선주
3,000,000
500,000
0
0
3,500,000
-
장외직접 취득
보통주
0
0
0
0
0
-
1우선주
0
0
0
0
0
-
2우선주
0
0
0
0
0
-
공개매수
보통주
0
0
0
0
0
-
1우선주
0
0
0
0
0
-
2우선주
0
0
0
0
0
-
소계(a)
보통주
38,542,494
20,000,000
0
20,000,000
38,542,494
-
1우선주
1,796,320
0
0
0
1,796,320
-
2우선주
3,000,000
500,000
0
0
3,500,000
-
신탁계약에 의한취득
수탁자 보유물량
보통주
0
0
0
0
0
-
1우선주
0
0
0
0
0
-
2우선주
0
0
0
0
0
-
현물보유물량
보통주
0
0
0
0
0
-
1우선주
0
0
0
0
0
-
2우선주
0
0
0
0
0
-
소계(b)
보통주
0
0
0
0
0
-
1우선주
0
0
0
0
0
-
2우선주
0
0
0
0
0
-
기타 취득(c)
보통주
107,493,380
0
0
0
107,493,380
-
1우선주
2,423,640
0
0
0
2,423,640
-
2우선주
0
0
0
0
0
-
총 계(a+b+c)
보통주
146,035,874
20,000,000
0
20,000,000
146,035,874
-
1우선주
4,219,960
0
0
0
4,219,960
-
2우선주
3,000,000
500,000
0
0
3,500,000
-
주) 1우선주는 '미래에셋증권우'이며, 2우선주는 '미래에셋증권2우B'임
3. 자기주식 직접 취득ㆍ처분 이행현황
1) 보통주(미래에셋증권)
(기준일 :
2024년 12월 31일
)
(단위 : 주, %)
구 분
취득(처분)예상기간
예정수량(A)
이행수량(B)
이행률(B/A)
결과보고일
시작일
종료일
직접 취득
2022.01.28
2022.04.27
10,000,000
10,000,000
100
2022.04.20
직접 취득
2023.10.19
2023.12.26
10,000,000
10,000,000
100
2023.12.28
직접 취득
2024.01.26
2024.04.25
10,000,000
10,000,000
100
2024.04.22
직접 취득
2024.08.08
2024.11.07
10,000,000
10,000,000
100
2024.11.08
2) 2우선주(미래에셋증권2우B)
(기준일 :
2024년 12월 31일
)
(단위 : 주, %)
구 분
취득(처분)예상기간
예정수량(A)
이행수량(B)
이행률(B/A)
결과보고일
시작일
종료일
직접 취득
2024.01.26
2024.04.25
500,000
500,000
100
2024.04.22
4. 자기주식에 관한 사항
1) 자기주식 보유현황미래에셋증권(보통주)
(단위 : 주)
취득방법
취득(계약체결)결정 공시일자
주식종류
취득기간
취득목적
최초보유예상기간
최초취득수량
변동 수량
기말수량
비고
처분(-)
소각(-)
배당가능이익범위이내취득
직접취득
2010.05.14
보통주
2010.05.15~2010.08.05
주주가치증대 및 주가안정
-
4,962,770
-
-
4,962,770
-
-
보통주
-
-
-
-
2,056,203
-
2,906,567
처분은 성과보상 이연지급 대상자에 대한 자기주식 교부 (2011.01.25~2017.03.07)
2018.04.18
보통주
2018.04.23~2018.05.25
주주가치 제고를 위한 이익소각
-
8,000,000
818,756
8,000,000
2,087,811
처분은 성과보상 이연지급 대상자에 대한 자기주식 교부
-
보통주
-
-
-
-
856,725
-
1,231,086
처분은 성과보상 이연지급 대상자에 대한 자기주식 교부 (2019.01.31)
2020.03.20
보통주
2020.03.23~2020.06.04
주주가치 제고를 위한 이익소각
-
13,000,000
188,592
13,000,000
1,042,494
처분은 성과보상 이연지급 대상자에 대한 자기주식 교부
2020.06.05
보통주
2020.06.08~2020.07.17
주주가치 제고
-
16,000,000
-
-
17,042,494
-
2020.07.30
보통주
2020.07.31~2020.09.25
주주가치 제고
-
15,000,000
-
-
32,042,494
-
2020.10.29
보통주
2020.10.30~2020.12.08
주주가치 제고
-
6,000,000
-
-
38,042,494
-
2021.01.28
보통주
2021.01.29~2021.03.24
주주가치 제고
-
10,500,000
-
10,000,000
38,542,494
-
2021.09.16
보통주
2021.09.17~2021.12.07
주주가치 제고
-
10,000,000
-
-
48,542,494
-
2022.01.27
보통주
2022.02.03~2022.04.15
주주가치 제고
-
10,000,000
-
20,000,000
38,542,494
-
2023.10.18
보통주
2023.10.19~202312.26
주주가치 제고
-
10,000,000
-
10,000,000
38,542,494
-
2024.01.25
보통주
2024.01.26~2024.04.17
주주가치 제고
-
10,000,000
-
10,000,000
38,542,494
-
2024.08.07
보통주
2024.08.08~2024.11.07
주식 소각을 통한 주주가치 제고
-
10,000,000
-
10,000,000
38,542,494
-
신탁계약에의한 취득
-
-
-
-
-
-
-
-
-
-
-
-
-
-
-
-
-
-
-
-
기타 취득
-
보통주
-
합병에 의한 취득
-
154,886,744
47,393,364
-
107,493,380
2024.12.31 기준 합병에 따른 기타취득분 (기보유 자기주식, 주식매수청구권, 단주 등)
처분은 2017.06.27 네이버와의 주식 교환
-
-
-
-
-
-
-
-
-
-
총계
278,349,514
51,313,640
81,000,000
146,035,874
-
미래에셋증권우(1우선주)
(단위 : 주)
취득방법
취득(계약체결)결정 공시일자
주식종류
취득기간
취득목적
최초보유예상기간
최초취득수량
변동 수량
기말수량
비고
처분(-)
소각(-)
배당가능이익범위이내취득
직접취득
1994.09.28
1우선주
1994.09.28~1995.03.31
자사주식 가격의 안정
1,796,320
-
-
1,796,320
-
-
-
-
-
-
-
-
-
-
-
신탁계약에의한 취득
-
-
-
-
-
-
-
-
-
-
-
-
-
-
-
-
-
-
-
-
기타 취득
-
1우선주
합병에 의한 취득
2,423,640
-
-
2,423,640
2024.12.31 기준 합병에 따른 기타취득분 (기보유 자기주식, 주식매수청구권, 단주 등)
-
-
-
-
-
-
-
-
-
-
총계
-
4,219,960
-
-
4,219,960
-
미래에셋증권2우B(2우선주)
(단위 : 주)
취득방법
취득(계약체결)결정 공시일자
주식종류
취득기간
취득목적
최초보유예상기간
최초취득수량
변동 수량
기말수량
비고
처분(-)
소각(-)
배당가능이익범위이내취득
직접취득
2021.09.16
2우선주
2021.09.17~2021.12.07
주주가치 제고
-
3,000,000
-
-
3,000,000
-
2024.01.25
2우선주
2024.01.26~2024.04.17
주주가치 제고
-
500,000
-
-
3,500,000
-
신탁계약에의한 취득
-
-
-
-
-
-
-
-
-
-
-
-
-
-
-
-
-
-
-
-
기타 취득
-
-
-
-
-
-
-
-
-
-
-
-
-
-
-
-
-
-
-
-
총계
-
3,500,000
-
-
3,500,000
-
2) 자기주식 보유 목적
○ 직접취득 자기주식
- 배당가능 이익내에서 직접 취득한 자기주식으로 현재 보통주 38,542,494주(6.58%), 1우선주 1,796,320주(12.76%), 2우선주 3,500,000주(2.5%)를 보유중
- 보유목적: 주가안정 및 주주가치 제고
○ 기타취득 자기주식 (합병에 의한 취득)
- 2016년 말 미래에셋증권과 대우증권의 합병으로 보유하게 된 자기주식으로 2017년 6월 27일 네이버와 주식교환을 통해 47,393,364주를 처분하였고 현재 보통주 107,493,380주 (18.37)%, 1우선주 2,423,640주(17.22%)를 보유중 임
- 보유목적: 주주가치 안정
3) 자기주식 취득계획
○ 직접취득 자기주식
- 당사는 '24년 2월 22일 매년 최소 보통주 1,500만주 및 2우선주 100만주 소각을 포함한 FY24~FY26 주주환원정책을 발표하였음
- 또한 '24년 8월 22일 발표한 기업가치제고 계획에서 2030년까지 발행주식의 1억 주 이상 소각을 목표로 하고 있음
- 이러한 당사의 자기주식 소각 정책에 따라 필요시 자기주식을 추가로 취득할 예정임
4) 자기주식 소각 및 처분 계획
○ 직접취득 자기주식
- (소각) 당사는 중장기 주주환원정책에 따라 '24~'26년까지 매년 보통주 1,500만주 및 2우선주 100만주 이상을 소각할 예정이며, 기업가치 제고 계획에 따라 2030년까지 발행주식의 1억 주 이상의 소각을 목표로 하고 있음
- '25년 2월 28일 보통주 1,500만주 및 2우선주 250만주 소각 예정임
- (처분) 계획 없음
○ 기타취득 자기주식 (합병에 의한 취득)
- (소각) 당사가 합병에 의해 취득한 자기주식은 소각 시, 주주총회 특별결의를 통한 자본금 감소 절차가 필요하고 자본금 및 자기자본 감소에 따라 재무건전성 등이 훼손될 우려에 현재 별도의 소각 계획은 없음
- (처분) 계획 없음
5. 종류주식(명칭) 발행현황
1) 미래에셋증권우
(단위 : 원)
발행일자
1983년 12월 22일
주당 발행가액(액면가액)
5,000
5,000
발행총액(발행주식수)
70,378,750,000
14,075,750
현재 잔액(현재 주식수)
70,378,750,000
14,075,750
주식의내용
존속기간(우선주권리의 유효기간)
-
이익배당에 관한 사항
[우선주](구 정관)우선주식에 대하여는 액면금액을 기준으로 보통주식에 대한 배당율의 100분의 10을 금전으로 추가배당한다. 다만, 보통주식에 대하여 배당을 하지 아니한 경우에는 우선주식에 대하여 액면금액을 기준으로 연 1%에 해당하는 금액을 배당할 수 있다.(신 정관)종류주식에 대하여는 액면금액을 기준으로 연 1% 이상으로 발행시에 이사회가 정한 우선 비율에 따른 금액을 현금으로 우선 배당한다. 보통주식의 배당률이 종류주식의 배당률을 초과할 경우에는 그 초과분에 대하여 보통주식과 동일한 비율로 참가시켜 배당한다.
잔여재산분배에 관한 사항
-
상환에관한 사항
상환권자
없음
상환조건
-
상환방법
-
상환기간
-
주당 상환가액
-
1년 이내상환 예정인 경우
-
전환에관한 사항
전환권자
없음
전환조건(전환비율 변동여부 포함)
-
발행이후 전환권행사내역
N
전환청구기간
-
전환으로 발행할주식의 종류
-
전환으로발행할 주식수
-
의결권에 관한 사항
우선주식에 대하여 소정의 배당을 하지 아니한다는 결의가 있는 경우에는 그 결의가 있는 총회의 다음 총회부터 그 우선적 배당을 한다는 결의가 있는 총회의 종료시까지 의결권이 있는 것으로 한다.
기타 투자 판단에 참고할 사항(주주간 약정 및 재무약정 사항 등)
-
2) 미래에셋증권2우B
(단위 : 원)
발행일자
2018년 03월 03일
주당 발행가액(액면가액)
5,000
5,000
발행총액(발행주식수)
700,000,000,000
140,000,000
현재 잔액(현재 주식수)
700,000,000,000
140,000,000
주식의내용
존속기간(우선주권리의 유효기간)
-
이익배당에 관한 사항
종류주식에 대하여는 액면금액을 기준으로 연 1% 이상으로 발행시에 이사회가 정한 우선 비율에 따른 금액을 현금으로 우선 배당한다. 보통주식의 배당률이 종류주식의 배당률을 초과할 경우에는 그 초과분에 대하여 보통주식과 동일한 비율로 참가시켜 배당한다.[이익배당에 관한 사항]- 우선배당금 : 우선배당금은 액면가액에 우선배당률을 곱하여 산정하며, 우선배당률은 다음과 같음
기간
우선배당률
2018.01.01 ~ 12.31
(주당발행가/주당액면가) X 2.7%
2019.01.01 ~
(주당발행가/주당액면가) X 2.4%
[주] 우선배당률에 따라 산정된 우선배당금이 보통주 주당 배당금보다 작을 경우에는 보통주 주당 배당금을 신주의 1주당 우선배당금으로 함
- 누적적 : 어느 사업연도에 상기에 따른 우선배당의 전부 또는 일부를 배당받지 못하는 경우, 그와 같이 배당받지 못한 금액을 완전히 배당받을 수 있을 때까지 차기 이후의 사업연도의 배당시 보통주식에 우선하여 배당받을 수 있음
- 참가적 : 보통주식에 대한 추가 배당에 참가할 수 있음
잔여재산분배에 관한 사항
-
상환에관한 사항
상환권자
없음
상환조건
-
상환방법
-
상환기간
-
주당 상환가액
-
1년 이내상환 예정인 경우
-
전환에관한 사항
전환권자
없음
전환조건(전환비율 변동여부 포함)
-
발행이후 전환권행사내역
N
전환청구기간
-
전환으로 발행할주식의 종류
-
전환으로발행할 주식수
-
의결권에 관한 사항
우선주식에 대하여 소정의 배당을 하지 아니한다는 결의가 있는 경우에는 그 결의가 있는 총회의 다음 총회부터 그 우선적 배당을 한다는 결의가 있는 총회의 종료시까지 의결권이 있는 것으로 한다.
기타 투자 판단에 참고할 사항(주주간 약정 및 재무약정 사항 등)
-"	"4. 주식의 총수 등
1. 주식의 총수 현황
(기준일 :
2024년 12월 31일
)
(단위 : 주, %)
구 분
주식의 종류
비고
보통주(미래에셋증권)
1우선주(미래에셋증권우)
2우선주(미래에셋증권2우B)
합계
Ⅰ. 발행할 주식의 총수
-
-
-
1,000,000,000
-
Ⅱ. 현재까지 발행한 주식의 총수
666,316,408
14,075,750
140,000,000
820,392,158
-
Ⅲ. 현재까지 감소한 주식의 총수
81,000,000
0
0
81,000,000
-
1. 감자
0
0
0
0
-
2. 이익소각
81,000,000
0
0
81,000,000
-
3. 상환주식의 상환
0
0
0
0
-
4. 기타
0
0
0
0
-
Ⅳ. 발행주식의 총수 (Ⅱ-Ⅲ)
585,316,408
14,075,750
140,000,000
739,392,158
-
Ⅴ. 자기주식수
146,035,874
4,219,960
3,500,000
153,755,834
-
Ⅵ. 유통주식수 (Ⅳ-Ⅴ)
439,280,534
9,855,790
136,500,000
585,636,324
-
Ⅶ. 자기주식 보유비율
24.9
30.0
2.5
20.8
-
2. 자기주식 취득 및 처분 현황
(기준일 :
2024년 12월 31일
)
(단위 : 주)
취득방법
주식의 종류
기초수량
변동 수량
기말수량
비고
취득(+)
처분(-)
소각(-)
배당가능이익범위이내취득
직접취득
장내 직접 취득
보통주
38,542,494
20,000,000
0
20,000,000
38,542,494
-
1우선주
1,796,320
0
0
0
1,796,320
-
2우선주
3,000,000
500,000
0
0
3,500,000
-
장외직접 취득
보통주
0
0
0
0
0
-
1우선주
0
0
0
0
0
-
2우선주
0
0
0
0
0
-
공개매수
보통주
0
0
0
0
0
-
1우선주
0
0
0
0
0
-
2우선주
0
0
0
0
0
-
소계(a)
보통주
38,542,494
20,000,000
0
20,000,000
38,542,494
-
1우선주
1,796,320
0
0
0
1,796,320
-
2우선주
3,000,000
500,000
0
0
3,500,000
-
신탁계약에 의한취득
수탁자 보유물량
보통주
0
0
0
0
0
-
1우선주
0
0
0
0
0
-
2우선주
0
0
0
0
0
-
현물보유물량
보통주
0
0
0
0
0
-
1우선주
0
0
0
0
0
-
2우선주
0
0
0
0
0
-
소계(b)
보통주
0
0
0
0
0
-
1우선주
0
0
0
0
0
-
2우선주
0
0
0
0
0
-
기타 취득(c)
보통주
107,493,380
0
0
0
107,493,380
-
1우선주
2,423,640
0
0
0
2,423,640
-
2우선주
0
0
0
0
0
-
총 계(a+b+c)
보통주
146,035,874
20,000,000
0
20,000,000
146,035,874
-
1우선주
4,219,960
0
0
0
4,219,960
-
2우선주
3,000,000
500,000
0
0
3,500,000
-
주) 1우선주는 '미래에셋증권우'이며, 2우선주는 '미래에셋증권2우B'임
3. 자기주식 직접 취득ㆍ처분 이행현황
1) 보통주(미래에셋증권)
(기준일 :
2024년 12월 31일
)
(단위 : 주, %)
구 분
취득(처분)예상기간
예정수량(A)
이행수량(B)
이행률(B/A)
결과보고일
시작일
종료일
직접 취득
2022.01.28
2022.04.27
10,000,000
10,000,000
100
2022.04.20
직접 취득
2023.10.19
2023.12.26
10,000,000
10,000,000
100
2023.12.28
직접 취득
2024.01.26
2024.04.25
10,000,000
10,000,000
100
2024.04.22
직접 취득
2024.08.08
2024.11.07
10,000,000
10,000,000
100
2024.11.08
2) 2우선주(미래에셋증권2우B)
(기준일 :
2024년 12월 31일
)
(단위 : 주, %)
구 분
취득(처분)예상기간
예정수량(A)
이행수량(B)
이행률(B/A)
결과보고일
시작일
종료일
직접 취득
2024.01.26
2024.04.25
500,000
500,000
100
2024.04.22
4. 자기주식에 관한 사항
1) 자기주식 보유현황미래에셋증권(보통주)
(단위 : 주)
취득방법
취득(계약체결)결정 공시일자
주식종류
취득기간
취득목적
최초보유예상기간
최초취득수량
변동 수량
기말수량
비고
처분(-)
소각(-)
배당가능이익범위이내취득
직접취득
2010.05.14
보통주
2010.05.15~2010.08.14
주주가치증대 및주가안정
취득완료일로부터 6개월 이상
4,962,770
3,920,276
-
1,042,494
주1), 주2)
2018.04.18
보통주
2018.04.19~2018.07.18
주주가치 제고를 위한이익소각
자기주식 취득 후 소각 예정임
8,000,000
-
8,000,000
-
주3)
2020.03.20
보통주
2020.03.23~2020.06.22
주주가치 제고를 위한이익소각
자기주식 취득 후 소각 예정임
13,000,000
-
13,000,000
-
주3)
2020.06.05
보통주
2020.06.08~2020.09.07
주주가치 제고
최종 취득일로부터 6개월 이상임
16,000,000
-
16,000,000
-
주3)
2020.07.30
보통주
2020.07.31~2020.10.30
주주가치 제고
최종 취득일로부터 6개월 이상임
15,000,000
-
15,000,000
-
주3)
2020.10.29
보통주
2020.10.30~2021.01.29
주주가치 제고
최종 취득일로부터 6개월 이상임
6,000,000
-
6,000,000
-
주3)
2021.01.28
보통주
2021.01.29~2021.04.28
주주가치 제고
최종 취득일로부터 6개월 이상임
10,500,000
-
10,500,000
-
주3)
2021.09.16
보통주
2021.09.17~2021.12.16
주주가치 제고
최종 취득일로부터 6개월 이상임
10,000,000
-
10,000,000
-
주3)
2022.01.27
보통주
2022.01.28~2022.04.27
주주가치 제고
최종 취득일로부터 6개월 이상임
10,000,000
-
2,500,000
7,500,000
주3)
2023.10.18
보통주
2023.10.19~2024.01.18
주주가치 제고
최종 취득일로부터 6개월 이상임
10,000,000
-
-
10,000,000
-
2024.01.25
보통주
2024.01.26~2024.04.25
주주가치 제고
최종 취득일로부터 6개월 이상임
10,000,000
-
-
10,000,000
-
2024.08.07
보통주
2024.08.08~2024.11.07
주식 소각을 통한주주가치 제고
자기주식 취득 후 소각 예정임
10,000,000
-
-
10,000,000
-
신탁계약에의한 취득
-
-
-
-
-
-
-
-
-
-
-
-
-
-
-
-
-
-
-
-
기타 취득
-
보통주
-
합병에 의한 취득
-
154,886,744
47,393,364
-
107,493,380
주4), 주5)
-
-
-
-
-
-
-
-
-
-
총계
278,349,514
51,313,640
81,000,000
146,035,874
-
주1) 처분은 성과보상 이연지급 대상자에 대한 자기주식 교부임 (2011.01.25~2020.01.30)주2) 2016.12.29 합병 이전에 직접 취득한 자기주식은 별도 계좌로 관리되어 합병 이후 취득한 자기주식과 분리하여 기재하였음주3) 총 7차례에 걸쳐 8,100만주의 자기주식을 소각함 - 주식소각결정 공시: 2018.04.18.(8백만주), 2020.03.20.(1,300만주), 2021.02.25.(1,000만주), 2022.01.27.(2,000만주), 2023.02.23.(1,000만주), 2024.02.22.(1,000만주), 2024.08.07.(1,000만주)주4) 2016.12.29 합병에 따른 기타 취득분임 (기보유 자기주식, 주식매수청구권, 단주 등)주5) 2017.06.27 네이버와의 주식 교환으로 47,393,364주를 처분함
미래에셋증권우(1우선주)
(단위 : 주)
취득방법
취득(계약체결)결정 공시일자
주식종류
취득기간
취득목적
최초보유예상기간
최초취득수량
변동 수량
기말수량
비고
처분(-)
소각(-)
배당가능이익범위이내취득
직접취득
1994.09.07
1우선주
1994.09.12~1994.12.10
자사주식 가격의 안정
취득결과보고서 제출일로부터 1년
106,510
-
-
106,510
-
1994.12.12
1우선주
1994.12.16~1995.03.15
자사주식 가격의 안정
취득결과보고서 제출일로부터 1년
1,525,940
-
-
1,525,940
-
1995.03.16
1우선주
1995.03.20~1995.03.31
자사주식 가격의 안정
취득결과보고서 제출일로부터 1년
163,870
-
-
163,870
-
신탁계약에의한 취득
-
-
-
-
-
-
-
-
-
-
-
-
-
-
-
-
-
-
-
-
기타 취득
-
1우선주
합병에 의한 취득
-
2,423,640
-
-
2,423,640
주)
-
-
-
-
-
-
-
-
-
-
총계
-
4,219,960
-
-
4,219,960
-
주) 2016.12.29 합병에 따른 기타 취득분임 (기보유 자기주식, 주식매수청구권, 단주 등)
미래에셋증권2우B(2우선주)
(단위 : 주)
취득방법
취득(계약체결)결정 공시일자
주식종류
취득기간
취득목적
최초보유예상기간
최초취득수량
변동 수량
기말수량
비고
처분(-)
소각(-)
배당가능이익범위이내취득
직접취득
2021.09.16
2우선주
2021.09.17~2021.12.16
주주가치 제고
최종 취득일로부터 6개월 이상임
3,000,000
-
-
3,000,000
-
2024.01.25
2우선주
2024.01.26~2024.04.25
주주가치 제고
최종 취득일로부터 6개월 이상임
500,000
-
-
500,000
-
신탁계약에의한 취득
-
-
-
-
-
-
-
-
-
-
-
-
-
-
-
-
-
-
-
-
기타 취득
-
-
-
-
-
-
-
-
-
-
-
-
-
-
-
-
-
-
-
-
총계
-
3,500,000
-
-
3,500,000
-
2) 자기주식 보유 목적
○ 직접취득 자기주식
- 배당가능 이익내에서 직접 취득한 자기주식으로 현재 보통주 38,542,494주(6.58%), 1우선주 1,796,320주(12.76%), 2우선주 3,500,000주(2.5%)를 보유중
- 보유목적: 주가안정 및 주주가치 제고
○ 기타취득 자기주식 (합병에 의한 취득)
- 2016년 말 미래에셋증권과 대우증권의 합병으로 보유하게 된 자기주식으로 2017년 6월 27일 네이버와 주식교환을 통해 47,393,364주를 처분하였고 현재 보통주 107,493,380주 (18.37)%, 1우선주 2,423,640주(17.22%)를 보유중 임
- 보유목적: 주주가치 안정
3) 자기주식 취득계획
○ 직접취득 자기주식
- 당사는 '24년 2월 22일 매년 최소 보통주 1,500만주 및 2우선주 100만주 소각을 포함한 FY24~FY26 주주환원정책을 발표하였음
- 또한 '24년 8월 22일 발표한 기업가치제고 계획에서 2030년까지 발행주식의 1억 주 이상 소각을 목표로 하고 있음
- 이러한 당사의 자기주식 소각 정책에 따라 필요시 자기주식을 추가로 취득할 예정임
4) 자기주식 소각 및 처분 계획
○ 직접취득 자기주식
- (소각) 당사는 중장기 주주환원정책에 따라 '24~'26년까지 매년 보통주 1,500만주 및 2우선주 100만주 이상을 소각할 예정이며, 기업가치 제고 계획에 따라 2030년까지 발행주식의 1억 주 이상의 소각을 목표로 하고 있음
- '25년 2월 28일 보통주 1,500만주 및 2우선주 250만주 소각 예정임
- (처분) 계획 없음
○ 기타취득 자기주식 (합병에 의한 취득)
- (소각) 당사가 합병에 의해 취득한 자기주식은 소각 시, 주주총회 특별결의를 통한 자본금 감소 절차가 필요하고 자본금 및 자기자본 감소에 따라 재무건전성 등이 훼손될 우려에 현재 별도의 소각 계획은 없음
- (처분) 계획 없음
5. 종류주식(명칭) 발행현황
1) 미래에셋증권우
(단위 : 원)
발행일자
1983년 12월 22일
주당 발행가액(액면가액)
5,000
5,000
발행총액(발행주식수)
70,378,750,000
14,075,750
현재 잔액(현재 주식수)
70,378,750,000
14,075,750
주식의내용
존속기간(우선주권리의 유효기간)
-
이익배당에 관한 사항
[우선주](구 정관)우선주식에 대하여는 액면금액을 기준으로 보통주식에 대한 배당율의 100분의 10을 금전으로 추가배당한다. 다만, 보통주식에 대하여 배당을 하지 아니한 경우에는 우선주식에 대하여 액면금액을 기준으로 연 1%에 해당하는 금액을 배당할 수 있다.(신 정관)종류주식에 대하여는 액면금액을 기준으로 연 1% 이상으로 발행시에 이사회가 정한 우선 비율에 따른 금액을 현금으로 우선 배당한다. 보통주식의 배당률이 종류주식의 배당률을 초과할 경우에는 그 초과분에 대하여 보통주식과 동일한 비율로 참가시켜 배당한다.
잔여재산분배에 관한 사항
-
상환에관한 사항
상환권자
없음
상환조건
-
상환방법
-
상환기간
-
주당 상환가액
-
1년 이내상환 예정인 경우
-
전환에관한 사항
전환권자
없음
전환조건(전환비율 변동여부 포함)
-
발행이후 전환권행사내역
N
전환청구기간
-
전환으로 발행할주식의 종류
-
전환으로발행할 주식수
-
의결권에 관한 사항
우선주식에 대하여 소정의 배당을 하지 아니한다는 결의가 있는 경우에는 그 결의가 있는 총회의 다음 총회부터 그 우선적 배당을 한다는 결의가 있는 총회의 종료시까지 의결권이 있는 것으로 한다.
기타 투자 판단에 참고할 사항(주주간 약정 및 재무약정 사항 등)
-
2) 미래에셋증권2우B
(단위 : 원)
발행일자
2018년 03월 03일
주당 발행가액(액면가액)
5,000
5,000
발행총액(발행주식수)
700,000,000,000
140,000,000
현재 잔액(현재 주식수)
700,000,000,000
140,000,000
주식의내용
존속기간(우선주권리의 유효기간)
-
이익배당에 관한 사항
종류주식에 대하여는 액면금액을 기준으로 연 1% 이상으로 발행시에 이사회가 정한 우선 비율에 따른 금액을 현금으로 우선 배당한다. 보통주식의 배당률이 종류주식의 배당률을 초과할 경우에는 그 초과분에 대하여 보통주식과 동일한 비율로 참가시켜 배당한다.[이익배당에 관한 사항]- 우선배당금 : 우선배당금은 액면가액에 우선배당률을 곱하여 산정하며, 우선배당률은 다음과 같음
기간
우선배당률
2018.01.01 ~ 12.31
(주당발행가/주당액면가) X 2.7%
2019.01.01 ~
(주당발행가/주당액면가) X 2.4%
[주] 우선배당률에 따라 산정된 우선배당금이 보통주 주당 배당금보다 작을 경우에는 보통주 주당 배당금을 신주의 1주당 우선배당금으로 함
- 누적적 : 어느 사업연도에 상기에 따른 우선배당의 전부 또는 일부를 배당받지 못하는 경우, 그와 같이 배당받지 못한 금액을 완전히 배당받을 수 있을 때까지 차기 이후의 사업연도의 배당시 보통주식에 우선하여 배당받을 수 있음
- 참가적 : 보통주식에 대한 추가 배당에 참가할 수 있음
잔여재산분배에 관한 사항
-
상환에관한 사항
상환권자
없음
상환조건
-
상환방법
-
상환기간
-
주당 상환가액
-
1년 이내상환 예정인 경우
-
전환에관한 사항
전환권자
없음
전환조건(전환비율 변동여부 포함)
-
발행이후 전환권행사내역
N
전환청구기간
-
전환으로 발행할주식의 종류
-
전환으로발행할 주식수
-
의결권에 관한 사항
우선주식에 대하여 소정의 배당을 하지 아니한다는 결의가 있는 경우에는 그 결의가 있는 총회의 다음 총회부터 그 우선적 배당을 한다는 결의가 있는 총회의 종료시까지 의결권이 있는 것으로 한다.
기타 투자 판단에 참고할 사항(주주간 약정 및 재무약정 사항 등)
-"	ok
20250814004043	리튬포어스	예	VI. 3. 바. 주주총회 의사록 요약	소수주주권 행사 공시 항목 중 주주총회의사록요약 정정요구에 따른 내용 보완 기재	20250321001785	"바 . 주주총회 의사록 요약
주총일자
해당주총명
안건
결의내용
비고
2022.03.31
제24기정기주주총회
제1호 의안 : 제24기(2021.01.01. ~ 2021.12.31.) 재무제표 승인의 건제2호 의안 : 정관 일부 변경의 건제3호 의안 : 이사 선임의 건
- 원안대로 가결
-
2022.08.05
제25기임시주주총회
제1호 의안 : 정관 일부 변경의 건
- 원안대로 가결
-
2022.11.04
제25기임시주주총회
제1호 의안 : 정관 일부 변경의 건제2호 의안 : 이사 선임의 건제3호 의안 : 감사 선임의 건
- 원안대로 가결
-
2023.03.31
제25기정기주주총회
제1호 의안 : 제25기(2022.01.01. ~ 2022.12.31.) 재무제표 승인의 건제2호 의안 : 정관 일부 변경의 건제3호 의안 : 이사 선임의 건제4호 의안 : 감사 선임의 건
- 원안대로 가결
-
2023.05.26
제26기임시주주총회
1. 정관 일부 변경의 건
- 원안대로 가결
-
2024.03.29
제26기정기주주총회
제1호 의안 : 제26기(2023.01.01. ~ 2023.12.31.) 재무제표 승인의 건제2호 의안 : 정관 일부 변경의 건
- 원안대로 가결
-
2024.06.20
제27기임시주주총회
1. 정관 일부 변경의 건2. 이사 선임의 건(주주제안)
- 부결- 원안대로 가결
-
2024.08.08
제27기임시주주총회
1. 이사 선임의 건
- 원안대로 가결
-"	"바 . 주주총회 의사록 요약
주총일자
해당주총명
안건
결의내용
주요 설명내용
주요 논의내용
2023.03.31
제25기정기주주총회
제1호 의안 : 제25기(2022.01.01. ~ 2022.12.31.) 재무제표 승인의 건제2호 의안 : 정관 일부 변경의 건제3호 의안 : 이사 선임의 건제4호 의안 : 감사 선임의 건
- 원안대로 가결
1. 2022년 결산 결과 설명2. 정관 변경(이사의 수) 필요성 설명3. 신규 이사 필요성 설명4. 신규 감사 필요성 설명
각 안건별 질의응답, 찬반토론, 안건수정안 발의 없음
2023.05.26
제26기임시주주총회
제1호 의안 :
정관 일부 변경의 건
- 원안대로 가결
1.
정관 변경(상호 변경) 필요성 설명
각 안건별 질의응답, 찬반토론, 안건수정안 발의 없음
2024.03.29
제26기정기주주총회
제1호 의안 : 제26기(2023.01.01. ~ 2023.12.31.) 재무제표 승인의 건제2호 의안 : 정관 일부 변경의 건
- 원안대로 가결
1. 2023년 결산 결과 설명2. 정관 변경(사업목적 정비, 홈페이지 변경) 필요성 설명
각 안건별 질의응답, 찬반토론, 안건수정안 발의 없음
2024.06.20
제27기임시주주총회
제1호 의안 :
정관 일부 변경의 건
제2호 의안 :
이사 선임의 건(주주제안)
- 부결- 원안대로 가결
1. 정관 변경(이사의 수) 필요성 설명2. 신규 이사 필요성 설명(주주제안)
1.
질의응답, 찬반토론, 안건수정안 발의 없음
2. 주주제안자의 기업가치 제고를 위해 신규 이사 필요성 설명,
질의응답, 찬반토론, 안건수정안 발의 없음
2024.08.08
제27기임시주주총회
제1호 의안 :
이사 선임의 건
- 원안대로 가결
1. 신규 이사 필요성 설명
각 안건별 질의응답, 찬반토론, 안건수정안 발의 없음"	ok_sub
20250814004041	슈피겐코리아	예	VI. 3. 바. 주주총회의사록요약	미흡사항 추가기재	20250319001047	"바. 주주총회 의사록 요약
공시대상기간 동안 개최된 주주총회에 대한 내용은 다음과 같습니다.
(기준일 :
2024년 12월 31일
)
개최일자
구분
안건
결의내용
2024.04.08
제15기정기주주총회
1. 감사위원회 위원이 되는 사외이사 선우희연 재선임의 건2. 이사 선임의 건3. 감사위원회 위원 김광수 선임의 건 4. 이사 보수한도 승인의 건 (30억)5. 정관 일부 변경의 건
가결
2023.12.18
제15기임시주주총회
1. 정관 일부 변경의 건
가결
2023.03.29
제14기정기주주총회
1. 제14기 연결 및 별도 재무제표 승인의 건2. 사외이사 선임의 건 : 변재훈(BYUN JAY HOON)3. 감사위원회의 위원 선임의 건 : 변재훈(BYUN JAY HOON)4. 이사 보수한도 승인의 건
가결가결가결가결
2022.03.29
제13기정기주주총회
1. 제13기 연결 및 별도 재무제표 승인의 건2. 이사 보수한도 승인의 건
가결가결
2021.03.31
제12기정기주주총회
1. 제12기 연결 및 별도 재무제표 승인의 건2. 정관 일부 변경의 건3. 사내이사 선임의 건 : 김대영, 최철규4. 감사위원회 위원이 되는 사외이사 선임의 건 : 선우희연, 이승혁5. 이사 보수한도 승인의 건
가결가결가결가결가결"	"바. 주주총회 의사록 요약
공시대상기간 동안 개최된 주주총회에 대한 내용은 다음과 같습니다.
(기준일 :
2024년 12월 31일
)
주총정보
안건
결의 내용
주요 논의내용
비고
제15기
정기주주총회(2024.04.08)
1. 감사위원회 위원이 되는 사외이사 선우희연 재선임의 건2. 이사 선임의 건3. 감사위원회 위원 김광수 선임의 건 4. 이사 보수한도 승인의 건 (30억)5. 정관 일부 변경의 건
1. 원안대로 가결
2. 원안대로 가결
3. 원안대로 가결
4. 원안대로 가결
5. 원안대로 가결
1. 감사위원이 되는 사외이사 후보에 대한 추천 사유 설명 및 선임 안건에 대한 찬반투표 진행
2. 임기만료된 사내이사 2인, 사외이사1인의 재선임을 위한 후보자 설명 및 찬반투표 진행3. 감사위원회 위원 선임 후보자에 대한 설명 및 찬반투표 진행4. 이사 보수한도에 대한 전기 대비 변경 내용 설명 및 찬반투표 진행5. 사업 목적 추가, 종류주식 및 사채 발행 한도 정비, 이사회 ·주주총회 관련 조항 변경, 배당제도 변경 등을 포함한 정관 일부 개정안 설명 및 찬반투표 진행
-
제15기
임시주주총회
(2023.12.18)
1. 정관 일부 변경의 건
1. 원안대로 가결
1. 물류센터 옥외공간 활용 관련 사업 목적 추가 및 목적사업 번호 정비를 위한 정관 일부 개정
-
제14기
정기주주총회
(2023.03.29)
1. 제14기 연결 및 별도 재무제표 승인의 건2. 사외이사 선임의 건 : 변재훈(BYUN JAY HOON)3. 감사위원회의 위원 선임의 건 : 변재훈(BYUN JAY HOON)4. 이사 보수한도 승인의 건
1. 원안대로 가결
2. 원안대로 가결
3. 원안대로 가결
4. 원안대로 가결
1. 제14기 재무제표 및 이익배당 관련 내용을 설명하고, 배당금액 등에 대해 논의 후 찬반투표 진행2. 사외이사 후보에 대한 추천 사유 설명 및 선임 안건에 대한 찬반투표 진행3. 감사위원이 되는 사외이사 후보에 대한 추천 사유 설명 및 선임 안건에 대한 찬반투표 진행4. 이사 보수한도의 전기 대비 변동 내역 설명 및 찬반투표 진행
-
제13기
정기주주총회
(2022.03.29)
1. 제13기 연결 및 별도 재무제표 승인의 건2. 이사 보수한도 승인의 건
1. 원안대로 가결
2. 원안대로 가결
1. 제13기 재무제표 및 이익배당 관련 내용을 설명하고, 배당금액 등에 대해 논의 후 찬반투표 진행2. 이사 보수한도의 전기 대비 변동 내역 설명 및 찬반투표 진행
-
제12기
정기주주총회
(2021.03.31)
1. 제12기 연결 및 별도 재무제표 승인의 건2. 정관 일부 변경의 건3. 사내이사 선임의 건 : 김대영, 최철규4. 감사위원회 위원이 되는 사외이사 선임의 건 : 선우희연, 이승혁5. 이사 보수한도 승인의 건
1. 원안대로 가결
2. 원안대로 가결
3. 원안대로 가결4. 원안대로 가결
5. 원안대로 가결
1. 제12기 재무제표 및 이익배당 관련 내용을 설명하고, 배당금액 등에 대해 논의 후 찬반투표 진행2. 정기주주총회 운영의 유연성 확보, 전자투표 도입, 감사위원회 관련 조항 신설 및 배당 기준 명확화 등을 반영하기 위해 정관 일부 개정안 설명 설명 및 찬반투표 진행3. 사내이사 2인 재선임을 위한 안건 설명 및 찬반투표 진행
4. 사외이사 2인이 임기만료됨을 알리고 신규선임 및 재선임을 위한 후보자 설명 및 찬반투표 진행
(신규선임-선우희연, 재선임-이승혁)5. 이사 보수한도의 전기 대비 변동 내역 설명 및 찬반투표 진행
-"	ok_sub
20250814004023	제이스코홀딩스	예	VI. 3. 다. 주주총회의사록 요약	금융감독원의 기재 미흡사항 정정요구	20250321001519	"다. 주주총회의사록 요약
주총일자
안 건
결의내용
제60기정기주주총회(2024.03.29)
제1호 의안 :
제60기(2023,01.01 ~ 2023.12.31) 연결 및 별도 재무제표 승인의 건
제2호 의안 :
정관 일부 변경의 건제3호 의안 : 이사 선임의 건 제3-1호 의안 : 사내이사 한상민 선임의 건 제3-2호 의안 : 사내이사 이형복 선임의건 제3-3호 의안 : 사내이사 최광범 선임의 건 제3-4호 의안 : 사내이사 김덕준 선임의 건 제3-5호 의안 : 사내이사 차재호 선임의 건 제3-6호 의안 : 사내이사 오성욱 선임의 건 제3-7호 의안 : 사외이사 조용 선임의 건 제3-8호 의안 : 사외이사 김명희 선임의 건 제3-9호 의안 : 사외이사 이지희 선임의 건제4호 의안 : 이사 보수한도 승인의 건제5호 의안 : 감사 보수한도 승인의 건
제1호 의안 : 가결
제2호 의안 : 부결제3-1호 의안 : 가결제3-2호 의안 :
자진사퇴
제3-3호 의안 : 부결제3-4호 의안: 가결제3-5호 의안: 가결제3-6호 의안: 가결제3-7호 의안: 가결제3-8호 의안: 가결제3-9호 의안: 가결제4호 의안 : 가결제5호 의안 : 가결
임시주주총회(2023.09.21)
제1호 의안 : 이사선임의 건
제1호 의안 : 가결
제59기정기주주총회(2023.03.30)
제1호 의안 : 제59기 (2022.01.01 ~ 2022.12.31) 재무제표 승인의 건제2호 의안 : 이사 보수한도 승인의 건제3호 의안 : 감사 보수한도 승인의 건
제1호 의안 : 가결제2호 의안 : 가결제3호 의안 : 가결
제58기정기주주총회(2022.03.28)
제1호 의안 제58기 재무제표 승인의 건제2호 의안 정관 일부 변경의 건제3호 의안 이사선임의 건제3-1호 의안 : 이사선임의 건 (회사 추천)가. 사외이사 Ivo Sauter 선임의 건제3-2호 의안 : 이사선임의 건 (주주 제안)가. 사내이사 하창우 선임의 건나. 사내이사 정유석 선임의 건다. 사내이사 정교민 선임의 건라. 사외이사 송원석 선임의 건제4호 의안 : 감사 선임의 건제4-1호 의안 : 상근감사 선임의 건 (회사 추천)가. 상근감사 박제일 선임의 건제4-2호 의안 : 감사 선임의 건 (주주 제안)가. 감사 박종수 선임의 건나. 감사 정춘식 선임의 건제5호 의안 : 이사 보수한도 승인의 건제6호 의안 : 감사 보수한도 승인의 건
제1호 의안 : 가결제2호 의안 : 가결제3-1호 의안 : 자진사퇴제3-2호 의안 : 부결제4-1호 의안 : 가결제4-2호 의안 : 부결제5호 의안 : 가결제6호 의안 : 가결
제57기정기주주총회(2021.03.25)
제1호 의안 제57기 재무제표 승인의 건제2호 의안 이사 보수한도 승인의 건제3호 의안 감사 보수한도 승인의 건
가결가결가결
임시주주총회(2021.03.19)
제1호 의안 정관 변경의 건제2호 의안 이사 선임의 건제3호 의안 감사 선임의 건
가결가결가결
제56기정기주주총회(2020.03.23)
제1호 의안 제56기 재무제표 승인의 건제2호 의안 이사 선임의 건제3호 의안 이사 보수 한도 승인의 건제4호 의안 감사 보수 한도 승인의 건
가결가결가결가결
임시주주총회(2020.02.13)
제1호 의안 임원퇴직금 지급규정 변경의 건제2호 의안 이사 선임의 건
가결가결
임시주주총회(2019.11.11)
제1호 의안 임시의장 선임의 건제2호 의안 이사 선임의 건제3호 의안 감사 선임의 건
가결가결가결
제55기정기주주총회(2019.03.25)
제1호 의안 제55기 재무제표 승인의 건제2호 의안 정관일부 변경의 건제3호 의안 이사 선임의 건제4호 의안 감사 선임의 건제5호 의안 이사 보수 한도 승인의 건제6호 의안 감사 보수 한도 승인의 건
가결가결가결부결가결가결"	"3. 주주총회 등에 관한 사항
투표제도 현황
(기준일 :
2024년 12월 31일
)
투표제도 종류
집중투표제
서면투표제
전자투표제
도입여부
배제
미도입
미도입
실시여부
-
-
-
의결권 현황
(기준일 :
2024년 12월 31일
)
(단위 : 주)
구 분
주식의 종류
주식수
비고
발행주식총수(A)
보통주
65,529,274
-
우선주
-
-
의결권없는 주식수(B)
보통주
-
-
우선주
-
-
정관에 의하여 의결권 행사가 배제된 주식수(C)
보통주
-
-
우선주
-
-
기타 법률에 의하여의결권 행사가 제한된 주식수(D)
보통주
-
-
우선주
-
-
의결권이 부활된 주식수(E)
보통주
-
-
우선주
-
-
의결권을 행사할 수 있는 주식수(F = A - B - C - D + E)
보통주
65,529,274
-
우선주
-
-
주주총회의사록 요약
주총일자
안 건
결의내용
제60기정기주주총회(2024.03.29)
제1호 의안 :
제60기(2023.01.01 ~ 2023.12.31) 연결 및 별도 재무제표 승인의 건
제2호 의안 :
정관 일부 변경의 건제3호 의안 : 이사 선임의 건
(회사 추천)
제3-1호 의안 : 사내이사 한상민 선임의 건 제3-2호 의안 : 사내이사 이형복 선임의건 제3-3호 의안 : 사내이사 최광범 선임의 건 제3-4호 의안 : 사내이사 김덕준 선임의 건 제3-5호 의안 : 사내이사 차재호 선임의 건 제3-6호 의안 : 사내이사 오성욱 선임의 건 제3-7호 의안 : 사외이사 조용 선임의 건 제3-8호 의안 : 사외이사 김명희 선임의 건 제3-9호 의안 : 사외이사 이지희 선임의 건제4호 의안 : 이사 보수한도 승인의 건제5호 의안 : 감사 보수한도 승인의 건
제1호 의안 : 가결제2호 의안 : 부결제3-1호 의안 : 가결제3-2호 의안 :
자진사퇴
제3-3호 의안 : 부결제3-4호 의안: 가결제3-5호 의안: 가결제3-6호 의안: 가결제3-7호 의안: 가결제3-8호 의안: 가결제3-9호 의안: 가결제4호 의안 : 가결제5호 의안 : 가결
임시주주총회(2023.09.21)
제1호 의안 : 이사선임의 건 (회사 추천)
제1호 의안 : 가결
제59기정기주주총회(2023.03.30)
제1호 의안 : 제59기 (2022.01.01 ~ 2022.12.31) 재무제표 승인의 건제2호 의안 : 이사 보수한도 승인의 건제3호 의안 : 감사 보수한도 승인의 건
제1호 의안 : 가결제2호 의안 : 가결제3호 의안 : 가결
제58기정기주주총회(2022.03.28)
제1호 의안 제58기 재무제표 승인의 건제2호 의안 정관 일부 변경의 건제3호 의안 이사선임의 건제3-1호 의안 : 이사선임의 건 (회사 추천)가. 사외이사 Ivo Sauter 선임의 건제3-2호 의안 : 이사선임의 건 (주주 제안)가. 사내이사 하창우 선임의 건나. 사내이사 정유석 선임의 건다. 사내이사 정교민 선임의 건라. 사외이사 송원석 선임의 건제4호 의안 : 감사 선임의 건제4-1호 의안 : 상근감사 선임의 건 (회사 추천)가. 상근감사 박제일 선임의 건제4-2호 의안 : 감사 선임의 건 (주주 제안)가. 감사 박종수 선임의 건나. 감사 정춘식 선임의 건제5호 의안 : 이사 보수한도 승인의 건제6호 의안 : 감사 보수한도 승인의 건
제1호 의안 : 가결제2호 의안 : 가결제3-1호 의안 : 자진사퇴제3-2호 의안 : 부결제4-1호 의안 : 가결제4-2호 의안 : 부결제5호 의안 : 가결제6호 의안 : 가결
소수주주의 행사여부(1) 소수주주권 행사 내역
행사자
소수주주권 내용
행사목적
목적사항포함여부
거부사유
진행경과
송OO 외 5인
의안상정 가처분신청
제 58기 정기주주총회의안상정을 위함
포함
-
- 2022년 02월 11일 주주제안 안건 접수(사건번호: 2022카합 50021)- 제3-2호 의안 : 이사선임의 건 가. 사내이사 하창우 선임의 건 나. 사내이사 정유석 선임의 건 다. 사내이사 정교민 선임의 건 라. 사외이사 송원석 선임의 건- 제4-2호 의안 : 감사 선임의 건 가. 감사 박종수 선임의 건 나. 감사 정춘식 선임의 건- 2022.03.08 수원지방법원 안산지원의 판결에 의해 주주제안 행사요건을 충족하였고, 주주제안 결격사유가 존재하지 않으므로, 당사 이사회에서 주주제안을 주주총회 안건으로 상정 하기로 결의함
송OO 외 5인
주주명부 열람 및 등사가처분신청
주주명부 열람 및 등사
-
-
- 2022년 02월 11일 주주명부 열람 신청 (사건번호: 2022카합 50022)- 2022년 03월 24일 주주명부 제공
박
OO
외 10인
회계장부등 열람등사 가처분신청
회계장부 열람 및 등사
-
열람신청 기각
- 2022년 02월 25일 회계장부 열람 신청 (사건번호: 2022카합 50030)- 2022년 07월 22일 회계장부 열람 신청 기각
박
OO
외 8인
회계장부등 열람등사 가처분신청
회계장부 열람 및 등사
-
신청인의 소 취하
- 2022년 08월 01일 회계장부 열람 신청 (사건번호: 2022라 229)- 2023년 06월 20일 신청인의 소 취하
주식사무
정관상신주인수권의 내용
1) 이 회사의 주주는 신주발행에 있어서 그가 소유한 주식수에 비례하여 신주의 배정을 받을 권리를 가진다.그러나 주주가 신주권을 기피 또는 상실하거나 신주배정에서 단주가 발생하는 경우에 그 처리 방법은 이사회의 결의로 정한다.2) 이사회는 제1항에 본문의 규정에 불구하고 다음 각호의 경우에는 이사회의 결의로 주주외의 자에게 신주를 배정할 수 있다. 1. 증권거래법의 규정에 의하여 신주를 모집하거나 인수인에게 인수하게 하는 경우 2. 자본시장 육성에 관한 법률의 규정에 의하여 우리사주조합원에게 신주를 우선 배정하는 경우 3. 자본시장과 금융투자법에 관한 법률 제165조의 6에 따라 이사회의 결의로 일반공모증자방식으로 신주를 발행하는 경우 4. 상법 제542조의3에 따른 규정에 의하여 주식매수선택권의 행사로 인하여 신주를 발행하는 경우 5. 주식예탁증서(DR)의 해외 발행에 따라 신주를 발행하는 경우 6. 회사가 외국인투자촉진법에 의한 외국인 투자자에게 신주를 발행하는 경우 7. 신규사업에의 진출, 사업확장, 전략적 제휴, 재무구조개선, 긴급한자금의 조달 등 경영상 필요에 의하여 신주를 발행하는 경우 8. 외국의 증권거래소나 전산 또는 호가시스템으로 유가증권을 거래하는 시장에 상장하기 위하여 외국에서 신주를 발행하는 경우 9. 현물출자와 관련하여 신주를 발행하는 경우
결 산 일
12월 31일
정기주주총회
3월 중
주주명부폐쇄시기
1) 이 회사는 매년 1월 1일부터 1월 15일까지 권리에 관한 주주명부의 기재변경을 정지한다.2) 이 회사는 매년 12월 31일 최종의 주주명부에 기재되어 있는 주주를 그 결산기에 관한 정기주주총회에서 권리를 행사할 주주로 한다.3) 이 회사는 임시 주주총회의 소집 기타 필요한 경우 이사회의 결의로 3월을 경과하 지 아니하는 일정한 기간을 정하여 권리에 관한 주주명부의 기록변경을 정지하거나 이사회의 결의로 정한 날에 주주명부에 기재되어 있는 주주를 그 권리를 행사할 주주로 할 수 있으며, 이사회가 필요하다고 인정하는 경우에는 주주명부의 기재변경정지와 기준일의 지정을 함께 할 수 있다. 회사는 이를 2주간 전에 공고하여야 한다.
명의개서
정지
하나은행 증권대행부
주주의 특권
없음
공고게재신문
회사 홈페이지 (www.jscoholdings.co.kr)"	ok_sub
20250814004023	제이스코홀딩스	예	VI. 3. 라. 소수주주권	금융감독원의 미기재사항 정정요구	20250321001519	"3. 주주총회 등에 관한 사항
투표제도 현황
(기준일 :
2024년 12월 31일
)
투표제도 종류
집중투표제
서면투표제
전자투표제
도입여부
배제
미도입
미도입
실시여부
-
-
-
의결권 현황
(기준일 :
2024년 12월 31일
)
(단위 : 주)
구 분
주식의 종류
주식수
비고
발행주식총수(A)
보통주
65,529,274
-
우선주
-
-
의결권없는 주식수(B)
보통주
-
-
우선주
-
-
정관에 의하여 의결권 행사가 배제된 주식수(C)
보통주
-
-
우선주
-
-
기타 법률에 의하여의결권 행사가 제한된 주식수(D)
보통주
-
-
우선주
-
-
의결권이 부활된 주식수(E)
보통주
-
-
우선주
-
-
의결권을 행사할 수 있는 주식수(F = A - B - C - D + E)
보통주
65,529,274
-
우선주
-
-
다. 주주총회의사록 요약
주총일자
안 건
결의내용
제60기정기주주총회(2024.03.29)
제1호 의안 :
제60기(2023,01.01 ~ 2023.12.31) 연결 및 별도 재무제표 승인의 건
제2호 의안 :
정관 일부 변경의 건제3호 의안 : 이사 선임의 건 제3-1호 의안 : 사내이사 한상민 선임의 건 제3-2호 의안 : 사내이사 이형복 선임의건 제3-3호 의안 : 사내이사 최광범 선임의 건 제3-4호 의안 : 사내이사 김덕준 선임의 건 제3-5호 의안 : 사내이사 차재호 선임의 건 제3-6호 의안 : 사내이사 오성욱 선임의 건 제3-7호 의안 : 사외이사 조용 선임의 건 제3-8호 의안 : 사외이사 김명희 선임의 건 제3-9호 의안 : 사외이사 이지희 선임의 건제4호 의안 : 이사 보수한도 승인의 건제5호 의안 : 감사 보수한도 승인의 건
제1호 의안 : 가결
제2호 의안 : 부결제3-1호 의안 : 가결제3-2호 의안 :
자진사퇴
제3-3호 의안 : 부결제3-4호 의안: 가결제3-5호 의안: 가결제3-6호 의안: 가결제3-7호 의안: 가결제3-8호 의안: 가결제3-9호 의안: 가결제4호 의안 : 가결제5호 의안 : 가결
임시주주총회(2023.09.21)
제1호 의안 : 이사선임의 건
제1호 의안 : 가결
제59기정기주주총회(2023.03.30)
제1호 의안 : 제59기 (2022.01.01 ~ 2022.12.31) 재무제표 승인의 건제2호 의안 : 이사 보수한도 승인의 건제3호 의안 : 감사 보수한도 승인의 건
제1호 의안 : 가결제2호 의안 : 가결제3호 의안 : 가결
제58기정기주주총회(2022.03.28)
제1호 의안 제58기 재무제표 승인의 건제2호 의안 정관 일부 변경의 건제3호 의안 이사선임의 건제3-1호 의안 : 이사선임의 건 (회사 추천)가. 사외이사 Ivo Sauter 선임의 건제3-2호 의안 : 이사선임의 건 (주주 제안)가. 사내이사 하창우 선임의 건나. 사내이사 정유석 선임의 건다. 사내이사 정교민 선임의 건라. 사외이사 송원석 선임의 건제4호 의안 : 감사 선임의 건제4-1호 의안 : 상근감사 선임의 건 (회사 추천)가. 상근감사 박제일 선임의 건제4-2호 의안 : 감사 선임의 건 (주주 제안)가. 감사 박종수 선임의 건나. 감사 정춘식 선임의 건제5호 의안 : 이사 보수한도 승인의 건제6호 의안 : 감사 보수한도 승인의 건
제1호 의안 : 가결제2호 의안 : 가결제3-1호 의안 : 자진사퇴제3-2호 의안 : 부결제4-1호 의안 : 가결제4-2호 의안 : 부결제5호 의안 : 가결제6호 의안 : 가결
제57기정기주주총회(2021.03.25)
제1호 의안 제57기 재무제표 승인의 건제2호 의안 이사 보수한도 승인의 건제3호 의안 감사 보수한도 승인의 건
가결가결가결
임시주주총회(2021.03.19)
제1호 의안 정관 변경의 건제2호 의안 이사 선임의 건제3호 의안 감사 선임의 건
가결가결가결
제56기정기주주총회(2020.03.23)
제1호 의안 제56기 재무제표 승인의 건제2호 의안 이사 선임의 건제3호 의안 이사 보수 한도 승인의 건제4호 의안 감사 보수 한도 승인의 건
가결가결가결가결
임시주주총회(2020.02.13)
제1호 의안 임원퇴직금 지급규정 변경의 건제2호 의안 이사 선임의 건
가결가결
임시주주총회(2019.11.11)
제1호 의안 임시의장 선임의 건제2호 의안 이사 선임의 건제3호 의안 감사 선임의 건
가결가결가결
제55기정기주주총회(2019.03.25)
제1호 의안 제55기 재무제표 승인의 건제2호 의안 정관일부 변경의 건제3호 의안 이사 선임의 건제4호 의안 감사 선임의 건제5호 의안 이사 보수 한도 승인의 건제6호 의안 감사 보수 한도 승인의 건
가결가결가결부결가결가결"	"3. 주주총회 등에 관한 사항
투표제도 현황
(기준일 :
2024년 12월 31일
)
투표제도 종류
집중투표제
서면투표제
전자투표제
도입여부
배제
미도입
미도입
실시여부
-
-
-
의결권 현황
(기준일 :
2024년 12월 31일
)
(단위 : 주)
구 분
주식의 종류
주식수
비고
발행주식총수(A)
보통주
65,529,274
-
우선주
-
-
의결권없는 주식수(B)
보통주
-
-
우선주
-
-
정관에 의하여 의결권 행사가 배제된 주식수(C)
보통주
-
-
우선주
-
-
기타 법률에 의하여의결권 행사가 제한된 주식수(D)
보통주
-
-
우선주
-
-
의결권이 부활된 주식수(E)
보통주
-
-
우선주
-
-
의결권을 행사할 수 있는 주식수(F = A - B - C - D + E)
보통주
65,529,274
-
우선주
-
-
주주총회의사록 요약
주총일자
안 건
결의내용
제60기정기주주총회(2024.03.29)
제1호 의안 :
제60기(2023.01.01 ~ 2023.12.31) 연결 및 별도 재무제표 승인의 건
제2호 의안 :
정관 일부 변경의 건제3호 의안 : 이사 선임의 건
(회사 추천)
제3-1호 의안 : 사내이사 한상민 선임의 건 제3-2호 의안 : 사내이사 이형복 선임의건 제3-3호 의안 : 사내이사 최광범 선임의 건 제3-4호 의안 : 사내이사 김덕준 선임의 건 제3-5호 의안 : 사내이사 차재호 선임의 건 제3-6호 의안 : 사내이사 오성욱 선임의 건 제3-7호 의안 : 사외이사 조용 선임의 건 제3-8호 의안 : 사외이사 김명희 선임의 건 제3-9호 의안 : 사외이사 이지희 선임의 건제4호 의안 : 이사 보수한도 승인의 건제5호 의안 : 감사 보수한도 승인의 건
제1호 의안 : 가결제2호 의안 : 부결제3-1호 의안 : 가결제3-2호 의안 :
자진사퇴
제3-3호 의안 : 부결제3-4호 의안: 가결제3-5호 의안: 가결제3-6호 의안: 가결제3-7호 의안: 가결제3-8호 의안: 가결제3-9호 의안: 가결제4호 의안 : 가결제5호 의안 : 가결
임시주주총회(2023.09.21)
제1호 의안 : 이사선임의 건 (회사 추천)
제1호 의안 : 가결
제59기정기주주총회(2023.03.30)
제1호 의안 : 제59기 (2022.01.01 ~ 2022.12.31) 재무제표 승인의 건제2호 의안 : 이사 보수한도 승인의 건제3호 의안 : 감사 보수한도 승인의 건
제1호 의안 : 가결제2호 의안 : 가결제3호 의안 : 가결
제58기정기주주총회(2022.03.28)
제1호 의안 제58기 재무제표 승인의 건제2호 의안 정관 일부 변경의 건제3호 의안 이사선임의 건제3-1호 의안 : 이사선임의 건 (회사 추천)가. 사외이사 Ivo Sauter 선임의 건제3-2호 의안 : 이사선임의 건 (주주 제안)가. 사내이사 하창우 선임의 건나. 사내이사 정유석 선임의 건다. 사내이사 정교민 선임의 건라. 사외이사 송원석 선임의 건제4호 의안 : 감사 선임의 건제4-1호 의안 : 상근감사 선임의 건 (회사 추천)가. 상근감사 박제일 선임의 건제4-2호 의안 : 감사 선임의 건 (주주 제안)가. 감사 박종수 선임의 건나. 감사 정춘식 선임의 건제5호 의안 : 이사 보수한도 승인의 건제6호 의안 : 감사 보수한도 승인의 건
제1호 의안 : 가결제2호 의안 : 가결제3-1호 의안 : 자진사퇴제3-2호 의안 : 부결제4-1호 의안 : 가결제4-2호 의안 : 부결제5호 의안 : 가결제6호 의안 : 가결
소수주주의 행사여부(1) 소수주주권 행사 내역
행사자
소수주주권 내용
행사목적
목적사항포함여부
거부사유
진행경과
송OO 외 5인
의안상정 가처분신청
제 58기 정기주주총회의안상정을 위함
포함
-
- 2022년 02월 11일 주주제안 안건 접수(사건번호: 2022카합 50021)- 제3-2호 의안 : 이사선임의 건 가. 사내이사 하창우 선임의 건 나. 사내이사 정유석 선임의 건 다. 사내이사 정교민 선임의 건 라. 사외이사 송원석 선임의 건- 제4-2호 의안 : 감사 선임의 건 가. 감사 박종수 선임의 건 나. 감사 정춘식 선임의 건- 2022.03.08 수원지방법원 안산지원의 판결에 의해 주주제안 행사요건을 충족하였고, 주주제안 결격사유가 존재하지 않으므로, 당사 이사회에서 주주제안을 주주총회 안건으로 상정 하기로 결의함
송OO 외 5인
주주명부 열람 및 등사가처분신청
주주명부 열람 및 등사
-
-
- 2022년 02월 11일 주주명부 열람 신청 (사건번호: 2022카합 50022)- 2022년 03월 24일 주주명부 제공
박
OO
외 10인
회계장부등 열람등사 가처분신청
회계장부 열람 및 등사
-
열람신청 기각
- 2022년 02월 25일 회계장부 열람 신청 (사건번호: 2022카합 50030)- 2022년 07월 22일 회계장부 열람 신청 기각
박
OO
외 8인
회계장부등 열람등사 가처분신청
회계장부 열람 및 등사
-
신청인의 소 취하
- 2022년 08월 01일 회계장부 열람 신청 (사건번호: 2022라 229)- 2023년 06월 20일 신청인의 소 취하
주식사무
정관상신주인수권의 내용
1) 이 회사의 주주는 신주발행에 있어서 그가 소유한 주식수에 비례하여 신주의 배정을 받을 권리를 가진다.그러나 주주가 신주권을 기피 또는 상실하거나 신주배정에서 단주가 발생하는 경우에 그 처리 방법은 이사회의 결의로 정한다.2) 이사회는 제1항에 본문의 규정에 불구하고 다음 각호의 경우에는 이사회의 결의로 주주외의 자에게 신주를 배정할 수 있다. 1. 증권거래법의 규정에 의하여 신주를 모집하거나 인수인에게 인수하게 하는 경우 2. 자본시장 육성에 관한 법률의 규정에 의하여 우리사주조합원에게 신주를 우선 배정하는 경우 3. 자본시장과 금융투자법에 관한 법률 제165조의 6에 따라 이사회의 결의로 일반공모증자방식으로 신주를 발행하는 경우 4. 상법 제542조의3에 따른 규정에 의하여 주식매수선택권의 행사로 인하여 신주를 발행하는 경우 5. 주식예탁증서(DR)의 해외 발행에 따라 신주를 발행하는 경우 6. 회사가 외국인투자촉진법에 의한 외국인 투자자에게 신주를 발행하는 경우 7. 신규사업에의 진출, 사업확장, 전략적 제휴, 재무구조개선, 긴급한자금의 조달 등 경영상 필요에 의하여 신주를 발행하는 경우 8. 외국의 증권거래소나 전산 또는 호가시스템으로 유가증권을 거래하는 시장에 상장하기 위하여 외국에서 신주를 발행하는 경우 9. 현물출자와 관련하여 신주를 발행하는 경우
결 산 일
12월 31일
정기주주총회
3월 중
주주명부폐쇄시기
1) 이 회사는 매년 1월 1일부터 1월 15일까지 권리에 관한 주주명부의 기재변경을 정지한다.2) 이 회사는 매년 12월 31일 최종의 주주명부에 기재되어 있는 주주를 그 결산기에 관한 정기주주총회에서 권리를 행사할 주주로 한다.3) 이 회사는 임시 주주총회의 소집 기타 필요한 경우 이사회의 결의로 3월을 경과하 지 아니하는 일정한 기간을 정하여 권리에 관한 주주명부의 기록변경을 정지하거나 이사회의 결의로 정한 날에 주주명부에 기재되어 있는 주주를 그 권리를 행사할 주주로 할 수 있으며, 이사회가 필요하다고 인정하는 경우에는 주주명부의 기재변경정지와 기준일의 지정을 함께 할 수 있다. 회사는 이를 2주간 전에 공고하여야 한다.
명의개서
정지
하나은행 증권대행부
주주의 특권
없음
공고게재신문
회사 홈페이지 (www.jscoholdings.co.kr)"	ok
20250814004023	제이스코홀딩스	예	VI. 3. 마. 주식사무	금융감독원의 미기재사항 정정요구	20250321001519	"3. 주주총회 등에 관한 사항
투표제도 현황
(기준일 :
2024년 12월 31일
)
투표제도 종류
집중투표제
서면투표제
전자투표제
도입여부
배제
미도입
미도입
실시여부
-
-
-
의결권 현황
(기준일 :
2024년 12월 31일
)
(단위 : 주)
구 분
주식의 종류
주식수
비고
발행주식총수(A)
보통주
65,529,274
-
우선주
-
-
의결권없는 주식수(B)
보통주
-
-
우선주
-
-
정관에 의하여 의결권 행사가 배제된 주식수(C)
보통주
-
-
우선주
-
-
기타 법률에 의하여의결권 행사가 제한된 주식수(D)
보통주
-
-
우선주
-
-
의결권이 부활된 주식수(E)
보통주
-
-
우선주
-
-
의결권을 행사할 수 있는 주식수(F = A - B - C - D + E)
보통주
65,529,274
-
우선주
-
-
다. 주주총회의사록 요약
주총일자
안 건
결의내용
제60기정기주주총회(2024.03.29)
제1호 의안 :
제60기(2023,01.01 ~ 2023.12.31) 연결 및 별도 재무제표 승인의 건
제2호 의안 :
정관 일부 변경의 건제3호 의안 : 이사 선임의 건 제3-1호 의안 : 사내이사 한상민 선임의 건 제3-2호 의안 : 사내이사 이형복 선임의건 제3-3호 의안 : 사내이사 최광범 선임의 건 제3-4호 의안 : 사내이사 김덕준 선임의 건 제3-5호 의안 : 사내이사 차재호 선임의 건 제3-6호 의안 : 사내이사 오성욱 선임의 건 제3-7호 의안 : 사외이사 조용 선임의 건 제3-8호 의안 : 사외이사 김명희 선임의 건 제3-9호 의안 : 사외이사 이지희 선임의 건제4호 의안 : 이사 보수한도 승인의 건제5호 의안 : 감사 보수한도 승인의 건
제1호 의안 : 가결
제2호 의안 : 부결제3-1호 의안 : 가결제3-2호 의안 :
자진사퇴
제3-3호 의안 : 부결제3-4호 의안: 가결제3-5호 의안: 가결제3-6호 의안: 가결제3-7호 의안: 가결제3-8호 의안: 가결제3-9호 의안: 가결제4호 의안 : 가결제5호 의안 : 가결
임시주주총회(2023.09.21)
제1호 의안 : 이사선임의 건
제1호 의안 : 가결
제59기정기주주총회(2023.03.30)
제1호 의안 : 제59기 (2022.01.01 ~ 2022.12.31) 재무제표 승인의 건제2호 의안 : 이사 보수한도 승인의 건제3호 의안 : 감사 보수한도 승인의 건
제1호 의안 : 가결제2호 의안 : 가결제3호 의안 : 가결
제58기정기주주총회(2022.03.28)
제1호 의안 제58기 재무제표 승인의 건제2호 의안 정관 일부 변경의 건제3호 의안 이사선임의 건제3-1호 의안 : 이사선임의 건 (회사 추천)가. 사외이사 Ivo Sauter 선임의 건제3-2호 의안 : 이사선임의 건 (주주 제안)가. 사내이사 하창우 선임의 건나. 사내이사 정유석 선임의 건다. 사내이사 정교민 선임의 건라. 사외이사 송원석 선임의 건제4호 의안 : 감사 선임의 건제4-1호 의안 : 상근감사 선임의 건 (회사 추천)가. 상근감사 박제일 선임의 건제4-2호 의안 : 감사 선임의 건 (주주 제안)가. 감사 박종수 선임의 건나. 감사 정춘식 선임의 건제5호 의안 : 이사 보수한도 승인의 건제6호 의안 : 감사 보수한도 승인의 건
제1호 의안 : 가결제2호 의안 : 가결제3-1호 의안 : 자진사퇴제3-2호 의안 : 부결제4-1호 의안 : 가결제4-2호 의안 : 부결제5호 의안 : 가결제6호 의안 : 가결
제57기정기주주총회(2021.03.25)
제1호 의안 제57기 재무제표 승인의 건제2호 의안 이사 보수한도 승인의 건제3호 의안 감사 보수한도 승인의 건
가결가결가결
임시주주총회(2021.03.19)
제1호 의안 정관 변경의 건제2호 의안 이사 선임의 건제3호 의안 감사 선임의 건
가결가결가결
제56기정기주주총회(2020.03.23)
제1호 의안 제56기 재무제표 승인의 건제2호 의안 이사 선임의 건제3호 의안 이사 보수 한도 승인의 건제4호 의안 감사 보수 한도 승인의 건
가결가결가결가결
임시주주총회(2020.02.13)
제1호 의안 임원퇴직금 지급규정 변경의 건제2호 의안 이사 선임의 건
가결가결
임시주주총회(2019.11.11)
제1호 의안 임시의장 선임의 건제2호 의안 이사 선임의 건제3호 의안 감사 선임의 건
가결가결가결
제55기정기주주총회(2019.03.25)
제1호 의안 제55기 재무제표 승인의 건제2호 의안 정관일부 변경의 건제3호 의안 이사 선임의 건제4호 의안 감사 선임의 건제5호 의안 이사 보수 한도 승인의 건제6호 의안 감사 보수 한도 승인의 건
가결가결가결부결가결가결"	"3. 주주총회 등에 관한 사항
투표제도 현황
(기준일 :
2024년 12월 31일
)
투표제도 종류
집중투표제
서면투표제
전자투표제
도입여부
배제
미도입
미도입
실시여부
-
-
-
의결권 현황
(기준일 :
2024년 12월 31일
)
(단위 : 주)
구 분
주식의 종류
주식수
비고
발행주식총수(A)
보통주
65,529,274
-
우선주
-
-
의결권없는 주식수(B)
보통주
-
-
우선주
-
-
정관에 의하여 의결권 행사가 배제된 주식수(C)
보통주
-
-
우선주
-
-
기타 법률에 의하여의결권 행사가 제한된 주식수(D)
보통주
-
-
우선주
-
-
의결권이 부활된 주식수(E)
보통주
-
-
우선주
-
-
의결권을 행사할 수 있는 주식수(F = A - B - C - D + E)
보통주
65,529,274
-
우선주
-
-
주주총회의사록 요약
주총일자
안 건
결의내용
제60기정기주주총회(2024.03.29)
제1호 의안 :
제60기(2023.01.01 ~ 2023.12.31) 연결 및 별도 재무제표 승인의 건
제2호 의안 :
정관 일부 변경의 건제3호 의안 : 이사 선임의 건
(회사 추천)
제3-1호 의안 : 사내이사 한상민 선임의 건 제3-2호 의안 : 사내이사 이형복 선임의건 제3-3호 의안 : 사내이사 최광범 선임의 건 제3-4호 의안 : 사내이사 김덕준 선임의 건 제3-5호 의안 : 사내이사 차재호 선임의 건 제3-6호 의안 : 사내이사 오성욱 선임의 건 제3-7호 의안 : 사외이사 조용 선임의 건 제3-8호 의안 : 사외이사 김명희 선임의 건 제3-9호 의안 : 사외이사 이지희 선임의 건제4호 의안 : 이사 보수한도 승인의 건제5호 의안 : 감사 보수한도 승인의 건
제1호 의안 : 가결제2호 의안 : 부결제3-1호 의안 : 가결제3-2호 의안 :
자진사퇴
제3-3호 의안 : 부결제3-4호 의안: 가결제3-5호 의안: 가결제3-6호 의안: 가결제3-7호 의안: 가결제3-8호 의안: 가결제3-9호 의안: 가결제4호 의안 : 가결제5호 의안 : 가결
임시주주총회(2023.09.21)
제1호 의안 : 이사선임의 건 (회사 추천)
제1호 의안 : 가결
제59기정기주주총회(2023.03.30)
제1호 의안 : 제59기 (2022.01.01 ~ 2022.12.31) 재무제표 승인의 건제2호 의안 : 이사 보수한도 승인의 건제3호 의안 : 감사 보수한도 승인의 건
제1호 의안 : 가결제2호 의안 : 가결제3호 의안 : 가결
제58기정기주주총회(2022.03.28)
제1호 의안 제58기 재무제표 승인의 건제2호 의안 정관 일부 변경의 건제3호 의안 이사선임의 건제3-1호 의안 : 이사선임의 건 (회사 추천)가. 사외이사 Ivo Sauter 선임의 건제3-2호 의안 : 이사선임의 건 (주주 제안)가. 사내이사 하창우 선임의 건나. 사내이사 정유석 선임의 건다. 사내이사 정교민 선임의 건라. 사외이사 송원석 선임의 건제4호 의안 : 감사 선임의 건제4-1호 의안 : 상근감사 선임의 건 (회사 추천)가. 상근감사 박제일 선임의 건제4-2호 의안 : 감사 선임의 건 (주주 제안)가. 감사 박종수 선임의 건나. 감사 정춘식 선임의 건제5호 의안 : 이사 보수한도 승인의 건제6호 의안 : 감사 보수한도 승인의 건
제1호 의안 : 가결제2호 의안 : 가결제3-1호 의안 : 자진사퇴제3-2호 의안 : 부결제4-1호 의안 : 가결제4-2호 의안 : 부결제5호 의안 : 가결제6호 의안 : 가결
소수주주의 행사여부(1) 소수주주권 행사 내역
행사자
소수주주권 내용
행사목적
목적사항포함여부
거부사유
진행경과
송OO 외 5인
의안상정 가처분신청
제 58기 정기주주총회의안상정을 위함
포함
-
- 2022년 02월 11일 주주제안 안건 접수(사건번호: 2022카합 50021)- 제3-2호 의안 : 이사선임의 건 가. 사내이사 하창우 선임의 건 나. 사내이사 정유석 선임의 건 다. 사내이사 정교민 선임의 건 라. 사외이사 송원석 선임의 건- 제4-2호 의안 : 감사 선임의 건 가. 감사 박종수 선임의 건 나. 감사 정춘식 선임의 건- 2022.03.08 수원지방법원 안산지원의 판결에 의해 주주제안 행사요건을 충족하였고, 주주제안 결격사유가 존재하지 않으므로, 당사 이사회에서 주주제안을 주주총회 안건으로 상정 하기로 결의함
송OO 외 5인
주주명부 열람 및 등사가처분신청
주주명부 열람 및 등사
-
-
- 2022년 02월 11일 주주명부 열람 신청 (사건번호: 2022카합 50022)- 2022년 03월 24일 주주명부 제공
박
OO
외 10인
회계장부등 열람등사 가처분신청
회계장부 열람 및 등사
-
열람신청 기각
- 2022년 02월 25일 회계장부 열람 신청 (사건번호: 2022카합 50030)- 2022년 07월 22일 회계장부 열람 신청 기각
박
OO
외 8인
회계장부등 열람등사 가처분신청
회계장부 열람 및 등사
-
신청인의 소 취하
- 2022년 08월 01일 회계장부 열람 신청 (사건번호: 2022라 229)- 2023년 06월 20일 신청인의 소 취하
주식사무
정관상신주인수권의 내용
1) 이 회사의 주주는 신주발행에 있어서 그가 소유한 주식수에 비례하여 신주의 배정을 받을 권리를 가진다.그러나 주주가 신주권을 기피 또는 상실하거나 신주배정에서 단주가 발생하는 경우에 그 처리 방법은 이사회의 결의로 정한다.2) 이사회는 제1항에 본문의 규정에 불구하고 다음 각호의 경우에는 이사회의 결의로 주주외의 자에게 신주를 배정할 수 있다. 1. 증권거래법의 규정에 의하여 신주를 모집하거나 인수인에게 인수하게 하는 경우 2. 자본시장 육성에 관한 법률의 규정에 의하여 우리사주조합원에게 신주를 우선 배정하는 경우 3. 자본시장과 금융투자법에 관한 법률 제165조의 6에 따라 이사회의 결의로 일반공모증자방식으로 신주를 발행하는 경우 4. 상법 제542조의3에 따른 규정에 의하여 주식매수선택권의 행사로 인하여 신주를 발행하는 경우 5. 주식예탁증서(DR)의 해외 발행에 따라 신주를 발행하는 경우 6. 회사가 외국인투자촉진법에 의한 외국인 투자자에게 신주를 발행하는 경우 7. 신규사업에의 진출, 사업확장, 전략적 제휴, 재무구조개선, 긴급한자금의 조달 등 경영상 필요에 의하여 신주를 발행하는 경우 8. 외국의 증권거래소나 전산 또는 호가시스템으로 유가증권을 거래하는 시장에 상장하기 위하여 외국에서 신주를 발행하는 경우 9. 현물출자와 관련하여 신주를 발행하는 경우
결 산 일
12월 31일
정기주주총회
3월 중
주주명부폐쇄시기
1) 이 회사는 매년 1월 1일부터 1월 15일까지 권리에 관한 주주명부의 기재변경을 정지한다.2) 이 회사는 매년 12월 31일 최종의 주주명부에 기재되어 있는 주주를 그 결산기에 관한 정기주주총회에서 권리를 행사할 주주로 한다.3) 이 회사는 임시 주주총회의 소집 기타 필요한 경우 이사회의 결의로 3월을 경과하 지 아니하는 일정한 기간을 정하여 권리에 관한 주주명부의 기록변경을 정지하거나 이사회의 결의로 정한 날에 주주명부에 기재되어 있는 주주를 그 권리를 행사할 주주로 할 수 있으며, 이사회가 필요하다고 인정하는 경우에는 주주명부의 기재변경정지와 기준일의 지정을 함께 할 수 있다. 회사는 이를 2주간 전에 공고하여야 한다.
명의개서
정지
하나은행 증권대행부
주주의 특권
없음
공고게재신문
회사 홈페이지 (www.jscoholdings.co.kr)"	ok
20250814003888	스맥	예	I. 4. 4-5. 자기주식 보유현황	미기재	20250318000514	"4. 주식의 총수 등
4-1. 주식의 총수 현황
(기준일 :
2024년 12월 31일
)
(단위 : 주, %)
구 분
주식의 종류
비고
보통주
우선주
합계
Ⅰ. 발행할 주식의 총수
200,000,000
-
200,000,000
-
Ⅱ. 현재까지 발행한 주식의 총수
40,243,394
-
40,243,394
-
Ⅲ. 현재까지 감소한 주식의 총수
-
-
-
-
1. 감자
-
-
-
-
2. 이익소각
-
-
-
-
3. 상환주식의 상환
-
-
-
-
4. 기타
-
-
-
-
Ⅳ. 발행주식의 총수 (Ⅱ-Ⅲ)
40,243,394
-
40,243,394
-
Ⅴ. 자기주식수
2,957,902
-
2,957,902
주1)
Ⅵ. 유통주식수 (Ⅳ-Ⅴ)
37,285,492
-
37,285,492
-
Ⅶ. 자기주식 보유비율
7.35
-
7.35
-
주1) 상기 표에 기입된 자기주식수 2,957,902주에는 2018년 10월 4일, 2020년 2월 27일 자기주식취득 신탁계약에 의해 취득한 1,507,851주가 포함되어 있습니다.
4-2. 자기주식 취득 및 처분 현황
(기준일 :
2024년 12월 31일
)
(단위 : 주)
취득방법
주식의 종류
기초수량
변동 수량
기말수량
비고
취득(+)
처분(-)
소각(-)
배당가능이익범위이내취득
직접취득
장내 직접 취득
보통주
200,000
-
-
-
200,000
-
우선주
-
-
-
-
-
-
장외직접 취득
보통주
-
-
-
-
-
-
우선주
-
-
-
-
-
-
공개매수
보통주
-
-
-
-
-
-
우선주
-
-
-
-
-
-
소계(a)
보통주
200,000
-
-
-
200,000
-
우선주
-
-
-
-
-
-
신탁계약에 의한취득
수탁자 보유물량
보통주
-
-
-
-
-
-
우선주
-
-
-
-
-
-
현물보유물량
보통주
1,507,851
-
-
-
1,507,851
-
우선주
-
-
-
-
-
-
소계(b)
보통주
1,507,851
-
-
-
1,507,851
-
우선주
-
-
-
-
-
-
기타 취득(c)
보통주
1,250,051
-
-
-
1,250,051
주1)
우선주
-
-
-
-
-
-
총 계(a+b+c)
보통주
2,957,902
-
-
-
2,957,902
-
우선주
-
-
-
-
-
-
주1) 당사는 2011년 2월 7일(합병등기일) 합병으로 인해 자기주식을 취득하게 되었으며, 그 세부내역은 다음과 같습니다.- 합병으로 인한 단수주취득 : 51주- 합병으로 인한 피합병법인이 소유한 당사의 주식(자기주식변환) : 1,250,000주주2) 2020년 2월 17일 신한금융투자와 계약금액 1,000,000,000원으로 자기주식취득 신탁계약을 체결하여 자사주를 취득하였고, 2020년 8월 26일 신탁계약 해지 후 당사 계좌로 입고되었습니다.※ 상기 자기주식은 관계법령 및 회사의 운용계획에 따라 향후 적절한 시기에 처리할 예정입니다.
4-3. 자기주식 직접 취득ㆍ처분 이행현황
- 해당 사항 없음
4-4. 자기주식 신탁계약 체결ㆍ해지 이행현황
(기준일 :
2024년 12월 31일
)
(단위 : 백만원, %, 회)
구 분
계약기간
계약금액(A)
취득금액(B)
이행률(B/A)
매매방향 변경
결과보고일
시작일
종료일
횟수
일자
신탁 체결
2018.10.04
2019.04.03
3,000
2,992
99.75
0
-
2019.01.07
신탁 해지
2018.10.04
2019.04.03
3,000
2,992
99.75
0
-
2019.04.03
신탁 체결
2020.02.27
2020.08.26
1,000
995
99.50
0
-
2020.05.29
신탁 해지
2020.02.27
2020.08.26
1,000
995
99.50
0
-
2020.08.26
4-5. 자기주식 보유현황 : 다음의 표에 따라 기재한다.
1) 자기주식 보유현황
(단위 : 주)
취득방법
취득(계약체결)결정 공시일자
주식종류
취득기간
취득목적
최초보유예상기간
최초취득수량
변동 수량
기말수량
비고
처분(-)
소각(-)
배당가능이익범위이내취득
직접취득
-
-
-
-
-
-
-
-
-
-
-
-
-
-
-
-
-
-
-
-
신탁계약에의한 취득
-
-
-
-
-
-
-
-
-
-
-
-
-
-
-
-
-
-
-
-
기타 취득
-
-
-
-
-
-
-
-
-
-
-
-
-
-
-
-
-
-
-
-
총계
-
-
-
-
-
※ 당사는 당기말 현재 자사주 2,957,902주를 보유하고 있으며 발행주식총수 40,243,394주의 7.35%이며 당해 사업연도에 변동사항이 없습니다.
2) 자기주식 보유 목적
- 해당사항없음
3) 자기주식 취득계획
- 해당사항없음
4) 자기주식 처분계획
- 해당사항없음
5). 자기주식 소각계획
- 해당사항없음
4-6. 종류주식(명칭) 발행현황
- 해당사항없음
4-7. 발행 이후 전환권 행사가 있을 경우
- 해당사항없음"	"4. 주식의 총수 등
4-1. 주식의 총수 현황
(기준일 :
2024년 12월 31일
)
(단위 : 주, %)
구 분
주식의 종류
비고
보통주
우선주
합계
Ⅰ. 발행할 주식의 총수
200,000,000
-
200,000,000
-
Ⅱ. 현재까지 발행한 주식의 총수
40,243,394
-
40,243,394
-
Ⅲ. 현재까지 감소한 주식의 총수
-
-
-
-
1. 감자
-
-
-
-
2. 이익소각
-
-
-
-
3. 상환주식의 상환
-
-
-
-
4. 기타
-
-
-
-
Ⅳ. 발행주식의 총수 (Ⅱ-Ⅲ)
40,243,394
-
40,243,394
-
Ⅴ. 자기주식수
2,957,902
-
2,957,902
주1)
Ⅵ. 유통주식수 (Ⅳ-Ⅴ)
37,285,492
-
37,285,492
-
Ⅶ. 자기주식 보유비율
7.35
-
7.35
-
주1) 상기 표에 기입된 자기주식수 2,957,902주에는 2018년 10월 4일, 2020년 2월 27일 자기주식취득 신탁계약에 의해 취득한 1,507,851주가 포함되어 있습니다.
4-2. 자기주식 취득 및 처분 현황
(기준일 :
2024년 12월 31일
)
(단위 : 주)
취득방법
주식의 종류
기초수량
변동 수량
기말수량
비고
취득(+)
처분(-)
소각(-)
배당가능이익범위이내취득
직접취득
장내 직접 취득
보통주
200,000
-
-
-
200,000
-
우선주
-
-
-
-
-
-
장외직접 취득
보통주
-
-
-
-
-
-
우선주
-
-
-
-
-
-
공개매수
보통주
-
-
-
-
-
-
우선주
-
-
-
-
-
-
소계(a)
보통주
200,000
-
-
-
200,000
-
우선주
-
-
-
-
-
-
신탁계약에 의한취득
수탁자 보유물량
보통주
-
-
-
-
-
-
우선주
-
-
-
-
-
-
현물보유물량
보통주
1,507,851
-
-
-
1,507,851
-
우선주
-
-
-
-
-
-
소계(b)
보통주
1,507,851
-
-
-
1,507,851
-
우선주
-
-
-
-
-
-
기타 취득(c)
보통주
1,250,051
-
-
-
1,250,051
주1)
우선주
-
-
-
-
-
-
총 계(a+b+c)
보통주
2,957,902
-
-
-
2,957,902
-
우선주
-
-
-
-
-
-
주1) 당사는 2011년 2월 7일(합병등기일) 합병으로 인해 자기주식을 취득하게 되었으며, 그 세부내역은 다음과 같습니다.- 합병으로 인한 단수주취득 : 51주- 합병으로 인한 피합병법인이 소유한 당사의 주식(자기주식변환) : 1,250,000주주2) 2020년 2월 17일 신한금융투자와 계약금액 1,000,000,000원으로 자기주식취득 신탁계약을 체결하여 자사주를 취득하였고, 2020년 8월 26일 신탁계약 해지 후 당사 계좌로 입고되었습니다.※ 상기 자기주식은 관계법령 및 회사의 운용계획에 따라 향후 적절한 시기에 처리할 예정입니다.
4-3. 자기주식 직접 취득ㆍ처분 이행현황
- 해당 사항 없음
4-4. 자기주식 신탁계약 체결ㆍ해지 이행현황
(기준일 :
2024년 12월 31일
)
(단위 : 백만원, %, 회)
구 분
계약기간
계약금액(A)
취득금액(B)
이행률(B/A)
매매방향 변경
결과보고일
시작일
종료일
횟수
일자
신탁 체결
2018.10.04
2019.04.03
3,000
2,992
99.75
0
-
2019.01.07
신탁 해지
2018.10.04
2019.04.03
3,000
2,992
99.75
0
-
2019.04.03
신탁 체결
2020.02.27
2020.08.26
1,000
995
99.50
0
-
2020.05.29
신탁 해지
2020.02.27
2020.08.26
1,000
995
99.50
0
-
2020.08.26
4-5. 자기주식 보유현황 : 다음의 표에 따라 기재한다.
1) 자기주식 보유현황
(단위 : 주)
취득방법
취득(계약체결)결정 공시일자
주식종류
취득기간
취득목적
최초보유예상기간
최초취득수량
변동 수량
기말수량
비고
처분(-)
소각(-)
배당가능이익범위이내취득
직접취득
2010.04.30
보통주
2010.05.03~ 2010.07.30
주가안정 및주주가치 제고
-
200,000
-
-
200,000
-
-
-
-
-
-
-
-
-
-
-
신탁계약에의한 취득
2018.10.04
보통주
2018.10.04~ 2019.04.03
주주가치 제고 및 주가안정
-
977,093
-
-
977,093
주1)
2020.02.27
보통주
2020.02.27~ 2020.08.26
주주가치 제고 및 주가안정
-
530,758
-
-
530,758
주2)
기타 취득
2011.02.07
보통주
-
합병에 따른지분 취득
-
1,250,051
-
-
1,250,051
주3)
-
-
-
-
-
-
-
-
-
-
총계
2,957,902
-
-
2,957,902
-
※ 상기 기말수량은 2024년 12월 31일 기준입니다.※ 당사는 2024년 12월 31일 기준 자사주 2,957,902주, 발행주식총수 40,243,394주의 7.35%이였으며 보고서 제출일 기준 발행주식총수 68,243,394주의 4.33%입니다주1) 2018년 10월 4일 신한금융투자와 계약금액 3,000,000,000원으로 자기주식취득 신탁계약을 체결하여 자사주를 취득하였고, 2019년 4월 3일 신탁계약 해지 후 당사 계좌로 입고되었습니다.
주2) 2020년 2월 27일 신한금융투자와 계약금액 1,000,000,000원으로 자기주식취득 신탁계약을 체결하여 자사주를 취득하였고, 2020년 8월 26일 신탁계약 해지 후 당사 계좌로 입고되었습니다.주3) 당사는 2011년 2월 7일(합병등기일) 합병으로 인해 자기주식을 취득하게 되었으며, 그 세부내역은 다음과 같습니다.- 합병으로 인한 단수주취득 : 51주- 합병으로 인한 피합병법인이 소유한 당사의 주식(자기주식변환) : 1,250,000주
2) 자기주식 보유 목적
- 당사는 자기주식을 보유함으로써 주주가치 제고 및 주가안정을 주요 목적으로 하고 있습니다.
3) 자기주식 취득계획
- 보고서 작성일 기준 현재 당사는 경영 계획 및 재무 전략에 따라 추가적인 자기주식 취득을 검토하고 있지 않으며, 구체적인 취득 일정이나 계획이 수립되지 않은 상황입니다. 다만, 향후 시장 상황, 주주 환원 전략 등의 변동에 따라 자기주식 취득 필요성이 발생할 경우, 관련 법규 및 내부 검토 절차를 거쳐 이에 대한 계획을 수립하고 공시할 예정입니다
4) 자기주식 처분계획
- 보고서 작성일 기준 현재 당사는 보유 중인 자기주식에 대한 처분 계획을 검토하고 있지 않습니다. 다만, 향후 경영계획 및 재무 전략에 따라 자기주식 처분 필요성이 발생할 경우, 관련 법규 및 내부 검토 절차를 거쳐 이에 대한 계획을 수립하고 공시할 예정입니다.
5). 자기주식 소각계획
- 보고서 작성일 기준 현재 당사는 보유 중인 자기주식에 대한 소각 계획을 검토하고 있지 않습니다. 다만, 향후 주주가치 제고 방안 등을 종합적으로 고려하여 필요시 관련 법규 및 내부 검토 절차를 거쳐 이에 대한 계획을 수립하고 공시할 예정입니다.
4-6. 종류주식(명칭) 발행현황
- 해당사항없음
4-7. 발행 이후 전환권 행사가 있을 경우
- 해당사항없음"	ok
20250814003888	스맥	예	(첨부서류)자기주식 보고서	미첨부	20250318000514			no_section
20250814003868	범양건영	예	XI. 1. 공시내용 진행 및 변경사항	단일판매·공급계약체결 공시사항의 진행상황 미기재	20250605000505	"1. 공시내용 진행 및 변경사항
신고일자
제목
신고내용
신고사항의 진행사항
2019.05.15
금전대여결정
신규수주 관련 온동네디엔아이 주식회사에 금전대여
결산일 현재 대여금 잔액 1,301백만원
2019.12.24
금전대여결정
신규수주 관련 한토플러스(주)에 금전대여
결산일 현재 대여금 잔액 3,000백만원
2020.02.18
타인에 대한 채무보증 결정
서울 개봉동 기업형임대주택 임차인에 대한 임대보증금보증 및 근린생활시설 분양 보증 관련하여 보증사인 주택도시보증공사에 시공사가 공동으로 연대보증을 제공
채무보증사유 해소
2020.03.11
타인에 대한 채무보증 결정
'광주광역시 중외근린공원 개발행위 특례사업' 협약에 따른 협약이행보증 관련하여 보증사인 서울보증보험에 공동도급 시공사로써 당사가 연대보증을 제공
채무보증사유 해소
2020.08.11
타인에 대한 채무보증 결정
김포항강 Bc-04BL 범양레우스라세느 신축사업 관련 PF대출의 연대보증
채무보증사유 해소
2020.08.14
타인에 대한 채무보증 결정
김포한강택지지구 Bc-04BL 범양레우스라세느 분양보증 관련주택도시보증공사에 시공사가 공동으로 연대보증을 제공
채무보증사유 해소
2020.08.27
타인에 대한 채무보증 결정
천안 두정 기업형임대주택 건립사업 임차인에 대한 임대보증금보증 관련 보증사인 주택도시보증공사에 시공사가 공동으로 연대보증을 제공
채무보증사유 해소
2020.12.30
타인에 대한 채무보증 결정
당사가 시공사로 참여한 온동네디엔아이(주)의 김포한강택지지구 Bc-04BL 범양레우스라세느 중도금대출 보증과 관련하여 수협은행에 시공사가 공동으로 연대보증을 제공
채무보증사유 해소
2021.02.15
타인에 대한 채무보증 결정
당사의 자회사인 고려종합물류(주)의 신규사업 관련하여, 차주인 고려종합물류(주)를 위하여 대주인 새마을금고에 대출약정 체결간 당사가 연대보증을 제공
채무보증사유 해소
2021.06.22
타인에 대한 채무보증 결정
당사가 시공사로 참여한 (주)커미더스의 구미 송정동 범양레우스 공동주택 신축공사의 PF대출 보증과 관련하여 신한캐피탈과 우리종합금융에 시공사가 공동으로 연대보증을 제공
채무보증사유 해소
2021.07.28
타인에 대한 채무보증 결정
구미 송정동 범양레우스 공동주택 신축공사의 분양보증 관련주택도시보증공사에 시공사가 공동으로 연대보증을 제공
채무보증사유 해소
2022.02.18
타인에 대한 채무보증 결정
당사가 시공사로 참여한 서울 전농동 범양레우스 오피스텔 신축공사 중도금대출 보증과 관련하여 엔에이치저축은행(주), (주)대신저축은행, (주)모아저축은행에 시공사가 공동으로 연대보증을 제공
채무보증금액 변경(2024.08.30 공시)64,665백만원 → 18,908백만원
2022.06.30
타인에 대한 채무보증 결정
당사가 시공사로 참여한 서울 마포 범양레우스 오피스텔 신축공사 중도금대출 보증과 관련하여 오케이저축은행(주), 에스비아이저축은행, 씨케이저축은행, 엔에이치저축은행, 수협은행에 시공사가 공동으로 연대보증을 제공
채무보증금액 292,500백만원
2024.05.22
타인에 대한 채무보증 결정
당사가 시공사로 참여한 (주)커미더스의 구미송정 범양레우스 센트럴포레 건립사업 미분양담보대출 보증과 관련하여 농협은행 3개 지점에 시공사가 연대보증을 제공
채무보증사유 해소
2024.07.30
타인에 대한 채무보증 결정
당사가 시공사로 참여한 (주)커미더스의 구미송정 범양레우스 센트럴포레 건립사업 중도금대출 보증과 관련하여 SH수협은행에 시공사가 공동으로 연대보증을 제공
채무보증금액 12,828백만원
2024.10.02
타인에 대한 채무보증 결정
천호동 사업부지 시행사인 커미더스의 부동산 담보대출에 대하여 시공사(예정)인 당사가 수협은행 가락동금융센터에 자금보충확약
채무보증금액 35,000백만원
- 정정공시시 신고일자를 최근 정정공시일로 기재하였습니다."	"1. 공시내용 진행 및 변경사항
가. 공시사항의 진행 및 변경사항
신고일자
제목
신고내용
신고사항의 진행사항
2019.05.15
금전대여결정
신규수주 관련 온동네디엔아이 주식회사에 금전대여
결산일 현재 대여금 잔액 1,301백만원
2019.12.24
금전대여결정
신규수주 관련 한토플러스(주)에 금전대여
결산일 현재 대여금 잔액 3,000백만원
2020.02.18
타인에 대한 채무보증 결정
서울 개봉동 기업형임대주택 임차인에 대한 임대보증금보증 및 근린생활시설 분양 보증 관련하여 보증사인 주택도시보증공사에 시공사가 공동으로 연대보증을 제공
채무보증사유 해소
2020.03.11
타인에 대한 채무보증 결정
'광주광역시 중외근린공원 개발행위 특례사업' 협약에 따른 협약이행보증 관련하여 보증사인 서울보증보험에 공동도급 시공사로써 당사가 연대보증을 제공
채무보증사유 해소
2020.08.11
타인에 대한 채무보증 결정
김포항강 Bc-04BL 범양레우스라세느 신축사업 관련 PF대출의 연대보증
채무보증사유 해소
2020.08.14
타인에 대한 채무보증 결정
김포한강택지지구 Bc-04BL 범양레우스라세느 분양보증 관련주택도시보증공사에 시공사가 공동으로 연대보증을 제공
채무보증사유 해소
2020.08.27
타인에 대한 채무보증 결정
천안 두정 기업형임대주택 건립사업 임차인에 대한 임대보증금보증 관련 보증사인 주택도시보증공사에 시공사가 공동으로 연대보증을 제공
채무보증사유 해소
2020.12.30
타인에 대한 채무보증 결정
당사가 시공사로 참여한 온동네디엔아이(주)의 김포한강택지지구 Bc-04BL 범양레우스라세느 중도금대출 보증과 관련하여 수협은행에 시공사가 공동으로 연대보증을 제공
채무보증사유 해소
2021.02.15
타인에 대한 채무보증 결정
당사의 자회사인 고려종합물류(주)의 신규사업 관련하여, 차주인 고려종합물류(주)를 위하여 대주인 새마을금고에 대출약정 체결간 당사가 연대보증을 제공
채무보증사유 해소
2021.06.22
타인에 대한 채무보증 결정
당사가 시공사로 참여한 (주)커미더스의 구미 송정동 범양레우스 공동주택 신축공사의 PF대출 보증과 관련하여 신한캐피탈과 우리종합금융에 시공사가 공동으로 연대보증을 제공
채무보증사유 해소
2021.07.28
타인에 대한 채무보증 결정
구미 송정동 범양레우스 공동주택 신축공사의 분양보증 관련주택도시보증공사에 시공사가 공동으로 연대보증을 제공
채무보증사유 해소
2022.02.18
타인에 대한 채무보증 결정
당사가 시공사로 참여한 서울 전농동 범양레우스 오피스텔 신축공사 중도금대출 보증과 관련하여 엔에이치저축은행(주), (주)대신저축은행, (주)모아저축은행에 시공사가 공동으로 연대보증을 제공
채무보증금액 변경(2024.08.30 공시)64,665백만원 → 18,908백만원
2022.06.30
타인에 대한 채무보증 결정
당사가 시공사로 참여한 서울 마포 범양레우스 오피스텔 신축공사 중도금대출 보증과 관련하여 오케이저축은행(주), 에스비아이저축은행, 씨케이저축은행, 엔에이치저축은행, 수협은행에 시공사가 공동으로 연대보증을 제공
채무보증금액 292,500백만원
2024.05.22
타인에 대한 채무보증 결정
당사가 시공사로 참여한 (주)커미더스의 구미송정 범양레우스 센트럴포레 건립사업 미분양담보대출 보증과 관련하여 농협은행 3개 지점에 시공사가 연대보증을 제공
채무보증사유 해소
2024.07.30
타인에 대한 채무보증 결정
당사가 시공사로 참여한 (주)커미더스의 구미송정 범양레우스 센트럴포레 건립사업 중도금대출 보증과 관련하여 SH수협은행에 시공사가 공동으로 연대보증을 제공
채무보증금액 12,828백만원
2024.10.02
타인에 대한 채무보증 결정
천호동 사업부지 시행사인 커미더스의 부동산 담보대출에 대하여 시공사(예정)인 당사가 수협은행 가락동금융센터에 자금보충확약
채무보증금액 35,000백만원
- 정정공시시 신고일자를 최근 정정공시일로 기재하였습니다.
나. 단일판매·공급계약체결 공시사항의 진행상황
(단위: 백만원)
신고일자
계약내역
계약금액총액(VAT 포함)
판매ㆍ공급금액
대금수령금액
대금 미수령 사유 및 향후 추진계획
당기
누적
당기
누적
2016.10.20
계약명 : 전주시관내 국도대체우회도로(용진-우아1) 건설공사계약상대방 : 국토교통부 익산지방국토관리청계약기간 : 2016.10.20 ~ 2026.12.31
45,187
5,300
30,841
5,300
30,841
-
2020.07.10
계약명 : 광주광역시 중외근린공원 공동주택 신축공사계약상대방 : 주식회사 한국토지신탁계약기간 : 실착공일로부터 35개월
102,530
11,157
11,157
7,969
7,969
기성청구과 대금수령간시점차이로 특이사항 없음
2022.10.05
계약명 : 동해신항 진입도로 건설공사계약상대방 : 해양수산부 동해지방해양수산청계약기간 : 2022.10.24 ~ 2025.10.07
6,436
-
-
-
-
착공대기 중 (발주처 사유로 인한 미착공)
2024.05.14
계약명 : 부산광역시 연제구 거제동 공공지원민간임대주택 신축공사계약상대방 : (주)부산거제대한제47호위탁관리부동산투자회사계약기간 : 2024.06.30 ~ 2026.06.30
33,512
2,200
2,200
2,081
2,081
채권 일부 가압류로 인한 미수령 가압류 해소 후 수령 예정
2022.07.14
계약명 : 덕천(화명)~양산간 도로교통체계 개선공사계약상대방 : 부산광역시계약기간 : 2022.07.21 ~ 2025.07.20
16,321
2,996
6,433
2,996
6,433
-
2021.12.20
계약명 : 강구(구)교 재해위험지구 정비사업계약상대방 : 경상북도 영덕군계약기간 : 2021.12.22 ~ 2025.12.31
11,651
2,569
9,548
9,209
9,548
-
2023.12.27
계약명 : 청운지하차도 개설사업계약상대방 : 전라남도 장성군계약기간 : 2021.06.25 ~ 2025.08.24
8,708
1,013
3,532
1,328
3,532
-
2021.09.01
계약명 : 마포로1구역 제28,29지구 도시정비형 재개발사업 복합시설 신축공사계약상대방 : 한토플러스 주식회사계약기간 : 2021.12.14 ~ 2025.02.13
117,968
46,714
79,555
46,671
79,459
기성청구과 대금수령간시점차이로 특이사항 없음
2016.10.07
계약명 : 삼성~동탄 광역급행철도 제2공구 건설공사계약상대방 : 한국철도시설공단계약기간 : 2016.10.06 ~ 2025.03.31
10,790
-
10,312
6
10,312
-
2019.12.27
계약명 : 고속국도 제29호선 세종~안성간 건설공사(제9공구)계약상대방 : 한국도로공사계약기간 : 2019.12.27 ~ 2025.12.31
43,212
3,260
18,956
3,260
18,956
계약해지 완료
2020.08.26
계약명 : 구미 송정동 범양레우스 공동주택 신축공사계약상대방 : 주식회사 한국토지신탁계약기간 : 2021.07.02 ~ 2024.05.31
115,429
38,460
115,429
34,347
110,597
시행사 미분양으로 인한 자금부족 분양촉진 촉구 및 분양 후 수령 예정
2021.08.31
계약명 : 녹동신항 일반 및 모래부두 축조공사계약상대방 : 전라남도계약기간 : 2021.09.13 ~ 2025.12.20
17,677
-
8,987
-
8,987
계약해지 완료
2015.04.16
계약명 : 서해선(홍성~송산)복선전철 제10공구 노반신설 기타공사계약상대방 : 한국철도시설공단계약기간 : 2015.04.24 ~ 2024.12.31
23,998
1,652
23,998
2,332
23,998
-
2018.08.31
계약명 : 국도5호선 춘천-화천2 도로건설공사계약상대방 : 국토교통부 원주지방국토관리청계약기간 : 2018.09.03 ~ 2025.07.27
44,604
1,916
31,612
1,916
31,612
계약해지 완료
2022.11.07
계약명 : 부산시 강서구 미음동 물류창고 신축공사계약상대방 : 주식회사 삼진앤컴퍼니계약기간 : 실착공일로부터 26개월
136,160
-
-
-
-
계약해지 완료
2024.02.26
계약명 : 신계정수장 이전증설 및 고도정수처리시설 설치사업계약상대방 : 전라남도 담양군 물순환사업소계약기간 : 2022.03.21 ~ 2025.06.09
7,895
690
4,249
690
4,249
계약해지 완료
※ 상기 신고일자는 최초 공시일자입니다."	ok
20250814003782	원준	여	XI. 1. 공시내용 진행 및 변경사항	공시항목의 기재 누락	20250321001684	"1. 공시내용 진행 및 변경사항
당사는 보고서 작성기준일 현재 해당사항이 없습니다."	"1. 공시내용 진행 및 변경사항
[단일판매ㆍ공급계약체결 공시 진행사항]
(기준일 : 2024년 12월 31일)
(단위 : 백만원)
구분
신고일자
계약내역
계약금액총액
판매ㆍ공급금액
대금수령금액
대금 미수령사유
향후 추진계획
당기
누적
당기
누적
1
최초: 2023.03.16최종: 2024.02.13
계약명: 양극재 생산용 소성 및 열처리 장비 공급 계약계약상대방: ULTIUM CAM Limited Partnership계약기간: 2023.03.15 ~ 2025..03.31외화계약금액: USD 60,720,000
79,234
32,557
79,234
31,254
65,758
해당사항
없음
계약조건에 따라 대금을 청구 및 수령할 예정이며 변동사항이 발생할 경우에는 단일판매ㆍ공급계약체결 변경 공시를 통해 관련 내용을 반영할 예정입니다.
2
최초: 2023.12.01최종: 2024.07.31
계약명: 포항 양극재 2단계 생산용 열처리 장비 공급 계약계약상대방: (주)포스코퓨처엠계약기간: 2023.11.28 ~ 2025..05.31
136,000
68,886
92,313
68,886
92,313
해당사항없음
계약조건에 따라 대금을 청구 및 수령할 예정이며 변동사항이 발생할 경우에는 단일판매ㆍ공급계약체결 변경 공시를 통해 관련 내용을 반영할 예정입니다.
3
최초: 2021.12.23최종: 2024.12.31
계약명: 음극재 생산용 열처리 장비 및 생산공정 EPC Turn-key Line 계약계약상대방: SK머티리얼즈그룹포틴(주)계약기간: 2021.12.22 ~ 2025..03.31외화계약금액: EUR 60,296,330
81,050
5,957
73,274
5,957
73,274
해당사항없음
계약조건에 따라 대금을 청구 및 수령할 예정이며 변동사항이 발생할 경우에는 단일판매ㆍ공급계약체결 변경 공시를 통해 관련 내용을 반영할 예정입니다.
4
최초: 2024.01.03최종: 2024.12.31
계약명: 포항 양극재 2-2단계 생산공정 EPC Turn-key Line 계약계약상대방: (주)포스코퓨처엠계약기간: 2024.01.02 ~ 2025..02.28
58,440
28,254
28,254
28,254
28,254
해당사항없음
계약조건에 따라 대금을 청구 및 수령할 예정이며 변동사항이 발생할 경우에는 단일판매ㆍ공급계약체결 변경 공시를 통해 관련 내용을 반영할 예정입니다.
※
신고일자는
단일판매ㆍ공급계약체결의 최초 공시일자와 최종 정정공시일자를 기재하였습니다.
※
외화계약의 경우 계약금액총액, 판매ㆍ공급금액, 대금수령금액, 모두 각 계약들의 최초 계약 체결일의 환율을 적용하여 원화로 환산하였습니다."	ok
20250814003767	DB손해보험	예	I. 4. 라. 자기주식 보유현황	금융감독원「2024년 사업보고서 비재무사항(자기주식 관련) 기재 관련 점검결과 협조 안내」공문에 따른 보완 공시	20250331003403	"라. 자기주식 보유현황
1) 자기주식 보유현황
(단위 : 주)
취득방법
취득(계약체결)결정 공시일자
주식종류
취득기간
취득목적
최초보유예상기간
최초취득수량
변동 수량
기말수량
비고
처분(-)
소각(-)
배당가능이익범위이내취득
직접취득
2020년 01월 30일
보통주
2020.01.31 ~ 2020.04.30
주가안정을 통한 주주가치 제고
-
708,000
-
-
8,208,000
주1)
2020년 03월 19일
보통주
2020.03.20 ~ 2020.06.19
주가안정을 통한 주주가치 제고
-
2,546,871
-
-
10,754,871
주2)
신탁계약에의한 취득
-
-
-
-
-
-
-
-
-
-
-
-
-
-
-
-
-
-
-
-
기타 취득
-
보통주
-
-
-
-
-
-
1,660
주3)
-
-
-
-
-
-
-
-
-
-
총계
3,254,871
-
-
10,756,531
-
주1) 기말 수량 8,208,000주 : 2020.01.30 주요사항보고서(자기주식취득결정) 공시 이전 기 보유 주식 7,500,000주 + 취득 주식 708,000주주2) 기말 수량 10,754,871주 : 주1) 기말 수량 + 2020.03.19 주요사항보고서(자기주식취득결정) 공시 이후 취득 주식 2,546,871주주3) 기타 취득 주식 1,660주 : 사업보고서 공시 대상 기간 이전 기 보유 주식
2) 자기주식 보유 목적
회사는 자사주를 주주가치 제고 목적으로 매입 후 보유 중이며, 향후에도 주주가치 제고로 연결되지 않는다면 시장에 처분하지 않고 지속 보유 예정임
3) 자기주식 취득계획
해당사항 없음
4)
자기주식 소각 및 처분계획
해당사항 없음
5) 기타 투자자 보호를 위해 필요한 사항
회사는 향후 자기주식 취득, 처분 및 소각 등을 진행할 경우 관련 법규에 따라 적시 공시 및 시장 안내를 통해 투자자를 보호할 예정임"	"라. 자기주식 보유현황
1) 자기주식 보유현황
(단위 : 주)
취득방법
취득(계약체결)결정 공시일자
주식종류
취득기간
취득목적
최초보유예상기간
최초취득수량
변동 수량
기말수량
비고
처분(-)
소각(-)
배당가능이익범위이내취득
직접취득
-
보통주
-
-
-
4,500,000
-
-
4,500,000
'00년 이전 취득
2000년 05월 25일
보통주
2000.05.28 ~ 2000.08.27
자사주식 가격의 안정
취득일로부터 6개월 이상
3,000,000
-
-
7,500,000
-
2020년 01월 30일
보통주
2020.01.31 ~ 2020.04.30
주가안정을 통한 주주가치 제고
-
708,000
-
-
8,208,000
-
2020년 03월 19일
보통주
2020.03.20 ~ 2020.06.19
주가안정을 통한 주주가치 제고
-
2,546,871
-
-
10,754,871
-
신탁계약에의한 취득
-
보통주
-
-
-
679,610
679,610
-
-
'00년 이전 취득주1)
-
-
-
-
-
-
-
-
-
-
기타 취득
-
보통주
-
-
-
1,640
-
-
1,640
'00년 이전 취득(단수주)
-
보통주
-
-
-
10
-
-
1,650
'04 사업연도에 취득한 단수주
-
보통주
-
-
-
10
-
-
1,660
'06 사업연도에 취득한 단수주
총계
11,436,141
679,610
-
10,756,531
주2)
주1) '00년 이전 취득 건으로 '05 사업연도 신탁 계약 해지 완료주2) 총계의 기말 수량 (10,756,531주) : 직접 취득의 최종 기말 수량 (10,754,871주)+ 기타 취득의 최종 기말 수량 (1,660주)주3) 직접 취득 중 2000년 5월 25일 공시 : 2000.05.25 자기주식취득신고서의 취득 목적, 취득하고자 하는 기간, 취득 후 보유하고자 하는 예상 기간을 참고로 작성직접 취득 중 2020년 1월 30일 공시 : 2020.01.30 주요사항보고서 (자기주식취득결정) 의 취득 예상 기간과 취득 목적, 보유 예상 기간을 참고로 작성직접 취득 중 2020년 3월 19일 공시 : 2020.03.19 주요사항보고서 (자기주식취득결정) 의 취득 예상 기간과 취득 목적, 보유 예상 기간을 참고로 작성
2) 자기주식 보유 목적
회사는 자사주를 주주가치 제고 목적으로 매입 후 보유 중이며, 향후에도 주주가치 제고로 연결되지 않는다면 시장에 처분하지 않고 지속 보유 예정임
3) 자기주식 취득계획
해당사항 없음
4) 자기주식 소각 및 처분계획
해당사항 없음
5) 기타 투자자 보호를 위해 필요한 사항
회사는 향후 자기주식 취득, 처분 및 소각 등을 진행할 경우 관련 법규에 따라 적시 공시 및 시장 안내를 통해 투자자를 보호할 예정임"	ok_sub
20250814003670	삼성E&A	예	XI. 1. 공시내용 진행 및 변경사항	향후 추진계획의 미흡기재 또는 미기재	20250312001103	"1. 공시내용 진행 및 변경사항
공시서류작성기준일 현재 이
행이 완료되지 않았거나 주요내용이 변경된 공시사항
없습
니다.
당사는
2024.01.30에 제출된 장래사업 경영계획 공시
를 통해 2024년 투자계획을 공유하였으며, 2024년 약 30% 집행을 완료하였습니다. 미이행 항목은 '25년 순연되어 집행 예정이며 미래 성장동력 확보 및 생산성과 수익성 극대화를 위한 투자 노력을 계속할 것입니다.
단일판매ㆍ공급계약체결 공시한 계약 진행상황
공시서류작성기준일 현재 단일판매ㆍ공급계약체결 공시한 진행중인 계약은 다음과 같습니다.
(기준일: 2024년 12월 31일)
(단위 : 원)
신고일자
계약내역
판매ㆍ공급금액
대금수령금액
계약명
계약상대방
계약금ㆍ선급금 유무
대금지급 조건 등
계약 만기
계약금액총액
당기
누적
당기
누적
2008-08-06
용인시 하수처리시설 민간투자사업 운영
용인클린워터㈜
-
-
2029-12-31
239,594,185,000
19,988,220,394
203,410,926,754
17,495,100,000
203,610,179,340
2020-11-19
멕시코 Dos Bocas New Refinery Project 2단계
Samsung E&A Manzanillo S.A. De C.V.
무
-
2025-06-30
2,001,971,262,265
518,830,080,781
1,974,292,155,661
215,412,615,408
1,924,314,783,654
2021-04-14
사우디 AGIC PDH&UTOS Project
Advanced Global Investment Company
유
공사 진행에 따라 청구 및 지급
2025-08-18
898,990,732,206
88,543,123,115
847,904,770,277
75,589,764,359
822,823,140,978
2021-11-23
사우디 Aramco Jafurah Gas Processing Package #1 Project
Aramco Asia Japan K.K.
-
-
2025-08-27
216,406,861,773
40,034,777,344
166,417,595,629
6,300,999,049
212,343,244,630
2022-02-09
러시아 Baltic Ethane Cracker Project
Samsung Engineering (Thailand) Co., Ltd.
-
-
2027-01-31
178,198,093,538
4,956,111,089
168,920,555,443
-
178,198,093,538
2022-07-13
말레이시아 Shell OGP
Sarawak Shell Berhad
-
-
2025-11-04
737,134,456,825
322,913,453,133
533,978,298,405
277,845,185,109
508,887,192,979
2022-06-22
[P3 Ph3 PJT] 그린동 및 UT동, 옥상배기, UPW 마감 공사
삼성전자
무
-
2025-03-31
1,189,540,000,000
101,179,137,760
1,189,540,000,000
342,270,000,000
1,081,400,000,000
2022-11-24
[P3 Ph4] 그린동 및 UT동, 옥상배기, UPW 마감 공사
삼성전자
무
-
2025-03-31
1,164,460,000,000
61,475,931,804
644,984,253,747
194,400,000,000
1,058,600,000,000
2022-12-26
[P4 Ph1(하서)] 그린동 변전소 및 복합동, 대기방지, UPW Ph1 마감 공사
삼성전자
무
-
2025-03-31
2,237,059,000,000
844,358,785,964
2,237,059,000,000
1,141,762,300,000
1,997,330,300,000
2023-12-14
[P4_Ph2(하동)] 그린동 변전소 및 복합동 대기방지 UPW 마감공사
삼성전자
-
-
2025-06-30
1,100,000,000,000
138,008,122,520
152,438,998,650
179,849,000,000
179,849,000,000
2024-01-23
기흥 연구라인 신축(1단계) UT, 대기방지, 그린동 마감 공사
삼성전자
무
-
2026-12-31
758,830,600,000
473,216,476,386
471,905,174,951
565,851,000,000
565,851,000,000
2023-09-19
기흥 신규 연구라인 (구 용역동 부지)UT동/그린동 골조공사
삼성전자
무
-
2025-09-30
333,324,200,000
133,471,313,852
329,292,066,052
110,954,000,000
274,974,000,000
2024-06-27
[P4_Ph3(상서)] 그린동 변전소 및 복합동 대기방지 UPW 마감공사
삼성전자
-
-
2025-10-31
1,375,330,000,000
272,252,387,153
261,734,884,474
351,856,000,000
361,881,283,020
2024-06-27
[P5] 복합동, 그린동, 변전소 골조공사
삼성전자
-
-
2027-04-30
391,506,500,000
208,747,068,627
342,518,737,239
235,824,883,020
361,424,883,020
2024-04-01
바이오로직스 SBL P5
삼성바이오로직스
무
-
2025-12-31
1,770,780,000,000
1,137,355,708,895
1,532,846,322,572
1,430,154,060,000
1,451,891,460,000
2024-04-17
사우디 Fadhili Gas Increment Program PKG1
Aramco Asia Japan
-
-
2027-09-16
463,276,852,916
88,517,338,093
88,517,338,093
158,366,102,595
158,366,102,595
2024-04-17
사우디 Fadhili Gas Increment Program PKG4
Aramco Asia Japan
-
-
2027-09-16
2022-12-27
카타르 Ras Laffan Petrochemicals Project
Ras Laffan Petrochemicals
-
-
2026-08-19
2,066,999,891,295
552,682,055,743
795,227,992,745
643,419,595,578
1,033,038,560,246
2024-11-15
카타르 Ras Laffan Petrochemicals Project - Ethylene Storage Plant
Ras Laffan Petrochemicals
-
2027-07-18
※ 당기: 2024년 1월 1일~2024년 12월 31일, 누적: 최초계약일~2024년 12월 31일※ 계약금액총액은 당기말 환율을 적용하여 원공시 원화환산 금액과 상이합니다. 이 외 계약내역은 기공시 내용과 동일하게 작성하였습니다.※ 공시서류작성기준일 현재 당사는 누적 대금수령금액이 0인 계약은 없습니다. 당사는 프로젝트별 계약조건에 따라 공사 대금을 청구 및 수령할 예정입니다.※ BAPCO Modernization Program(BMP)는 공동 수행사와 합작법인을 설립하여 수행하는 프로젝트이며 지분법 적용 대상으로 상기 작성내용에서는 제외하였습니다."	"1. 공시내용 진행 및 변경사항
공시서류작성기준일 현재 이
행이 완료되지 않았거나 주요내용이 변경된 공시사항 없습
니다.
당사는
2024.01.30에 제출된 장래사업 경영계획 공시
를 통해 2024년 투자계획을 공유하였으며, 2024년 약 30% 집행을 완료하였습니다. 미이행 항목은 '25년 순연되어 집행 예정이며 미래 성장동력 확보 및 생산성과 수익성 극대화를 위한 투자 노력을 계속할 것입니다.
가. 단일판매ㆍ공급계약체결 공시한 계약 진행상황
공시서류작성기준일 현재 단일판매ㆍ공급계약체결 공시한 진행중인 계약은 다음과 같습니다.
(기준일: 2024년 12월 31일)
(단위 : 원)
신고일자
계약내역
판매ㆍ공급금액
대금수령금액
계약명
계약상대방
계약금ㆍ선급금 유무
대금지급 조건 등
계약 만기
계약금액총액
당기
누적
당기
누적
2008-08-06
용인시 하수처리시설 민간투자사업 운영
용인클린워터㈜
-
-
2029-12-31
239,594,185,000
19,988,220,394
203,410,926,754
17,495,100,000
203,610,179,340
2020-11-19
멕시코 Dos Bocas New Refinery Project 2단계
Samsung E&A Manzanillo S.A. De C.V.
무
-
2025-06-30
2,001,971,262,265
518,830,080,781
1,974,292,155,661
215,412,615,408
1,924,314,783,654
2021-04-14
사우디 AGIC PDH&UTOS Project
Advanced Global Investment Company
유
공사 진행에 따라 청구 및 지급
2025-08-18
898,990,732,206
88,543,123,115
847,904,770,277
75,589,764,359
822,823,140,978
2021-11-23
사우디 Aramco Jafurah Gas Processing Package #1 Project
Aramco Asia Japan K.K.
-
-
2025-08-27
216,406,861,773
40,034,777,344
166,417,595,629
6,300,999,049
212,343,244,630
2022-02-09
러시아 Baltic Ethane Cracker Project
Samsung Engineering (Thailand) Co., Ltd.
-
-
2027-01-31
178,198,093,538
4,956,111,089
168,920,555,443
-
178,198,093,538
2022-07-13
말레이시아 Shell OGP
Sarawak Shell Berhad
-
-
2025-11-04
737,134,456,825
322,913,453,133
533,978,298,405
277,845,185,109
508,887,192,979
2022-06-22
[P3 Ph3 PJT] 그린동 및 UT동, 옥상배기, UPW 마감 공사
삼성전자
무
-
2025-03-31
1,189,540,000,000
101,179,137,760
1,189,540,000,000
342,270,000,000
1,081,400,000,000
2022-11-24
[P3 Ph4] 그린동 및 UT동, 옥상배기, UPW 마감 공사
삼성전자
무
-
2025-03-31
1,164,460,000,000
61,475,931,804
644,984,253,747
194,400,000,000
1,058,600,000,000
2022-12-26
[P4 Ph1(하서)] 그린동 변전소 및 복합동, 대기방지, UPW Ph1 마감 공사
삼성전자
무
-
2025-03-31
2,237,059,000,000
844,358,785,964
2,237,059,000,000
1,141,762,300,000
1,997,330,300,000
2023-12-14
[P4_Ph2(하동)] 그린동 변전소 및 복합동 대기방지 UPW 마감공사
삼성전자
-
-
2025-06-30
1,100,000,000,000
138,008,122,520
152,438,998,650
179,849,000,000
179,849,000,000
2024-01-23
기흥 연구라인 신축(1단계) UT, 대기방지, 그린동 마감 공사
삼성전자
무
-
2026-12-31
758,830,600,000
473,216,476,386
471,905,174,951
565,851,000,000
565,851,000,000
2023-09-19
기흥 신규 연구라인 (구 용역동 부지)UT동/그린동 골조공사
삼성전자
무
-
2025-09-30
333,324,200,000
133,471,313,852
329,292,066,052
110,954,000,000
274,974,000,000
2024-06-27
[P4_Ph3(상서)] 그린동 변전소 및 복합동 대기방지 UPW 마감공사
삼성전자
-
-
2025-10-31
1,375,330,000,000
272,252,387,153
261,734,884,474
351,856,000,000
361,881,283,020
2024-06-27
[P5] 복합동, 그린동, 변전소 골조공사
삼성전자
-
-
2027-04-30
391,506,500,000
208,747,068,627
342,518,737,239
235,824,883,020
361,424,883,020
2024-04-01
바이오로직스 SBL P5
삼성바이오로직스
무
-
2025-12-31
1,770,780,000,000
1,137,355,708,895
1,532,846,322,572
1,430,154,060,000
1,451,891,460,000
2024-04-17
사우디 Fadhili Gas Increment Program PKG1
Aramco Asia Japan
-
-
2027-09-16
463,276,852,916
88,517,338,093
88,517,338,093
158,366,102,595
158,366,102,595
2024-04-17
사우디 Fadhili Gas Increment Program PKG4
Aramco Asia Japan
-
-
2027-09-16
2022-12-27
카타르 Ras Laffan Petrochemicals Project
Ras Laffan Petrochemicals
-
-
2026-08-19
2,066,999,891,295
552,682,055,743
795,227,992,745
643,419,595,578
1,033,038,560,246
2024-11-15
카타르 Ras Laffan Petrochemicals Project - Ethylene Storage Plant
Ras Laffan Petrochemicals
-
2027-07-18
※ 당기: 2024년 1월 1일~2024년 12월 31일, 누적: 최초계약일~2024년 12월 31일※ 계약금액총액은 당기말 환율을 적용하여 원공시 원화환산 금액과 상이합니다. 이 외 계약내역은 기공시 내용과 동일하게 작성하였습니다.※ 공시서류작성기준일 현재 당사는 누적 대금수령금액이 0인 계약은 없습니다. 당사는 프로젝트별 계약조건에 따라 공사 대금을 청구 및 수령할 예정입니다.※ BAPCO Modernization Program(BMP)는 공동 수행사와 합작법인을 설립하여 수행하는 프로젝트이며 지분법 적용 대상으로 상기 작성내용에서는 제외하였습니다.
나. 대금 미수령 사유
- 당사는 진행되고 있는 모든 계약에 대해 계약조건에 따라 공사대금을 청구 및 수령하고 있습니다.- 공시서류작성기준일 현재 누적 대금수령금액이 0인 프로젝트는 없습니다.
다. 향후 추진 계획
- 진행되고 있는 모든 계약의 계약금액, 계약기간 등은 프로젝트 수행 과정상 변동 될 수 있으며, 변동되는 경우 정정공시하여 현황을 공유할 예정입니다.- 진행되고 있는 모든 계약에 대해 계약조건에 따라 공사 대금을 청구 및 수령할 예정입니다."	ok
20250814003660	제이에스링크	예	Ⅵ. 3. 주주총회 등에 관한 사항	주주총회 등에 관한 사항 미개재 부분 추가 반영	20250318000987	"3. 주주총회 등에 관한 사항
투표제도 현황
(1) 집중투표제의 채택여부
당사는 보고서 제출일 현재 집중투표제를 채택하고 있지 않습니다.(2) 서면투표제 또는 전자투표제의 채택여부
당사는 정기주주총회 의결정족수 확보를 위해 전자투표제를 건별로 채택하고 있습니다.
(기준일 :
2024년 12월 31일
)
투표제도 종류
집중투표제
서면투표제
전자투표제
도입여부
-
미도입
도입
실시여부
-
-
건별도입
의결권 현황
(기준일 :
2024년 12월 31일
)
(단위 : 주)
구 분
주식의 종류
주식수
비고
발행주식총수(A)
보통주
22,483,843
-
우선주
-
-
의결권없는 주식수(B)
보통주
-
-
우선주
-
-
정관에 의하여 의결권 행사가 배제된 주식수(C)
보통주
-
-
우선주
-
-
기타 법률에 의하여의결권 행사가 제한된 주식수(D)
보통주
-
-
우선주
-
-
의결권이 부활된 주식수(E)
보통주
-
-
우선주
-
-
의결권을 행사할 수 있는 주식수(F = A - B - C - D + E)
보통주
22,483,843
-
우선주
-
-"	"3. 주주총회 등에 관한 사항
투표제도 현황
(1) 집중투표제의 채택여부
당사는 보고서 제출일 현재 집중투표제를 채택하고 있지 않습니다.(2) 서면투표제 또는 전자투표제의 채택여부
당사는 정기주주총회 의결정족수 확보를 위해 전자투표제를 건별로 채택하고 있습니다.
(기준일 :
2024년 12월 31일
)
투표제도 종류
집중투표제
서면투표제
전자투표제
도입여부
-
미도입
도입
실시여부
-
-
건별도입
의결권 현황
(기준일 :
2024년 12월 31일
)
(단위 : 주)
구 분
주식의 종류
주식수
비고
발행주식총수(A)
보통주
22,483,843
-
우선주
-
-
의결권없는 주식수(B)
보통주
-
-
우선주
-
-
정관에 의하여 의결권 행사가 배제된 주식수(C)
보통주
-
-
우선주
-
-
기타 법률에 의하여의결권 행사가 제한된 주식수(D)
보통주
-
-
우선주
-
-
의결권이 부활된 주식수(E)
보통주
-
-
우선주
-
-
의결권을 행사할 수 있는 주식수(F = A - B - C - D + E)
보통주
22,483,843
-
우선주
-
-
소수주주권
행사자
안건
목적사항 포함여부
거부사유
진행경과
-
-
-
-
-
(*) 공시대상 기간 중 소수주주권 행사내역은 없습니다.
주주총회 의사록 요약
주총일자
안 건
비 고
24기정기주주총회2024년3월28일
제1호의안 : 재무제표 및 연결재무제표 승인의 건
제24기(2023년1월1일 부터 2023년12월31일까지)
- 이사회에서 승인하고 보고사항으로 갈음
제2호의안 : 감사선임의 건
후보자 윤한건
-원안대로 가결
제3호의안 : 이사 보수한도 승인의 건
-원안대로 가결
제4호의안 : 감사 보수한도 승인의 건
-원안대로 가결
-
임시주주총회2024년8월23일
제1호 의안 : 정관 일부 변경의 건(사업목적추가)
-> 원안대로 가결
제2호 의안:이사 선임의 건
2-1 사내이사 후보자 이준영
-> 원안대로 가결
2-2 사내이사 후보자 KENJI KONISHI
-> 원안대로 가결
2-3 사내이사 후보자 백종빈
-> 원안대로 가결
제3호 의안 : 주식매수선택권 부여의 건
-> 원안대로 가결
-
25기정기주주총회2025년3월26일
제1호의안 :정관 일부변경의 건(상호변경,조문수정)
-원안대로 가결
제2호의안 :재무제표 및 연결재무제표 승인의 건
제25기(2024년1월1일 부터 2024년12월31일까지)
-원안대로 가결
제3호의안 : 이사선임의 건
3-1 사내이사 후보자 박진수
-원안대로 가결
3-2 사내이사 후보자 박준범
-원안대로 가결
3-3 사외이사 후보자 장민
-원안대로 가결
3-4 사외이사 후보자 서정욱
-원안대로 가결
제4호의안 : 감사선임의건
-원안대로 가결
4-1 감사 후보자 이재홍
-원안대로 가결
제5호의안 : 이사 보수한도 승인의 건
-원안대로 가결
제6호의안 : 감사 보수한도 승인의 건
-원안대로 가결
제7호의안 : 주식매수선택권 부여의 건
-원안대로 가결
-
주식의 사무
당사 정관상의 신주인수권 내용 및 주식의 사무에 관련된 주요사항은 다음과 같습니다.
정관상 신주인수권의내용
제9조(신주인수권) ①이 회사의 주주는 신주발행에 있어서 그가 소유한 주식 수에 비례하여 신주의 배정을 받을 권리를 가진다.
②제1항의 규정에 불구하고 다음 각 호의 경우에는 주주외의 자에게 이사회 결의로 신주를 배정할 수 있다.
1. 발행주식 총수의 100분의 50을 초과하지 않는 범위 내에서 자본시장과 금융투자업에 관한 법률 제165조의 6에 따라 이사회의 결의로 일반공모 증자 방식으로 신주를 발행 하는 경우
2. 발행주식 총수의 100분의 50을 초과하지 않는 범위 내에서 주권을 유가증권시장 또는 코스닥시장에 상장하기 위하여 신주를 모집하거나 모집을 위하여 인수인에게 인수하 게 하는 경우
3. 발행하는 주식총수의 100분의 20 범위 내에서 우리사주 조합원에게 주식을 우선 배정 하는 경우
4. 상법 제542조의 3 또는 벤처기업육성에 관한 특별조치법 제16조의3의 규정에 따른 주식매수선택권의 행사로 인하여 신주를 발행하는 경우
5. 근로자 복지기본법 제39조의 규정에 의하여 우리사주매수선택권 행사로 인하여 신주 를 발행하는 경우
6. 발행주식 총수의 100분의 200을 초과하지 않는 범위 내에서 경영상 필요로 외국인투 자촉진법에 의한 외국인투자를 위하여 신주를 발행하는 경우
7. 발행주식 총수의 100분의 200을 초과하지 않는 범위 내에서 긴급한 자금조달을 위하 여 국내외 금융기관 또는 기관투자자에게 신주를 발행하는 경우
8. 발행주식 총수의 100분의 200을 초과하지 않는 범위 내에서 사업상 중요한 기술도입, 연구개발, 생산·판매·자본제휴를 위하여 그 상대방에게 신주를 발행하는 경우
9. 발행주식 총수의 100분의 200을 초과하지 않는 범위 내에서 자본시장과 금융투자업에 관한 법률 제165조의 16의 규정에 의하여 주식예탁증서(DR)발행에 따라 신주를 발행 하는 경우
③제2항에 따라 주주외의 자에게 신주를 배정하는 경우 상법 제416조제1호, 제2호, 제2호의2, 제3호 및 제4호에서 정하는 사항을 그 납입기일의 2주 전까지 주주에게 통지하거나 공고하여야 한다.
④제2항 각 호 중 어느 하나의 규정에 의해 신주를 발행할 경우 발행할 주식의 종류와 수 및 발행가격 등은 이사회의 결의로 정한다.
※ 발행가격은 관련 법조문에 따라 이사회 결의 시 정하도록 함(자본시장과 금융투자업 에 관한 법률 시행령 제176조의8, 증권의 발행 및 공시 등에 관한 규정 제5-18조).
⑤주주가 신주인수권을 포기 또는 상실하거나 신주배정에서 단주가 발생하는 경우에 그 처리방법은 이사회의 결의로 정한다.
결 산 일
12월 31일
정기주주총회
3월 중
명의개서대리인
한국예탁결제원
공고 및 게재신문
당사 홈페이지(www.jslink.co.kr)또는 한국경제신문
주주의특전
-"	ok
20250814003654	DXVX	예	XI. 1. 공시내용 진행 및 변경사항	단일판매공급계약체결 공시 관련 진행사항에 대한 정정요구에 따른 보완기재	20250320001534	"1. 공시내용 진행 및 변경사항
신고일자
제목
신고내용
신고사항의 진행사항
2021.08.30
단일판매공급계약체결(정정)
계약기간 :2018년09월01일~2024년08월31일(6년)
계약종료(2024.08.14)상호 협의 종료
2022.12.30
단일판매공급계약체결
계약기간 :2023년01월01일~2023년12월31일(1년)
계약종료(2023.08.14)용역계약 결과물의 조기도출에 따른 상호 협의 종료
2024.06.24
단일판매공급계약체결
계약기간:2024년06월24일 ~2026년06월23일(2년)
진행 중
2024.08.30
단일판매공급계약체결
계약기간:2024년08월30일~2025년08월29일(1년)
진행 중
1) 진행상황
(단위 :원)
신고일자
계약내역
계약금액총액
판매,공급금액
대금수령금액
당기
누적
당기
누적
2024.06.24
단일판매공급계약체결
5,611,964,00
-
-
-
-
2024.08.30
단일판매공급계약체결
10,335,222,000
-
-
-
-
※ 베트남과 중국 현지 규제와 허가절차로 인해 수출이 지연되고있습니다. 계약상대방이 제품판매를 위한 현지 허가획득 및 규제문제를 해결 중에 있으며, 당사는 이에 협조하고 있습니다.
2) 대금 미수령사유
-
3) 향후 추진계획
- 베트남 : 제품판매를 위한 허가가 2025년 1분기내 완료될 것으로 예상하고 있으며, 허가 완료 시 계약제품의 빠른 공급과 함께 , 현지에서는 온오프라인 유통망을 활용하여 제품판매을 확대해 나갈 예정입니다.
- 중국 : 해당 규제 및 허가요건을 빠르게 충족시킬 수 있고 현지 소비자 요구에 부합하는 제품을 추가로 발굴하여 공급 준비 중 입니다.
각 국가의 허가 일정에 맞춰 제품 공급과 판매가 순차적으로 진행될 예정입니다. 원활한 제품 공급을 위해 지속적인 모니터링을 진행하며, 관련절차를 신속히 추진하도록 노력하겠습니다."	"1. 공시내용 진행 및 변경사항
신고일자
제목
신고내용
신고사항의 진행사항
2021.08.30
단일판매공급계약체결(정정)
계약기간 :2018년09월01일~2024년08월31일(6년)
계약종료(2024.08.14)상호 협의 종료
2022.12.30
단일판매공급계약체결
계약기간 :2023년01월01일~2023년12월31일(1년)
계약종료(2023.08.14)용역계약 결과물의 조기도출에 따른 상호 협의 종료
2024.06.24
단일판매공급계약체결
계약기간:2024년06월24일 ~2026년06월23일(2년)
진행 중
2024.08.30
단일판매공급계약체결
계약기간:2024년08월30일~2025년08월29일(1년)
진행 중
1) 공시사항의 진행·변경상황
(단위 :원)
신고일자
계약내역
계약금액총액
판매,공급금액
대금수령금액
당기
누적
당기
누적
2024.06.24
1. 계약명 : 헬스케어제품(오브맘 시리즈) 공급계약2. 계약상대방 : OFMEIGHT TRADING CO.,LTD3. 계악기간 : 2024.06.24~2026.06.234. 주요계약조건 - 마이크로바이옴기반 건강기능식품(오브맘 시리즈)의 공급- 계약상대방의 물품 발주 후 14일내 납품- 총계약금액 : USD 4,040,000
5,611,964,000(주1)
-
-
-
-
2024.08.30
1. 계약명 : 헬스케어 제품 중국 공급계약2. 계약상대방 : 항주광성기업관리자문유한공사3. 계약기간 : 2024.08.30~2025.08.294. 주요계약조건- 마이크로바이옴 기반 건강기능식품 등 (Dx&Vx 치료보조제 제품군, 오브맘 제품군 등) 의 공급- 총계약금액 : USD 7,740,000
10,335,222,000(주2)
-
-
-
-
주1) 원화환산금액은 한국거래소 공시 제출시점에 서울외국환중개 매매기준율을 기준으로 계산한였습니다.(USD1= 1389.1)
주2) 원화환산금액은 한국거래소 공시 제출시점에 서울외국환중개 매매기준율을 기준으로 계산한였습니다.(USD1= 1335.3) 2) 대금미수령사유
신고일자
계약내역
계약금액총액
대금 미수령 사유
2024.06.24
헬스케어제품(오브맘 시리즈) 공급계약
5,611,964,000(주1)
현재 공급을 위한 허가절차 진행중으로 물품공급 후 계약내용에 따라 대금을 수령할 예정입니다.
2024.08.30
헬스케어 제품 중국 공급계약
10,335,222,000(주2)
현재 공급을 위한 허가절차 진행중으로 물품공급 후 계약내용에 따라 대금을 수령할 예정입니다.
주1) 원화환산금액은 한국거래소 공시 제출시점에 서울외국환중개 매매기준율을 기준으로 계산한였습니다.(USD1= 1389.1)
주2) 원화환산금액은 한국거래소 공시 제출시점에 서울외국환중개 매매기준율을 기준으로 계산한였습니다.(USD1= 1335.3)
3) 향후 추진계획
(단위 :원)
신고일자
계약명
계약금액총액
향후추진계획
변동가능성
판매공급이행
대금수령
2024.06.24
헬스케어제품오브맘 시리즈) 공급계약
5,611,964,000(주1)
- 헬스케어 제품의 특성상, 현지 규제기관의 품목허가가 완료된 후에야 공급이 가능하므로 현재 수출이 지연되고 있습니다. 최근 현지수입 식품 및 건강기능식품에 대한 규제가 강화되면서, 기존 허가 제품까지 전면 재검토가 진행 중입니다.
- 현재 계약상대방이 인허가 및 규제 해소를 진행 중이며, 당사는 이에 협조하고 있습니다. 인허가 완료는 2025년말까지 가능할 것으로 전망됩니다.
- 당사는 현지 인플루언서 협업을 통한 직구방식 활용과 온라인 마케팅 플랫폼을 통한 사전 브랜드 홍보(프리마케팅)를 병행하여, 인허가 완료 후 빠른 시장 진입과 판매 가속화를 준비하고 있습니다.
원활한 제품공급을 위해 관련절차를 신속히 추진할 계획이며, 물품공급 후 계약내용에 따라 대금을 수령할 예정입니다.
계약내용은 진행상황에 따라 계약상대방과의 협의를 통해 변경될 수 있습니다.
2024.08.30
헬스케어 제품 중국공급계약
10,335,222,000(주2)
- 헬스케어 제품의 특성상, 현지 규제기관의 품목허가가 완료된 후에야 공급이 가능하므로 현재 수출이 지연되고 있습니다.
- 현재 계약상대방이 인허가 및 규제 해소를 진행 중이며, 당사는 이에 협조하고 있습니다. 인허가 완료는 2025년말까지 가능할 것으로 전망됩니다.
- 당사는 현지 인플루언서 협업을 통한 직구방식 활용과 온라인 마케팅 플랫폼을 통한 사전 브랜드 홍보(프리마케팅)를 병행하여, 인허가 완료 후 빠른 시장 진입과 판매 가속화를 준비하고 있습니다.
원활한 제품공급을 위해 관련절차를 신속히 추진할 계획이며, 물품공급 후 계약내용에 따라 대금을 수령할 예정입니다.
계약내용은 진행상황에 따라 계약상대방과의 협의를 통해 변경될 수 있습니다.
주1) 원화환산금액은 한국거래소 공시 제출시점에 서울외국환중개 매매기준율을 기준으로 계산한였습니다.(USD1= 1389.1)
주2) 원화환산금액은 한국거래소 공시 제출시점에 서울외국환중개 매매기준율을 기준으로 계산한였습니다.(USD1= 1335.3)"	ok
20250814003642	넥스틴	예	XI. 1. 1) 단일판매ㆍ공급계약체결 공시 진행상황	기재사항 추가	20250314001000	"1. 공시내용 진행 및 변경사항
""해당사항 없음"""	"1. 공시내용 진행 및 변경사항
가. 공시사항의 진행ㆍ변경상황
(기준일 :
2024년 12월 31일
)
신고일자
제 목
신 고 내 용
신고사항의 진행상황
2023.06.29
주요사항보고서 유형자산 양수결정
1. 내용 : 경기도 용인시 처인구 원삼면 A11-3 구입2. 주요내용- 양수금액: 16,496,319,000원- 자산총액: 121,191,635,691원- 자산총액대비: 13.61%- 양수목적: 제조시설 증설을 위한 산업단지 용지계약- 거래대금지급1) 계약금: 1,649,631,900원(23년 6월 29일)2) 1차중도금: 3,299,263,800원(23년 12월 29일)3) 2차중도금: 3,299,263,800원(24년 6월 28일)4) 3차중도금: 3,299,263,800원(24년 12월 27일)5) 4차중도금: 3,299,263,800원(25년 6월 27일)6) 잔금: 1,649,631,900원(27년 12월 31일)3. 기타 투자판단과 관련된 중요사항- 상기 양수금액은 매매계약서상의 금액이며, 기타부대비용은 제외된 금액입니다.- 상기 양수기준일 및 등기예정일은 잔금 지급 예정일 기준으로 작성하였고, 대금지급일은 진행상황에 따라 변경될 수 있습니다.- 본 계약서 및 거래 상대방과 협의에 따라 거래 대금 등 세부 내용은 변동될 수 있습니다.
진행중
나. 단일판매ㆍ공급계약체결공시에 대한 진행 현황
(기준일 :
2024년 12월 31일
)
(단위 : 백만원)
신고일자
계약내역
계약금액총액(원)
계약 진행상황
판매공급가액(원)
대금수령금액
당기
누적
당기
누적
24.12.24
- 계약명: Wafer Inspection System 공급계약- 계약상대: SK하이닉스- 계약기간: 2024-12-23 ~ 2025-01-10
5,700
진행중 (0%)
5,700
0%
0%
0%
최초 22.03.30 정정 23.07.14 정정 23.12.26 정정 24.09.27
- 계약명: Wafer Inspection System 공급계약- 계약상대: SMIC- 계약기간: 2022-03-29 ~ 2025-05-31
11,399
진행중 (50%이행)
11,399
50%
50%
50%
1) 상기 표의 모든 내용은 공시서류작성기준일(2024.12.31)을 기준으로 미이행된 내용으로 작성하였습니다.2) 대금 미수령 사유 당사는 공시서류 제출일 기준 현재 누적 대금미수령금액은 없습니다. 3) 향후 추진계획 당사는 향후 본 계약과 관련된 대금 수령이 원활히 이루어질 수 있도록 적극 대응해 나갈 예정입니다. 아울러, 동 계약과 관련하여 주요 내용에 변동이 발생할 경우, 관련법령 및 규정에 따라 「단일판매ㆍ공급계약체결」 공시의 정정 또는 추가 공시 등을 통해 신속히 투자자에게 안내드릴 예정입니다."	ok
20250814003613	디에스케이	여	XI. 1. 공시내용 진행 및 변경사항	미흡 기재	20250317000582	"1. 공시내용 진행 및 변경사항
NO
신고일자
제목
내용
1
2024.05.13
단일판매ㆍ공급계약체결
1. 판매ㆍ공급계약내용 : 이차전지 제조용 장비2. 계약금액 : - 원3. 계약상대방 : HL-GA Battery Company LLC.4. 계약종료일 : 2026. 05. 155. 계약 세부내역은 유보사유 해제 혹은 유보기간 경과 시 정정공시 예정입니다
2
2025.3.14
자기주식 취득 결정
1. 취득예정주식수 : 379,746 주2. 취득예상기간 : 2025.3.17 ~ 2025. 6. 163. 취득목적 : 주가 안정을 통한 주주가치 제고4. 취득방법 : 장내직접취득5. 취득결정일 : 2025년 3월 14일"	"1. 공시내용 진행 및 변경사항
가. 주요사항보고서 : 1건
신고일자
제 목
신고내용
신고사항의 진행사항
최초 2025.03.14
자기주식 취득결정
1. 취득예정주식수 : 379,746 주2. 취득예상기간 : 2025.3.17 ~ 2025. 6. 163. 취득목적 : 주가 안정을 통한 주주가치 제고4. 취득방법 : 장내직접취득5. 취득결정일 : 2025년 3월 14일
진행중주1)
주1) 자기주식취득 완료되어 2025년 6월 17일 자기주식취득결과보고서 제출하였습니다.
나. 단일판매ㆍ공급계약체결
(기준일 : 2024년 12월 31일)
최종신고일자
계약명
계약상대방
계약종료일(공시기준)
계약금액총액
판매ㆍ공급금액
대금수령금액
최초공시
비고
당기
누적
당기
누적
2024.12.17
이차전지 제조용 장비 공급계약
HL-GA Battery Company LLC.
2026.05.15
-
-
-
-
-
2024.05.13
고객사 공시유보기간 연장요청으로 정정 신고
※ 향후 추진 계획: 고객사와의 약속된 일정에 따라 납기 준수를 할 계획이며, 계약 종료일자가 변경되는 경우에는 공시 규정에 따라 ""단일판매ㆍ공급계약체결"" 정정공시를 할 예정입니다.※ 대금 미수령 사유 : 현재 계약서상 수금일정이 준수되고 있으며, 지급기한을 경과한 미수령 대금은 없습니다.※ 계약 세부내역은 유보사유 해제 혹은 유보기간 경과시 정정공시 예정입니다."	ok
20250814003602	가온칩스	예	XI. 공시내용 진행 및 변경사항	단일판매 공급계약 공시현황 추가기재	20250318001358	"XI. 그 밖에 투자자 보호를 위하여 필요한 사항
1. 공시내용 진행 및 변경사항
일자
제 목
신 고 내 용
신고사항의 진행상황
2023.05.042023.08.102024.12.26
단일판매ㆍ공급계약체결
당사는 계약 상대방과 115억원 규모의주문형 반도체 ASIC 설계 개발 계약을 체결하였습니다.
2023년 08월 10일, 118억원 규모로 계약 상대방과 변경계약을 체결하였습
니다.2024년 12월 26일, 계약 기간 변경 계약 (계약기간 종료일 : 2024년 12월 31일 →2025년 06월 10일)을 체결하였으며, 보고서 제출기준일 현재 본 계약을 이행중에 있습니다.
2023.12.212024.12.24
단일판매ㆍ공급계약체결
당사는 계약 상대방과 245억원 규모의주문형 반도체 ASIC 설계 개발 계약을 체결하였습니다.
2024년 12월 24일, 계약 상대방의 개발 중단 요청에 따라계약을 해지 하였으며, 해지 금액은 120억원입니다.
2023.12.21
2024.12.26
단일판매ㆍ공급계약체결
당사는 계약 상대방과 56억원 규모의주문형 반도체 ASIC 설계 개발 계약을 체결하였습니다.
2024년 12월 26일, 계약 기간 변경 계약 (계약기간 종료일 : 2024년 12월 31일 →2025년 06월 10일)을 체결하였으며, 보고서 제출기준일 현재 본 계약을 이행중에 있습니다.
2024.02.13
단일판매ㆍ공급계약체결
당사는 계약 상대방과 556억원 규모의주문형 반도체 ASIC 설계 개발 계약을 체결하였습니다
계약종료일은 2025년 12월 31일이며,보고서 제출기준일 현재 본 계약을 이행중에 있습니다.
2024.08.08
단일판매ㆍ공급계약체결
당사는 주식회사 딥엑스와 72억원 규모의주문형 반도체 ASIC 설계 개발 계약을 체결하였습니다.
계약종료일은 2024년 12월 31일이며,보고서 제출기준일 현재 본 계약을 완료하였습니다.
2. 우발부채 등에 관한 사항
보고서 기준일 현재 해당사항 없습니다.
3. 제재 등과 관련된 사항
보고서 기준일 현재 해당사항 없습니다.
4. 작성기준일 이후 발생한 주요사항 등 기타사항
보고서 기준일 현재 해당사항 없습니다."	"XI. 그 밖에 투자자 보호를 위하여 필요한 사항
1. 공시내용 진행 및 변경사항
가. 단일판매ㆍ공급계약체결 공시현황
1) 진행상황
(기준일 :
2024년 12월 31일
)
(단위 : 백만원)
신고일자
계약상대방
계약내역
계약일
종료일
계약금액총액
판매ㆍ공급금액
대금수령금액
당기
누적
당기
누적
2024.02.13
주1) A사
주문형 반도체 개발
2024.02.08
2025.12.31
59,860
25,274
25,274
17,684
17,684
2024.12.26
주2) B사
주문형 반도체 개발
2023.05.04
2025.06.10
11,827
5,867
11,780
1,971
8,450
2024.12.26
주3) B사
주문형 반도체 개발
2023.12.21
2025.06.10
5,655
2,805
5,633
2,616
4,453
※ 상기 계약금액, 판매ㆍ공급금액, 대금수령금액은 부가가치세를 제외한 금액입니다.※ 상기 계약금액은 외화 금액으로서, 환율 변동 효과에 따라 판매ㆍ공급금액 및 대금수령금액에 차이가 발생할 수 있습니다.주1) 상기 계약금액은 USD 42,000,000이며, 자세한 내용은 2024.02.13 공시한 단일판매ㆍ공급계약 체결 공시를 참고하여 주시기 바랍니다.주2) 상기 계약금액은 USD 8,783,000이며, 자세한 내용은 2024.12.26 공시한 단일판매ㆍ공급계약 체결 공시를 참고하여 주시기 바랍니다.주3 상기 계약금액은 USD 4,280,000이며, 자세한 내용은 2024.12.26 공시한 단일판매ㆍ공급계약 체결 공시를 참고하여 주시기 바랍니다.2) 대금 미수령 사유보고서 제출기준일 현재 당사가 미수령한 금액은 없습니다.3) 향후 추진계획당사는 상기 단일판매ㆍ공급계약을 성실히 이행할 예정이며, 이행 과정에서 추가 비용 등이 발생할 수 있습니다. 당사는 발생하는 추가 비용을 고객사에 청구하고 있으며, 변동되는 계약금액 총액은 정정공시를 통해 진행할 예정입니다.
나. 기타 주요사항 공시현황
당사는 보고서 기준일 현재 해당사항 없습니다.
2. 우발부채 등에 관한 사항
보고서 기준일 현재 해당사항 없습니다.
3. 제재 등과 관련된 사항
보고서 기준일 현재 해당사항 없습니다.
4. 작성기준일 이후 발생한 주요사항 등 기타사항
보고서 기준일 현재 해당사항 없습니다."	ok
20250814003559	삼성제약	예	XI. 1. 가. 단일판매ㆍ공급계약체결	미기재 및 미흡기재	20250319000845	"가. 단일판매ㆍ공급계약체결
신고일자
계약내역
계약금액총액
판매ㆍ공급금액
대금수령금액
당기
누적
당기
누적
2024년 06월 25일
상품공급 계약
33,526,182,085
1,688,104,663
1,688,104,663
1,688,104,663
1,688,104,663
주) 상세내용은 '24.12.24 금융감독원 전자공시시스템(http://dart.fss.or.kr)에 공시된 '단일판매ㆍ공급계약'을 참고하시기 바랍니다."	"가. 단일판매ㆍ공급계약체결
(단위 : 백만원)
신고일자
계약내역
계약금액총액
판매ㆍ공급금액
대금수령금액
대금 미수령사유
향후 추친계획
당기
누적
당기
누적
2024년 06월 25일
- 계약명 : 상품공급 계약- 계약상대방: 제일헬스사이언스 주식회사- 계약기간: 2024-07-01 ~ 2027-12-31- 주요 계약조건 : 연간 예상매출액(상기 계약금액)에 해당하는 최소구매수량 이상을 구매할 것을 보장
33,526
1,688
1,688
1,688
1,688
해당사항 없음
명시된 계약기간 및 주요 계약조건에 따라 계약 이행 예정입니다.계약상대방과 협의 및 업무일정에 맞춰 진행할 예정입니다.
주) 상세내용은 '24.06.25 금융감독원 전자공시시스템(http://dart.fss.or.kr)에 공시된 '단일판매ㆍ공급계약'을 참고하시기 바랍니다."	ok_sub
20250814003550	와이엠티	예	VI. 3. 4) 주주총회의사록요약	금융감독원 2024년 사업보고서 비재무사항 점검 결과 미흡사항 정정	20250321001995	"3. 주주총회 등에 관한 사항
가. 투표제도 현황
(기준일 :
2024년 12월 31일
)
투표제도 종류
집중투표제
서면투표제
전자투표제
도입여부
배제
미도입
도입
실시여부
-
-
미실시
나. 소수주주권
공시서류제출일 기준 소수주주권 행사내역은 다음과 같습니다.
행사자
소수주주권 내용
목적사항 포함여부
거부사유
진행경과
라O열
주주제안권 (2025.02.13)- 감사 추천 (후보자 한영태)
좌측 주주제안 사항을 제26기 정기주주총회 목적사항으로 상정
-
주주제안 행사요건을 충족하였고, 주주제안 결격사유가 존재하지 않으므로, 당사 이사회에서 주주제안을 주주총회 안건으로 상정하기로 결의함 (2025.03.14)
다. 경영권 경쟁
당사는 공시대상기간 중 회사의 경영지배권에 관하여 경쟁이 있었던 사실이 없습니다.
라. 의결권 현황
(기준일 :
2024년 12월 31일
)
(단위 : 주)
구 분
주식의 종류
주식수
비고
발행주식총수(A)
보통주
16,314,464
-
종류주
-
-
의결권없는 주식수(B)
보통주
-
-
종류주
-
-
정관에 의하여 의결권 행사가 배제된 주식수(C)
보통주
-
-
종류주
-
-
기타 법률에 의하여의결권 행사가 제한된 주식수(D)
보통주
-
-
종류주
-
-
의결권이 부활된 주식수(E)
보통주
-
-
종류주
-
-
의결권을 행사할 수 있는 주식수(F = A - B - C - D + E)
보통주
16,314,464
-
종류주
-
-
마. 주식사무
회사 정관상의 신주인수권의 내용과 결산일, 주주명부 폐쇄시기, 명의개서대리인의 명칭, 주주의 특전, 공고방법 등은 다음과 같습니다.
정관상신주인수권내용
제10조【신주인수권】① 주주는 그가 소유한 주식의 수에 비례하여 신주의 배정을 받을 권리를 갖는다.
② 회사는 제1항의 규정에도 불구하고 다음 각 호의 어느 하나에 해당하는 경우 이사회의 결의로 주주 외의 자에게 신주를 배정할 수 있다.
1. 발행주식총수의 100분의 30을 초과하지 않는 범위 내에서 「자본시장과 금융투자업에 관한 법률」제165조의6에 따라 일반공모증자 방식으로 신주를 발행하는 경우
2. 「상법」제542조의3에 따른 주식매수선택권의 행사로 인하여 신주를 발행하는 경우
3. 「중소기업창업지원법 및 벤처기업육성에 관한 특별법」에 의하여 조성된 창업지원 기금의 관리기관이 출자하기 위하여 신주를 발행하는 경우
4. 발행주식총수의 100분의 30을 초과하지 않는 범위 내에서 긴급한 자금조달을 위하여 국내외 금융기관 또는 기관투자자에게 신주를 발행하는 경우
5. 발행주식총수의 100분의 30을 초과하지 않는 범위 내에서 사업상 중요한 기술도입, 연구개발, 생산·판매·자본제휴를 위하여 그 상대방에게 신주를 발행하는 경우
6. 발행하는 주식총수의 100분의 20 범위 내에서 우리사주조합원에게 주식을 우선 배정하는 경우
7. 「근로복지기본법」제39조의 규정에 의한 우리사주매수선택권의 행사로 인하여 신주를 발행하는 경우
8. 주권을 유가증권시장 또는 코스닥시장에 상장하기 위하여 신주를 모집하거나 인수인에게 인수하게 하는 경우
③ 제2항 각 호 중 어느 하나 규정에 의해 신주를 발행 할 경우 발행할 주식의 종류와 수 및 발행가격 등은 이사회 결의로 정한다.
④ 신주인수권의 포기 또는 상실에 따른 주식과 신주배정에서 발생한 단주에 대한 처리방법은 이사회 결의로 정한다.
결산일
12월 31일
주주명부의 폐쇄 및 기준일
제16조【주주명부의 폐쇄 및 기준일】① 회사는 의결권을 행사하거나 배당을 받을 자 기타 주주 또는 질권자로서 권리를 행사할 자를 정하기 위하여 이사회 결의로 일정한 기간을 정하여 주주명부의 기재변경을 정지하거나 일정한 날에 주주명부에 기재된 주주 또는 질권자를 그 권리를 행사할 주주 또는 질권자로 볼 수 있다.
② 회사가 제1항의 기간 또는 날을 정하는 경우 3개월을 경과하지 아니하는 일정한 기간을 정하여 권리에 관한 주주명부의 기재변경을 정지하거나, 3개월내로 정한 날에 주주명부에 기재되어 있는 주주를 그 권리를 행사할 주주로 할 수 있다.
③ 회사가 제1항의 기간 또는 날을 정한 때에는 그 기간 또는 날의 2주전에 이를 공고하여야 한다.
명의개서대리인
하나은행
주주의 특전
해당사항 없음
공고 게재신문
당사 인터넷 홈페이지 (www.ymtechnology.com)(부득이할 경우 서울시에서 발행하는 일간 매일경제신문)
바. 주주총회 의사록 요약
구분
개최일자
의안내용
가결여부
제23기 정기주주총회
2022.03.31
1. 제23기 별도재무제표 및 연결재무제표 및 이익잉여금처분계산서 승인의 건2. 주식매수선택권 부여 승인의 건3. 이사 선임의 건 3-1. 사외이사 한학수 선임의 건 3-2. 사외이사 이홍기 선임의 건 3-3. 사내이사 백성규 선임의 건 3-4. 사내이사 정보묵 선임의 건 3-5. 사내이사 김균록 선임의 건4. 감사 이연규 선임의 건5. 이사 보수한도 승인의 건 - 20억원6. 감사 보수한도 승인의 건 - 1억원
원안대로 가결
제24기 정기주주총회
2023.03.31
1. 제24기 별도재무제표 및 연결재무제표 및 이익잉여금처분계산서 승인의 건2. 정관 일부 변경의 건3. 이사 선임의 건 3-1. 사내이사 전성욱 선임의 건 3-2. 사내이사 전상욱 선임의 건 3-3. 사내이사 손세란 선임의 건4. 주식매수선택권 부여의 건5. 이사 보수한도 승인의 건 - 20억원6. 감사 보수한도 승인의 건 - 1억원
원안대로 가결
제25기 정기주주총회
2024.03.29
1. 제25기 별도재무제표 및 연결재무제표 및 이익잉여금처분계산서 승인의 건2. 주식매수선택권 부여 승인의 건3. 이사 보수한도 승인의 건 - 20억원4. 감사 보수한도 승인의 건 - 1억원
원안대로 가결"	"3. 주주총회 등에 관한 사항
가. 투표제도 현황
(기준일 :
2024년 12월 31일
)
투표제도 종류
집중투표제
서면투표제
전자투표제
도입여부
배제
미도입
도입
실시여부
-
-
미실시
나. 소수주주권
공시서류제출일 기준 소수주주권 행사내역은 다음과 같습니다.
행사자
소수주주권 내용
목적사항 포함여부
거부사유
진행경과
라O열
주주제안권 (2025.02.13)- 감사 추천 (후보자 한영태)
좌측 주주제안 사항을 제26기 정기주주총회 목적사항으로 상정
-
주주제안 행사요건을 충족하였고, 주주제안 결격사유가 존재하지 않으므로, 당사 이사회에서 주주제안을 주주총회 안건으로 상정하기로 결의함 (2025.03.14)
다. 경영권 경쟁
당사는 공시대상기간 중 회사의 경영지배권에 관하여 경쟁이 있었던 사실이 없습니다.
라. 의결권 현황
(기준일 :
2024년 12월 31일
)
(단위 : 주)
구 분
주식의 종류
주식수
비고
발행주식총수(A)
보통주
16,314,464
-
종류주
-
-
의결권없는 주식수(B)
보통주
-
-
종류주
-
-
정관에 의하여 의결권 행사가 배제된 주식수(C)
보통주
-
-
종류주
-
-
기타 법률에 의하여의결권 행사가 제한된 주식수(D)
보통주
-
-
종류주
-
-
의결권이 부활된 주식수(E)
보통주
-
-
종류주
-
-
의결권을 행사할 수 있는 주식수(F = A - B - C - D + E)
보통주
16,314,464
-
종류주
-
-
마. 주식사무
회사 정관상의 신주인수권의 내용과 결산일, 주주명부 폐쇄시기, 명의개서대리인의 명칭, 주주의 특전, 공고방법 등은 다음과 같습니다.
정관상신주인수권내용
제10조【신주인수권】① 주주는 그가 소유한 주식의 수에 비례하여 신주의 배정을 받을 권리를 갖는다.
② 회사는 제1항의 규정에도 불구하고 다음 각 호의 어느 하나에 해당하는 경우 이사회의 결의로 주주 외의 자에게 신주를 배정할 수 있다.
1. 발행주식총수의 100분의 30을 초과하지 않는 범위 내에서 「자본시장과 금융투자업에 관한 법률」제165조의6에 따라 일반공모증자 방식으로 신주를 발행하는 경우
2. 「상법」제542조의3에 따른 주식매수선택권의 행사로 인하여 신주를 발행하는 경우
3. 「중소기업창업지원법 및 벤처기업육성에 관한 특별법」에 의하여 조성된 창업지원 기금의 관리기관이 출자하기 위하여 신주를 발행하는 경우
4. 발행주식총수의 100분의 30을 초과하지 않는 범위 내에서 긴급한 자금조달을 위하여 국내외 금융기관 또는 기관투자자에게 신주를 발행하는 경우
5. 발행주식총수의 100분의 30을 초과하지 않는 범위 내에서 사업상 중요한 기술도입, 연구개발, 생산·판매·자본제휴를 위하여 그 상대방에게 신주를 발행하는 경우
6. 발행하는 주식총수의 100분의 20 범위 내에서 우리사주조합원에게 주식을 우선 배정하는 경우
7. 「근로복지기본법」제39조의 규정에 의한 우리사주매수선택권의 행사로 인하여 신주를 발행하는 경우
8. 주권을 유가증권시장 또는 코스닥시장에 상장하기 위하여 신주를 모집하거나 인수인에게 인수하게 하는 경우
③ 제2항 각 호 중 어느 하나 규정에 의해 신주를 발행 할 경우 발행할 주식의 종류와 수 및 발행가격 등은 이사회 결의로 정한다.
④ 신주인수권의 포기 또는 상실에 따른 주식과 신주배정에서 발생한 단주에 대한 처리방법은 이사회 결의로 정한다.
결산일
12월 31일
주주명부의 폐쇄 및 기준일
제16조【주주명부의 폐쇄 및 기준일】① 회사는 의결권을 행사하거나 배당을 받을 자 기타 주주 또는 질권자로서 권리를 행사할 자를 정하기 위하여 이사회 결의로 일정한 기간을 정하여 주주명부의 기재변경을 정지하거나 일정한 날에 주주명부에 기재된 주주 또는 질권자를 그 권리를 행사할 주주 또는 질권자로 볼 수 있다.
② 회사가 제1항의 기간 또는 날을 정하는 경우 3개월을 경과하지 아니하는 일정한 기간을 정하여 권리에 관한 주주명부의 기재변경을 정지하거나, 3개월내로 정한 날에 주주명부에 기재되어 있는 주주를 그 권리를 행사할 주주로 할 수 있다.
③ 회사가 제1항의 기간 또는 날을 정한 때에는 그 기간 또는 날의 2주전에 이를 공고하여야 한다.
명의개서대리인
하나은행
주주의 특전
해당사항 없음
공고 게재신문
당사 인터넷 홈페이지 (www.ymtechnology.com)(부득이할 경우 서울시에서 발행하는 일간 매일경제신문)
바. 주주총회 의사록 요약
주총일자
안 건
결의내용
주요 논의내용
제23기정기주주총회(2022.03.31)
제1호 의안: 제23기 별도재무제표 및 연결재무제표 및이익잉여금처분계산서 승인의 건
원안대로 가결
-
제2호 의안: 주식매수선택권 부여 승인의 건
원안대로 가결
-
제3호 의안: 이사 선임의 건
원안대로 가결- 사외이사 : 한학수, 이홍기- 사내이사 : 백성규, 정보묵, 김균록
- 사외이사 자격요건 적정
제4호 의안: 감사 선임의 건
원안대로 가결- 감사 : 이연규
-
제5호 의안: 이사 보수한도 승인의 건
원안대로 가결 - 제24기 보수한도액을 20억원으로 결정
-
제6호 의안: 감사 보수한도 승인의 건
원안대로 가결 - 제24기 보수한도액을 1억원으로 결정
-
제24기정기주주총회(2023.03.31)
제1호 의안: 제24기 별도재무제표 및 연결재무제표 및이익잉여금처분계산서 승인의 건
원안대로 가결
-
제2호 의안: 정관 일부 변경의 건
원안대로 가결
- 정관 변경 : 사채발행 한도 상향- 논의 내용 : 일부 주주들이 반대 의견을 개진함에 따라 경영진들은 그 당위성에 대하여 설명하였고, 표결 결과 일부 주주들이 반대 표결하였음
제3호 의안: 이사 선임의 건
원안대로 가결- 사내이사 : 전성욱, 전상욱, 손세란
-
제4호 의안: 주식매수선택권 부여의 건
원안대로 가결
-
제5호 의안: 이사 보수한도 승인의 건
원안대로 가결 - 제25기 보수한도액을 20억원으로 결정
-
제6호 의안: 감사 보수한도 승인의 건
원안대로 가결 - 제25기 보수한도액을 1억원으로 결정
-
제25기정기주주총회(2024.03.29)
제1호 의안: 제25기 별도재무제표 및 연결재무제표 및이익잉여금처분계산서 승인의 건
원안대로 가결
-
제2호 의안: 주식매수선택권 부여 승인의 건
원안대로 가결
-
제3호 의안: 이사 보수한도 승인의 건
원안대로 가결 - 제26기 보수한도액을 20억원으로 결정
-
제4호 의안: 감사 보수한도 승인의 건
원안대로 가결 - 제26기 보수한도액을 1억원으로 결정
-"	ok
20250814003527	엑세스바이오	예	VI. 3. 나. 소수주주권 및 경영권 경쟁	기재미흡사항 보완	20250318000428	"나. 소수주주권 및 경영권 경쟁
날짜
행사자
내용
진행결과
관련공시
2023년 5월 04일
박외성 외 3명
주주명부 열람 및 등사
기각
23. 05. 04 소송등의제기ㆍ신청(경영권분쟁소송)23. 06.14[정정]소송등의제기ㆍ신청(경영권분쟁소송)23. 08. 02 소송등의판결ㆍ결정
2023년 5월 25일
박외성 외 40명
주주총회 소집허가
기각
23. 06. 05 소송등의제기ㆍ신청(경영권분쟁소송)23. 08. 02 소송등의판결ㆍ결정"	"나. 소수주주권 및 경영권 경쟁
1) 소수주주권 행사내역
행사자
소수주주권 내용
행사목적
진행경과
박○○외 29명
주주명부 열람 및 등사 청구권
주주명부 열람
- 2023.02.14 박○○ 외 29명, 주주명부 열람등사 청구- 2023.02.28 회사, 주주명부 열람등사 거부 통지- 2023.04.21 박○○ 외 3명, 주주명부열람 및 등사(2023카합 20171) 가처분신청- 2023.06.14 박○○ 외 3명, 주주명부열람 및 등사(2023카합 20171) 신청취지 변경- 2023.08.01 서울남부지방법원, 주주명부열람 및 등사(2023카합 20171) 기각 결정
박○○외 40명
주주총회 소집청구권주주제안권
임시주주총회 소집 및 의안 상정
- 2023.02.14 박○○외 29명 주주제안 청구- 2023.02.28 회사, 주주제안 거부 통지- 2023.05.25 박○○외 40명, 임시주주총회 소집허가(2023비합 100087) 신청- 2023.08.01 서울남부지방법원, 주주총회 소집허가(2023비합 100087) 기각 결정
- 주주제안권 세부내역
행사자
안건
목적사항포함여부
거부사유
진행경과
박○○외 40명
임시의장(박○○) 선임
제1호 의안 : 감사 해임 및 신규감사 1인 선임의 건
- 신규감사 후보 : 박
○○
제2호 의안 : 자사주 매입 및 소각의 건
제2-1호 의안 : 자사주 매입 및 소각의 건
제2-2호 의안 : 기 보유 자사주 소각의 건
제3호 의안 : 기 매입 전환사채(5회차) 및 유통 사채 매입 소각의 건
제3-1호 의안 : 미상환 전환사채 매입 및 소각의 건
제3-2호 의안 : 기 매입 전환사채(제5회차) 소각의 건
제4호 의안 : 현금배당의 건(1주당 USD 0.67)
제5호 의안 : 이사보수한도 승인의 건
아니오
KDR 소유자는 한국예탁결제원과 체결한예탁계약서에 의거 의결권 이외 직접 주주로서의 권리행사 불가
- 2023.02.14 박○○외 29명 주주제안 청구- 2023.02.28 회사, 주주제안 거부 통지- 2023.05.25 박○○외 40명, 임시주주총회 소집허가(2023비합 100087) 신청- 2023.08.01 서울남부지방법원, 주주총회 소집허가(2023비합 100087) 기각 결정
2) 경영권 경쟁- 소송 등의 제기ㆍ신청
사건의 명칭 및 사건번호
소송 당사자
진행경과
진행결과
주주명부 열람 및 등사(2023카합 20171)
박○○외 3명
- 2023.04.21 박○○ 외 3명, 주주명부열람 및 등사(2023카합 20171) 가처분신청- 2023.06.14 박○○ 외 3명, 주주명부열람 및 등사(2023카합 20171) 신청취지 변경- 2023.08.01 서울남부지방법원, 주주명부열람 및 등사(2023카합 20171) 기각 결정
기각
주주총회 소집허가(2023비합 100087)
박○○외 40명
- 2023.05.25 박○○외 40명, 임시주주총회 소집허가(2023비합 100087) 신청- 2023.08.01 서울남부지방법원, 주주총회 소집허가(2023비합 100087) 기각 결정
기각"	ok_sub
20250814003527	엑세스바이오	예	VI. 3. 마. 주주총회의사록 요약	미기재사항 보완	20250318000428	"마. 주주총회의사록 요약
(기준일 :
2024년 12월 31일
)
종류
안건
결의내용
주요 논의내용
제20기 정기주주총회(2022.03.30)
제 1호 의안 제 20기(2021.01.01~2021.12.31) 재무제표 승인의 건 (연결 포함)제 2호 의안 이사 선임 결정의 건 제 2-1호 의안 사내이사 한의상 재선임 결정의 건 제 2-2호 의안 사외이사 정성오 재선임 결정의 건제 3호 의안 감사 이재연 신규 선임 결정의 건제 4호 의안 이사보수한도액 결정의 건제 5호 의안 감사보수한도액 결정의 건
- 원안대로 승인
- 원안대로 승인- 원안대로 승인
- 원안대로 승인- 원안대로 승인- 원안대로 승인
- 제20기 사업연도 영업 성과 설명 및 질의응답- 이사 선임 추천사유 설명 및 질의응답- 이사 보수 한도액 설정 사유 설명 및 질의 응답
제21기 정기주주총회(2023.03.28)
제 1호 의안: 제 21기(2022.01.01~2022.12.31) 재무제표 승인의 건- 현금배당 1주당 USD 0.67제 2호 의안: 정관 일부 변경의 건제 3호 의안: 이사 선임의 결정의 건 제 3-1호. 사내이사 박희덕 신규선임의 건 제 3-2호. 사외이사 정진수 재선임의 건제 4호 의안: 이사 보수한도액 결정의 건제 5호 의안: 감사 보수한도액 결정의 건
- 원안대로 승인- 원안대로 승인- 원안대로 승인- 원한대로 승인- 원안대로 승인- 원안대로 승인
- 제21기 사업연도 영업 성과 설명 및 질의응답- 이사 선임 추천사유 설명 및 질의응답- 정관 변경 사유 설명 및 질의응답
제22기 정기주주총회(2024.03.26)
제 1호 의안: 제 22기(2023.01.01~2023.12.31) 재무제표및 연결재무제표 승인의 건
제 2호 의안: 이사 선임의 결정의 건
제 2-1호. 사내이사 최영호 재선임의 건
제 2-2호. 사내이사 이근형 재선임의 건
제 3호 의안: 이사 보수한도 승인의 건
제 4호 의안: 감사 보수한도 승인의 건
- 원안대로 승인- 원안대로 승인- 원안대로 승인- 원안대로 승인- 원안대로 승인
- 제22기 사업연도 영업 성과 설명 및 질의응답- 이사 선임 추천사유 설명 및 질의응답"	"마. 주주총회의사록 요약
(기준일 :
2024년 12월 31일
)
종류
안건
결의내용
주요 논의내용
제20기정기주주총회(2022.03.30)
제 1호 의안 제 20기(2021.01.01~2021.12.31) 재무제표 승인의 건 (연결 포함)
원안대로 가결
제20기 사업연도 영업 성과 설명(코로나 진단 시장 현황 및 매출/수익 증가 사유 등)후 의안 가결
제 2호 의안 이사 선임 결정의 건 제 2-1호 의안 사내이사 한의상 재선임 결정의 건 제 2-2호 의안 사외이사 정성오 재선임 결정의 건
원안대로 가결
후보자들의 주된 이력과 약력 등을 소개 후 의안 가결
제 3호 의안 감사 이재연 신규 선임 결정의 건
원안대로 가결
감사 중도 사임에 따른 신규 감사 선임 이유와 32년간 한국과 미국의 금융기관 근무 경력과 식견을 바탕으로 재무 및 제반 경영활동에 대한 감사로서의 자격 논의 후 의안 가결
제 4호 의안 이사보수한도액 결정의 건
원안대로 가결
제20기 이사 보수 집행내역 발표 및 제21기 이사보수한도액이 전년도와 동일함을 설명 후 의안 가결
제 5호 의안 감사보수한도액 결정의 건
원안대로 가결
제20기 감사 보수 집행내역 발표 및 제21기 감사 보수한도액이 전년도와 동일함을 설명 후 의안 가결
제21기정기주주총회(2023.03.28)
제 1호 의안: 제 21기(2022.01.01~2022.12.31) 재무제표 승인의 건- 현금배당 1주당 USD 0.67
원안대로 가결
배당가능 이익을 근거로 금기 당기순이익의 9.8%를 배당하기로 결정하고, 향후에도 수익위주의 경영에 힘쓸 것을 설명
후 의안 가결
제 2호 의안: 정관 일부 변경의 건
원안대로 가결
이사의 이름 삭제 및 이사 임기 규정 개정에 대한 정관 변경 내용을 설명 후 의안 가결
제 3호 의안: 이사 선임의 결정의 건 제 3-1호. 사내이사 박희덕 신규선임의 건 제 3-2호. 사외이사 정진수 재선임의 건
원안대로 가결
후보자들의 주된 직업과 약력 설명 후 의안 가결
제 4호 의안: 이사 보수한도액 결정의 건
원안대로 가결
제21기 이사 보수 집행내역 발표 및 제22기 이사 보수한도액이 전년도와 동일함을 설명 후 의안 가결
제 5호 의안: 감사 보수한도액 결정의 건
원안대로 가결
제21기 감사 보수 집행내역 발표 및 제22기 감사 보수한도액이 전년도와 동일함을 설명 후 의안 가결
제22기정기주주총회(2024.03.26)
제 1호 의안: 제 22기(2023.01.01~2023.12.31) 재무제표및 연결재무제표 승인의 건
원안대로 가결
코로나 엔데믹 영향으로 코로나 진단수요가 감소하였으나 미국방부와 보건복지부로부터의 대형 수주를 획득하며 4년 연속 영업이익흑자를 기록한 재무성과 설명 후 의안 가결
제 2호 의안: 이사 선임의 결정의 건 제 2-1호. 사내이사 최영호 재선임의 건 제 2-2호. 사내이사 이근형 재선임의 건
원안대로 가결
후보자들의 주된 직업과 약력 설명 후 의안 가결
제 3호 의안: 이사 보수한도 승인의 건
원안대로 가결
제22기 이사 보수 집행내역 발표 및 제23기 이사 보수한도액이 전년도와 동일함을 설명 후 의안 가결
제 4호 의안: 감사 보수한도 승인의 건
원안대로 가결
제22기 감사 보수 집행내역 발표 및 제23기 감사 보수한도액이 전년도와 동일함을 설명 후 의안 가결"	ok_sub
20250814003498	전진바이오팜	예	VI. 3. 바. 주주총회 의사록 요약	미흡기재	20250311001175	"바. 주주총회 의사록 요약
(기준일 : 2024년 12월 31일)
개최일자
구분
안 건
가결여부
2024.06.14
임시
제1호 의안 : 정관일부 변경의 건제2호 의안 : 이사 선임의 건 제2-1호 의안 : 사내이사 이승기 선임의 건(신규선임) 제2-2호 의안 : 사내이사 이동욱 선임의 건(신규선임) 제2-3호 의안 : 사내이사 백광열 선임의 건(신규선임) 제2-4호 의안 : 사내이사 김기태 선임의 건(신규선임) 제2-5호 의안 : 사외이사 이경선 선임의 건(신규선임) 제2-6호 의안 : 사외이사 김철순 선임의 건(신규선임) 제2-7호 의안 : 사외이사 최주용 선임의 건(신규선임)
부결
2024.06.10
임시
제1호 의안 : 정관일부 변경의 건제2호 의안 : 이사 선임의 건 제2-1호 의안 : 사내이사 이승기 선임의 건(신규선임) 제2-2호 의안 : 사내이사 이동욱 선임의 건(신규선임) 제2-3호 의안 : 사내이사 백광열 선임의 건(신규선임) 제2-4호 의안 : 사내이사 김기태 선임의 건(신규선임) 제2-5호 의안 : 사외이사 이경선 선임의 건(신규선임) 제2-6호 의안 : 사외이사 김철순 선임의 건(신규선임) 제2-7호 의안 : 사외이사 최주용 선임의 건(신규선임)
연회
2024.05.31
임시
제1호 의안 : 정관일부 변경의 건제2호 의안 : 이사 선임의 건 제2-1호 의안 : 사내이사 이승기 선임의 건(신규선임) 제2-2호 의안 : 사내이사 이동욱 선임의 건(신규선임) 제2-3호 의안 : 사내이사 백광열 선임의 건(신규선임) 제2-4호 의안 : 사내이사 김기태 선임의 건(신규선임) 제2-5호 의안 : 사외이사 이경선 선임의 건(신규선임) 제2-6호 의안 : 사외이사 김철순 선임의 건(신규선임) 제2-7호 의안 : 사외이사 최주용 선임의 건(신규선임)
연회
2024.05.10
임시
제1호 의안 : 정관일부 변경의 건제2호 의안 : 이사 선임의 건 제2-1호 의안 : 사내이사 이승기 선임의 건(신규선임) 제2-2호 의안 : 사내이사 이동욱 선임의 건(신규선임) 제2-3호 의안 : 사내이사 백광열 선임의 건(신규선임) 제2-4호 의안 : 사내이사 김기태 선임의 건(신규선임) 제2-5호 의안 : 사외이사 이경선 선임의 건(신규선임) 제2-6호 의안 : 사외이사 김철순 선임의 건(신규선임) 제2-7호 의안 : 사외이사 최주용 선임의 건(신규선임)
연회
2024.04.19
임시
제1호 의안 : 정관일부 변경의 건제2호 의안 : 이사 선임의 건 제2-1호 의안 : 사내이사 이승기 선임의 건(신규선임) 제2-2호 의안 : 사내이사 이동욱 선임의 건(신규선임) 제2-3호 의안 : 사내이사 백광열 선임의 건(신규선임) 제2-4호 의안 : 사내이사 김기태 선임의 건(신규선임) 제2-5호 의안 : 사외이사 이경선 선임의 건(신규선임) 제2-6호 의안 : 사외이사 김철순 선임의 건(신규선임) 제2-7호 의안 : 사외이사 최주용 선임의 건(신규선임)
연회
2024.04.05
임시
제1호 의안 : 정관일부 변경의 건제2호 의안 : 이사 선임의 건 제2-1호 의안 : 사내이사 이승기 선임의 건(신규선임) 제2-2호 의안 : 사내이사 이동욱 선임의 건(신규선임) 제2-3호 의안 : 사내이사 백광열 선임의 건(신규선임) 제2-4호 의안 : 사내이사 김기태 선임의 건(신규선임) 제2-5호 의안 : 사외이사 이경선 선임의 건(신규선임) 제2-6호 의안 : 사외이사 김철순 선임의 건(신규선임) 제2-7호 의안 : 사외이사 최주용 선임의 건(신규선임)
연회
2024.03.29
정기
제1호 의안 : 제20기 재무제표 승인의 건제2호 의안 : 이사 보수한도 승인의 건제3호 의안 : 감사 보수한도 승인의 건제5호 의안 : 이사 선임의 건 제5-1호 의안 : 사외이사 이일규 선임의 건 제5-2호 의안 : 사외이사 정대규 선임의 건 제5-3호 의안 : 사내이사 우상현 선임의 건 제5-4호 의안 : 사내이사 성정제 선임의 건 제5-5호 의안 : 사내이사 장혜경 선임의 건
원안대로 가결
제4호 의안 : 정관일부 변경의 건 제5호 의안 : 이사 선임의 건 제5-6호 의안 : 사외이사 류재철 선임의 건 제5-7호 의안 : 사외이사 백광열 선임의 건 제5-8호 의안 : 사내이사 천형준 선임의 건 제5-9호 의안 : 사내이사 정상룡 선임의 건 제5-10호 의안 : 사내이사 최덕환 선임의 건 제5-11호 의안 : 사내이사 김기현 선임의 건 제5-12호 의안 : 사내이사 김철순 선임의 건 제5-13호 의안 : 사내이사 김기태 선임의 건
부결
2024.02.15
임시
제1호 의안 : 정관일부 변경의 건제2호 의안 : 이사 선임의 건 제2-1호 의안 : 사내이사 이승기 선임의 건(신규선임) 제2-2호 의안 : 사내이사 이동욱 선임의 건(신규선임) 제2-3호 의안 : 사내이사 백광열 선임의 건(신규선임) 제2-4호 의안 : 사내이사 김기태 선임의 건(신규선임) 제2-5호 의안 : 사외이사 이경선 선임의 건(신규선임) 제2-6호 의안 : 사외이사 김철순 선임의 건(신규선임) 제2-7호 의안 : 사외이사 최주용 선임의 건(신규선임)
연회
2024.01.31
임시
제1호 의안 : 정관일부 변경의 건제2호 의안 : 이사 선임의 건 제2-1호 의안 : 사내이사 이승기 선임의 건(신규선임) 제2-2호 의안 : 사내이사 이동욱 선임의 건(신규선임) 제2-3호 의안 : 사내이사 백광열 선임의 건(신규선임) 제2-4호 의안 : 사내이사 김기태 선임의 건(신규선임) 제2-5호 의안 : 사외이사 이경선 선임의 건(신규선임) 제2-6호 의안 : 사외이사 김철순 선임의 건(신규선임) 제2-7호 의안 : 사외이사 최주용 선임의 건(신규선임)
연회
2023.09.27
임시
제1호 의안 : 정관일부 변경의 건
원안대로 가결
2023.03.29
정기
제1호의안 : 제19기 재무제표 승인의 건제2호의안 : 이사 보수한도 승인의 건제3호의안 : 감사 보수한도 승인의 건제4호의안 : 정관일부 변경의 건제5호의안 : 감사 전용탁 선임의 건(재선임)
원안대로 가결
2022.03.22.
정기
제1호의안 :
제18기 재무제표 승인의 건
제2호의안 :
이사 보수한도 승인의 건
제3호의안 :
감사 보수한도 승인의 건제4호의안 : 정관일부 변경의 건제5호의안 : 이사선임의 건 제5-1호 의안 : 사내이사 이태훈 선임의 건(재선임) 제5-2호 의안 : 사내이사 최원식 선임의 건(재선임)
원안대로 가결
주) 상기 안건은 보고안건을 제외한 부의안건임"	"바. 주주총회 의사록 요약
(기준일 : 2024년 12월 31일)
개최일자
구분
안 건
결의내용
주요 논의내용
2024.06.14
임시
제1호 의안 : 정관일부 변경의 건제2호 의안 : 이사 선임의 건 제2-1호 의안 : 사내이사 이승기 선임의 건(신규선임) 제2-2호 의안 : 사내이사 이동욱 선임의 건(신규선임) 제2-3호 의안 : 사내이사 백광열 선임의 건(신규선임) 제2-4호 의안 : 사내이사 김기태 선임의 건(신규선임) 제2-5호 의안 : 사외이사 이경선 선임의 건(신규선임) 제2-6호 의안 : 사외이사 김철순 선임의 건(신규선임) 제2-7호 의안 : 사외이사 최주용 선임의 건(신규선임)
부결
표결결과 부결
2024.06.10
임시
제1호 의안 : 정관일부 변경의 건제2호 의안 : 이사 선임의 건 제2-1호 의안 : 사내이사 이승기 선임의 건(신규선임) 제2-2호 의안 : 사내이사 이동욱 선임의 건(신규선임) 제2-3호 의안 : 사내이사 백광열 선임의 건(신규선임) 제2-4호 의안 : 사내이사 김기태 선임의 건(신규선임) 제2-5호 의안 : 사외이사 이경선 선임의 건(신규선임) 제2-6호 의안 : 사외이사 김철순 선임의 건(신규선임) 제2-7호 의안 : 사외이사 최주용 선임의 건(신규선임)
연회
연회
2024.05.31
임시
제1호 의안 : 정관일부 변경의 건제2호 의안 : 이사 선임의 건 제2-1호 의안 : 사내이사 이승기 선임의 건(신규선임) 제2-2호 의안 : 사내이사 이동욱 선임의 건(신규선임) 제2-3호 의안 : 사내이사 백광열 선임의 건(신규선임) 제2-4호 의안 : 사내이사 김기태 선임의 건(신규선임) 제2-5호 의안 : 사외이사 이경선 선임의 건(신규선임) 제2-6호 의안 : 사외이사 김철순 선임의 건(신규선임) 제2-7호 의안 : 사외이사 최주용 선임의 건(신규선임)
연회
연회
2024.05.10
임시
제1호 의안 : 정관일부 변경의 건제2호 의안 : 이사 선임의 건 제2-1호 의안 : 사내이사 이승기 선임의 건(신규선임) 제2-2호 의안 : 사내이사 이동욱 선임의 건(신규선임) 제2-3호 의안 : 사내이사 백광열 선임의 건(신규선임) 제2-4호 의안 : 사내이사 김기태 선임의 건(신규선임) 제2-5호 의안 : 사외이사 이경선 선임의 건(신규선임) 제2-6호 의안 : 사외이사 김철순 선임의 건(신규선임) 제2-7호 의안 : 사외이사 최주용 선임의 건(신규선임)
연회
연회
2024.04.19
임시
제1호 의안 : 정관일부 변경의 건제2호 의안 : 이사 선임의 건 제2-1호 의안 : 사내이사 이승기 선임의 건(신규선임) 제2-2호 의안 : 사내이사 이동욱 선임의 건(신규선임) 제2-3호 의안 : 사내이사 백광열 선임의 건(신규선임) 제2-4호 의안 : 사내이사 김기태 선임의 건(신규선임) 제2-5호 의안 : 사외이사 이경선 선임의 건(신규선임) 제2-6호 의안 : 사외이사 김철순 선임의 건(신규선임) 제2-7호 의안 : 사외이사 최주용 선임의 건(신규선임)
연회
연회
2024.04.05
임시
제1호 의안 : 정관일부 변경의 건제2호 의안 : 이사 선임의 건 제2-1호 의안 : 사내이사 이승기 선임의 건(신규선임) 제2-2호 의안 : 사내이사 이동욱 선임의 건(신규선임) 제2-3호 의안 : 사내이사 백광열 선임의 건(신규선임) 제2-4호 의안 : 사내이사 김기태 선임의 건(신규선임) 제2-5호 의안 : 사외이사 이경선 선임의 건(신규선임) 제2-6호 의안 : 사외이사 김철순 선임의 건(신규선임) 제2-7호 의안 : 사외이사 최주용 선임의 건(신규선임)
연회
연회
2024.03.29
정기
제1호 의안 : 제20기 재무제표 승인의 건제2호 의안 : 이사 보수한도 승인의 건제3호 의안 : 감사 보수한도 승인의 건제5호 의안 : 이사 선임의 건 제5-1호 의안 : 사외이사 이일규 선임의 건 제5-2호 의안 : 사외이사 정대규 선임의 건 제5-3호 의안 : 사내이사 우상현 선임의 건 제5-4호 의안 : 사내이사 성정제 선임의 건 제5-5호 의안 : 사내이사 장혜경 선임의 건
원안대로 가결
제1호 의안 20기 영업성과 관련 설명, 주주가치 제고 방안 질의응답,사업경쟁력 관련 질의응답
제2호 의안이사보수 한도 검토 절차 및 구성내역 설명
제3호 의안감사보수 한도 검토 절차 및 구성내역 설명
제5호 의안이사후보자별 전문성 및 이사회 추천사유 설명
제4호 의안 : 정관일부 변경의 건 제5호 의안 : 이사 선임의 건 제5-6호 의안 : 사외이사 류재철 선임의 건 제5-7호 의안 : 사외이사 백광열 선임의 건 제5-8호 의안 : 사내이사 천형준 선임의 건 제5-9호 의안 : 사내이사 정상룡 선임의 건 제5-10호 의안 : 사내이사 최덕환 선임의 건 제5-11호 의안 : 사내이사 김기현 선임의 건 제5-12호 의안 : 사내이사 김철순 선임의 건 제5-13호 의안 : 사내이사 김기태 선임의 건
부결
표결결과 부결
2024.02.15
임시
제1호 의안 : 정관일부 변경의 건제2호 의안 : 이사 선임의 건 제2-1호 의안 : 사내이사 이승기 선임의 건(신규선임) 제2-2호 의안 : 사내이사 이동욱 선임의 건(신규선임) 제2-3호 의안 : 사내이사 백광열 선임의 건(신규선임) 제2-4호 의안 : 사내이사 김기태 선임의 건(신규선임) 제2-5호 의안 : 사외이사 이경선 선임의 건(신규선임) 제2-6호 의안 : 사외이사 김철순 선임의 건(신규선임) 제2-7호 의안 : 사외이사 최주용 선임의 건(신규선임)
연회
연회
2024.01.31
임시
제1호 의안 : 정관일부 변경의 건제2호 의안 : 이사 선임의 건 제2-1호 의안 : 사내이사 이승기 선임의 건(신규선임) 제2-2호 의안 : 사내이사 이동욱 선임의 건(신규선임) 제2-3호 의안 : 사내이사 백광열 선임의 건(신규선임) 제2-4호 의안 : 사내이사 김기태 선임의 건(신규선임) 제2-5호 의안 : 사외이사 이경선 선임의 건(신규선임) 제2-6호 의안 : 사외이사 김철순 선임의 건(신규선임) 제2-7호 의안 : 사외이사 최주용 선임의 건(신규선임)
연회
연회
2023.09.27
임시
제1호 의안 : 정관일부 변경의 건
원안대로 가결
정관변경 배경 및 내용 설명
2023.03.29
정기
제1호의안 : 제19기 재무제표 승인의 건제2호의안 : 이사 보수한도 승인의 건제3호의안 : 감사 보수한도 승인의 건제4호의안 : 정관일부 변경의 건제5호의안 : 감사 전용탁 선임의 건(재선임)
원안대로 가결
제1호 의안 19기 영업성과 관련 설명, 주주가치 제고 방안 질의응답,사업경쟁력 관련 질의응답
제2호 의안이사보수 한도 검토 절차 및 구성내역 설명
제3호 의안감사보수 한도 검토 절차 및 구성내역 설명
제4호 의안정관변경 배경 및 내용설명
제5호 의안감사후보자의 전문성 및 이사회 추천사유 설명
2022.03.22.
정기
제1호의안 : 제18기 재무제표 승인의 건제2호의안 : 이사 보수한도 승인의 건제3호의안 : 감사 보수한도 승인의 건제4호의안 : 정관일부 변경의 건제5호의안 : 이사선임의 건 제5-1호 의안 : 사내이사 이태훈 선임의 건(재선임) 제5-2호 의안 : 사내이사 최원식 선임의 건(재선임)
원안대로 가결
제1호 의안 18기 영업성과 관련 설명, 주주가치 제고 방안 질의응답,사업경쟁력 관련 질의응답
제2호 의안이사보수 한도 검토 절차 및 구성내역 설명
제3호 의안감사보수 한도 검토 절차 및 구성내역 설명
제4호 의안정관변경 배경 및 내용설명
제5호 의안이사후보자별 전문성 및 이사회 추천사유 설명
주) 상기 안건은 보고안건을 제외한 부의안건임"	ok_sub
20250814003452	한국비엔씨	예	XI. 1. 나. 단일판매ㆍ공급계약체결 공시 진행상황	향후 추진계획 미기재	20250321001678	"나. 단일판매ㆍ공급계약체결 공시 진행상황
(단위 : 천원)
신고일자
계약내역
계약금액총액
판매ㆍ공급금액
대금수령금액
당기
누적
당기
누적
2024.01.02
계약명 : 메조테라피(Meso therapy)등 6개 품목 위탁생산공급계약계약상대방 : ABG LAB LLC계약기간 : 2024.01.01~2026.12.31
10,154,025
4,096,341
4,096,341
3,345,657
3,345,657
주) 상기 계약내역은 주문자 위탁생산(OEM)으로 유통망을 구축하고 있는 ABG LAB LLC 에서 제품을 제조하도록 위탁하여 주문자의 브랜드로 판매하는 방식으로, 대금수령은 계약상대방에게서 구매 주문서를 통한 구매 주문시 10%, 제품출하시 40%, 제품출하 90일 후에 50%를 T/T 로 거래합니다."	"나. 단일판매ㆍ공급계약체결 공시 진행상황
(단위 : 천원)
신고일자
계약내역
계약금액총액
판매ㆍ공급금액
대금수령금액
당기
누적
당기
누적
2024.01.02
계약명 : 메조테라피(Meso therapy)등 6개 품목 위탁생산공급계약계약상대방 : ABG LAB LLC계약기간 : 2024.01.01~2026.12.31
10,154,025
4,096,341
4,096,341
3,345,657
3,345,657
- 상기 계약내역은 주문자 위탁생산(OEM)으로 유통망을 구축하고 있는 ABG LAB LLC 에서 제품을 제조하도록 위탁하여 주문자의 브랜드로 판매하는 방식으로, 대금수령은 계약상대방에게서 구매 주문서를 통한 구매 주문시 10%, 제품출하시 40%, 제품출하 90일 후에 50%를 T/T 로 거래합니다.- 본 보고서 작성기준일 현재 향후 추진계획으로 상기 계약내역의 판매ㆍ공급 후 잔액에 대하여 계약기간 동안 이행하는데에 차질이 없으며, 대금수령 또한 구매 주문시 10%, 제품출하시 40%, 제품출하 90일 후에 50%를 T/T 거래로 계약상대방과 대금수령에도 일정에 맞춰 진행할 예정입니다. 또한 상기 계약내역과 관련하여 변동사항이 발생할 경우 관련법령 및 규정에 따라 단일판매ㆍ공급계약체결 공시의 정정 또는 변경 공시 등을 통해 안내할 예정입니다."	ok_sub
20250814003429	뉴로메카	여	XI. 4. 사. 단일판매ㆍ공급계약체결 공시 진행상황	내용 보완	20250320000955	"4. 작성기준일 이후 발생한 주요사항 등 기타사항
가. 작성기준일 이후 발생한 주요사항
- 전환사채 전환 청구: 1회차 전환사채 400억원 중 102.1억원에 대한 전환청구가 진행되어 상장 절차가 완료됨- 유상증자 진행: 제3자 배정 방식으로 유상증자가 결정된 후, 50억원의 납입이 완료되었으며, 신주 상장은 4월 중에 완료될 예정
나. 중소기업기준 검토표
중소기업기준검토표1.jpg
중소기업기준검토표1
중소기업기준검토표2.jpg
중소기업기준검토표2
다. 외국지주회사의 자회사 현황
-. 해당사항이 없습니다.
라. 합병 등의 사후정보
1) 자산 양수
(1) 중요한 자산양수도 거래상대방
상호
대표이사
주소
대도도금
정광수, 정광미
서울시 성동구 상원12길 35 (성수동1가)
(2) 주요 계약내용
주요일정
계약 내용
2023.04.05: 이사회 결의일, 계약체결일2023.07.05 : 잔금지급일, 양수기준일2023.07.05 : 등기일
양수자산 : 서울특별시 성동구 성수동1가 13-18 (토지 : 442.9㎡, 건물 : 1,945.7㎡)양수목적 : 연구 및 업무공간 확충을 위한 매입
(3) 합병등 전후의 재무사항 비교표
(단위 : 원)
대상회사
계정과목
예측
실적
비고
1차연도
2차연도
1차연도
2차연도
실적
괴리율
실적
괴리율
대도도금
매출액
0
0
0
0
0
0
-
영업이익
0
0
0
0
0
0
-
당기순이익
0
0
0
0
0
0
-
마. 보호예수 현황
주주명
주식의 종류
예수주식수
보호예수기간
보호예수사유
박종훈
보통주
2,200,000
2022년 11월 04일 ~ 2025년 11월 03일
최대주주
바. 특례상장기업의 사후정보
1) 특례상장기업의 재무사항 비교표 (단위 : 백만원)
추정대상
계정과목
예측치
실적치
괴리율
2022년
매출액
12,940
9,754
-24.4%
영업이익
(1,756)
(7,798)
-344.1%
당기순이익
(1,927)
(8,201)
-325.6%
2023년
매출액
23,732
13,743
-42.1%
영업이익
1,699
(14,825)
적자발생
당기순이익
2,059
(17,653)
적자발생
2024년
매출액
35,201
25,269
-28.2%
영업이익
7,510
(19,015)
적자발생
당기순이익
7,910
(16,755)
적자발생
* 2022년은 전년대비 매출액은 증가했으나, 예측 대비 괴리가 발생했습니다.연구인력 추가 채용, 신규제품 개발에 따른 연구개발비 증가, IPO에 따른 일회성 비용 발생으로 영업손실 및 당기순손실이 증가했습니다.* 2023년은 F&B 프랜차이즈 진출, 신규제품 출시 등으로 매출이 증가했습니다. 연구개발비 및 고정적인 비용의 발생으로 손익 부분도 부정적인 영향을 받았습니다.* 2024년
은 용접로봇 및 교촌치킨의 프라잉로봇 등 신규매출 발생,
협동로봇 시장 확대에 따른 로봇제품매출, 공정자동화 시장 확대
로 매출액이 증가하였습니다. 연구인력 추가 채용에 따른 인건비 증가,
신규제품 개발에 따른 경상연구개발비 증가
로 손실액이 증가하였습니다.
2) 매출액 미달에 대한 관리종목 지정유예 현황(최근 사업연도 매출액 30억원 미만) (단위 : 백만원)
요건별 회사 현황
관리종목지정요건해당여부
관리종목지정유예
사업연도
매출금액
해당여부
사유
종료시점
2024
25,269
미해당
해당
상장연도 포함5개 사업연도 동안 유예
2027년 12월 31일
3) 계속사업손실에 대한 관리종목 지정유예 현황(자기자본 50%이상(10억원 이상에 한함)의 법인세차감전계속사업손실이 최근 3년간 2회 이상 및 최근 사업연도 법인세차감전계속 사업손실 발생) (단위 : 원, %)
요건별 회사 현황
관리종목지정요건해당여부
관리종목지정유예
사업연도
법인세 차감전계속사업손익(A)
자기자본금액(B)
비율(A/B)
해당여부
종료시점
2024년
-16,724,144,890
10,869,158,059
-153.87
미해당
해당
2025년 12월 31일
2023년
-17,646,401,630
24,056,338,423
-73.35
2022년
-8,200,588,555
39,726,633,404
-20.64
주1) 당사는 코스닥시장 상장규정에 따른 성장성 특례 상장기업으로, 2022년 11월 04일에 코스닥 시장에 상장하였습니다.주2) 성장성 특례상장 기업의 매출액 요건의 경우 신규상장일이 속하는 사업연도(상장 후 사업연도말까지 3월 미만인 경우 다음 사업연도)를 포함한 연속하는 5개 사업연도에 대해서는 해당 요건을 적용받지 않습니다.주3) 성장성 특례상장 기업은 4사업연도 연속 영업손실 발생 요건을 적용받지 않기 때문에 지정유예 종료 시점은 작성하지 않습니다.주4) 성장성 특례상장 기업의 법인세차감전계속사업손실 요건의 경우 신규상장일이 속하는 사업연도(상장 후사업연도말까지 3월 미만인 경우 다음 사업연도)를 포함한 연속하는 3개 사업연도에 대해서는 해당 요건을 적용 받지 않습니다.
사.
단일판매ㆍ공급계약체결
현황
내용
계약상대방
계약기간
주요 계약조건
계약금액(원)
진행 현황
판넬슬릿 용접 로봇
HD현대로보틱스
2024-06-27 ~ 2024-10-04
-
1,640,000,000
설치후 잔금수령 협의중
카운트룸 자동화 로봇시스템 구축
강원랜드
2024-11-06 ~ 2025-09-05
-
1,510,000,000
시스템 구축 중
이차전지 배터리팩 유연생산 시스템
씨티엔에스
2024-06-27 ~ 2025-12-01
-
2,000,000,000
시스템 구축 중
인공관절로봇의 Robotic Arm 생산
큐렉소
2023-06-30 ~ 2025-12-31
-
9,000,000,000
50%는 2024년 공급 완료,50%는 2025년중 공급 예정"	"4. 작성기준일 이후 발생한 주요사항 등 기타사항
가. 작성기준일 이후 발생한 주요사항
- 전환사채 전환 청구: 1회차 전환사채 400억원 중 102.1억원에 대한 전환청구가 진행되어 상장 절차가 완료됨- 유상증자 진행: 제3자 배정 방식으로 유상증자가 결정된 후, 50억원의 납입이 완료되었으며, 신주 상장은 4월 중에 완료될 예정
나. 중소기업기준 검토표
중소기업기준검토표1.jpg
중소기업기준검토표1
중소기업기준검토표2.jpg
중소기업기준검토표2
다. 외국지주회사의 자회사 현황
-. 해당사항이 없습니다.
라. 합병 등의 사후정보
1) 자산 양수
(1) 중요한 자산양수도 거래상대방
상호
대표이사
주소
대도도금
정광수, 정광미
서울시 성동구 상원12길 35 (성수동1가)
(2) 주요 계약내용
주요일정
계약 내용
2023.04.05: 이사회 결의일, 계약체결일2023.07.05 : 잔금지급일, 양수기준일2023.07.05 : 등기일
양수자산 : 서울특별시 성동구 성수동1가 13-18 (토지 : 442.9㎡, 건물 : 1,945.7㎡)양수목적 : 연구 및 업무공간 확충을 위한 매입
(3) 합병등 전후의 재무사항 비교표
(단위 : 원)
대상회사
계정과목
예측
실적
비고
1차연도
2차연도
1차연도
2차연도
실적
괴리율
실적
괴리율
대도도금
매출액
0
0
0
0
0
0
-
영업이익
0
0
0
0
0
0
-
당기순이익
0
0
0
0
0
0
-
마. 보호예수 현황
주주명
주식의 종류
예수주식수
보호예수기간
보호예수사유
박종훈
보통주
2,200,000
2022년 11월 04일 ~ 2025년 11월 03일
최대주주
바. 특례상장기업의 사후정보
1) 특례상장기업의 재무사항 비교표 (단위 : 백만원)
추정대상
계정과목
예측치
실적치
괴리율
2022년
매출액
12,940
9,754
-24.4%
영업이익
(1,756)
(7,798)
-344.1%
당기순이익
(1,927)
(8,201)
-325.6%
2023년
매출액
23,732
13,743
-42.1%
영업이익
1,699
(14,825)
적자발생
당기순이익
2,059
(17,653)
적자발생
2024년
매출액
35,201
25,269
-28.2%
영업이익
7,510
(19,015)
적자발생
당기순이익
7,910
(16,755)
적자발생
* 2022년은 전년대비 매출액은 증가했으나, 예측 대비 괴리가 발생했습니다.연구인력 추가 채용, 신규제품 개발에 따른 연구개발비 증가, IPO에 따른 일회성 비용 발생으로 영업손실 및 당기순손실이 증가했습니다.* 2023년은 F&B 프랜차이즈 진출, 신규제품 출시 등으로 매출이 증가했습니다. 연구개발비 및 고정적인 비용의 발생으로 손익 부분도 부정적인 영향을 받았습니다.* 2024년은 용접로봇 및 교촌치킨의 프라잉로봇 등 신규매출 발생,
협동로봇 시장 확대에 따른 로봇제품매출, 공정자동화 시장 확대
로 매출액이 증가하였습니다. 연구인력 추가 채용에 따른 인건비 증가,
신규제품 개발에 따른 경상연구개발비 증가
로 손실액이 증가하였습니다.
2) 매출액 미달에 대한 관리종목 지정유예 현황(최근 사업연도 매출액 30억원 미만) (단위 : 백만원)
요건별 회사 현황
관리종목지정요건해당여부
관리종목지정유예
사업연도
매출금액
해당여부
사유
종료시점
2024
25,269
미해당
해당
상장연도 포함5개 사업연도 동안 유예
2027년 12월 31일
3) 계속사업손실에 대한 관리종목 지정유예 현황(자기자본 50%이상(10억원 이상에 한함)의 법인세차감전계속사업손실이 최근 3년간 2회 이상 및 최근 사업연도 법인세차감전계속 사업손실 발생) (단위 : 원, %)
요건별 회사 현황
관리종목지정요건해당여부
관리종목지정유예
사업연도
법인세 차감전계속사업손익(A)
자기자본금액(B)
비율(A/B)
해당여부
종료시점
2024년
-16,724,144,890
10,869,158,059
-153.87
미해당
해당
2025년 12월 31일
2023년
-17,646,401,630
24,056,338,423
-73.35
2022년
-8,200,588,555
39,726,633,404
-20.64
주1) 당사는 코스닥시장 상장규정에 따른 성장성 특례 상장기업으로, 2022년 11월 04일에 코스닥 시장에 상장하였습니다.주2) 성장성 특례상장 기업의 매출액 요건의 경우 신규상장일이 속하는 사업연도(상장 후 사업연도말까지 3월 미만인 경우 다음 사업연도)를 포함한 연속하는 5개 사업연도에 대해서는 해당 요건을 적용받지 않습니다.주3) 성장성 특례상장 기업은 4사업연도 연속 영업손실 발생 요건을 적용받지 않기 때문에 지정유예 종료 시점은 작성하지 않습니다.주4) 성장성 특례상장 기업의 법인세차감전계속사업손실 요건의 경우 신규상장일이 속하는 사업연도(상장 후사업연도말까지 3월 미만인 경우 다음 사업연도)를 포함한 연속하는 3개 사업연도에 대해서는 해당 요건을 적용 받지 않습니다.
사.
단일판매ㆍ공급계약체결
현황
(단위 : 천원)
신고일자
계약내용
계약금액총액
판매ㆍ공급금액
대금수령금액
향후 추진계획
당기
누적
당기
누적
2024-06-28(정정신고일자2024-09-13)
상대방 : HD현대로보틱스계약내용 : 판넬슬릿 용접 로봇 공급계약기간 : 2024-06-27 ~ 2024-10-04
1,640,000
1,148,000
1,148,000
1,148,000
1,148,000
진행 중
2024-11-07
상대방 : 강원랜드계약내용 : 카운트룸 자동화 로봇시스템 구축계약기간 : 2024-11-06 ~ 2025-09-05
1,510,000
1,208,000
1,208,000
1,208,000
1,208,000
진행 중
2024-06-28(정정신고일자2024-11-27)
상대방 : 씨티엔에스계약내용 : 이차전지 배터리팩 유연생산 시스템 구축계약기간 : 2024-06-27 ~ 2025-12-01
2,000,000
600,000
600,000
300,000
300,000
진행 중
2023-06-30(정정신고일자2024-12-30)
상대방 : 큐렉소계약내용 : 인공관절로봇의 Robotic Arm 공급계약기간 : 2023-06-30 ~ 2025-12-31
9,000,000
4,500,000
4,500,000
3,960,000
3,960,000
진행 중"	ok
20250814003343	코오롱글로벌	예	XI. 1. 나. 단일판매ㆍ공급계약 체결	미흡사항 추가기재	20250324000768	"나. 단일판매ㆍ공급계약 체결
(단위: 억원)
신고일자
계약내역
계약금액총액
판매ㆍ공급금액
대금수령금액
대금 미수령 사유
당기
누적
당기
누적
2024-09-26
1) 계약명 : 신암1 재정비촉진구역 주택재개발정비사업2) 계약상대방 : 신암1 재정비촉진구역 주택재개발정비사업조합3) 계약기간 : 2018-05-31 ~ -4) 계약(수주)일자 : 2018-05-315) 주요계약조건 : 당사지분 100%
4,692
719
4,692
108
108
미착공
2023-12-19
1) 계약명 : 세운4구역 도시환경정비사업 건설공사2) 계약상대방 : 서울주택도시공사3) 계약기간 : 2019-01-15 ~ 2025-11-264) 계약(수주)일자 : 2019-01-155) 주요계약조건 : 당사지분 100%
4,811
0
4,373
46
136
미착공
2023-12-20
1) 계약명 : 평택 사무6동 신축 공사2) 계약상대방 : 삼성전자 주식회사3) 계약기간 : 2023-02-28 ~ 2026-03-314) 계약(수주)일자 : 2023-02-245) 주요계약조건 : 당사지분 100%
4,339
0
4,339
2,625
2,826
-
2020-08-18
1) 계약명 : 김해 율하지역주택조합 공동주택 신축공사2) 계약상대방 : 율하이엘지역주택조합3) 계약기간 : 2020-08-14 ~ 4) 계약(수주)일자 : 2020-08-145) 주요계약조건 : 당사지분 50%* 보고서 제출일 현재 계약금액은 446,459,373,500원 입니다.
4,061
0
4,061
1,583
3,631
-
2021-10-26
1) 계약명 : 부산 엄궁1구역 재개발사업2) 계약상대방 : 엄궁1구역 주택재개발 정비사업조합3) 계약기간 : 2021-10-26 ~ 2026-03-014) 계약(수주)일자 : 2021-10-265) 주요계약조건 : 당사지분 100%
3,651
0
3,651
0
0
미착공
2024-02-05
1) 계약명 : 평택 비전동 지역주택조합 주상복합 신축공사2) 계약상대방 : 평택 더파크파이브 지역주택조합3) 계약기간 : -4) 계약(수주)일자 : 2024-02-025) 주요계약조건 : 당사지분 100%
3,558
3,558
3,558
0
0
미착공
2024-05-24
1) 계약명 : 광명-서울고속도로 민간투자사업 건설공사2) 계약상대방 : 서서울고속도로주식회사3) 계약기간 : 2019-03-27 ~ 2027-12-314) 계약(수주)일자 : 2008-10-315) 주요계약조건 : 당사지분 24.63%
3,491
906
3,174
108
1,240
-
2024-02-15
1) 계약명 : 대한항공 운북 신 엔진정비공장 증축 및 ETC#2 신축공사2) 계약상대방 : ㈜대한항공3) 계약기간 : -4) 계약(수주)일자 : 2024-02-145) 주요계약조건 : 당사지분 100%
3,401
3,091
3,091
620
620
-
2022-05-24
1) 계약명 : 김해 신문동 주상복합 신축공사2) 계약상대방 : 주식회사 제이엠산업개발3) 계약기간 : 2022-05-24 ~ -4) 계약(수주)일자 : 2022-05-245) 주요계약조건 : 당사지분 100%
3,037
0
3,037
0
0
미착공
2024-11-25
1) 계약명 : 대전 선화동 106번지 일원 주상복합 신축공사(1차)2) 계약상대방 : 퍼스트씨엔디 주식회사3) 계약기간 : 2020-01-10 ~ 2024-07-304) 계약(수주)일자 : 2020-01-105) 주요계약조건 : 당사지분 100%
2,896
0
2,896
931
2,883
-
2022-09-01
1) 계약명 : 아산 휴대지구 공동주택 3BL 신축공사2) 계약상대방 : 삼보산업 주식회사3) 계약기간 : 2022-08-31 ~ 2026-03-314) 계약(수주)일자 : 2022-08-315) 주요계약조건 : 당사지분 100%
2,764
0
2,764
0
0
미착공
2023-12-15
1) 계약명 : 휴먼파크장전 지역주택조합 주상복합 신축공사2) 계약상대방 : 휴먼파크장전 지역주택조합3) 계약기간 : 2024-04-15 ~ 2028-11-194) 계약(수주)일자 : 2023-12-155) 주요계약조건 : 당사지분 100%* 보고서 제출일 현재 계약금액은 300,482,000,000원 입니다.
2,715
0
2,715
84
84
-
2022-01-17
1) 계약명 : 대전 선화동 95-3번지 일원 주상복합 신축공사(3차)2) 계약상대방 : 인텐션개발 주식회사3) 계약기간 : 2022-01-14 ~ -4) 계약(수주)일자 : 2022-01-145) 주요계약조건 : 당사지분 100%
2,680
0
2,680
0
0
미착공
2024-11-08
1) 계약명 : 구미 인의동 1,2단지 공동주택 신축공사2) 계약상대방 : 주식회사 동원3) 계약기간 : 2022-10-01 ~ 2025-05-304) 계약(수주)일자 : 2021-06-225) 주요계약조건 : 당사지분 100%
2,527
340
2,527
783
1,679
-
2024-12-27
1) 계약명 : 안동 송현1주공아파트 재건축정비사업2) 계약상대방 : 안동 송현1주공아파트 재건축정비사업조합3) 계약기간 : -4) 계약(수주)일자 : 2021-10-215) 주요계약조건 : 당사지분 100%
2,006
427
2,006
0
0
미착공
2024-07-25
1) 계약명 : 권선113-6구역 주택재개발정비사업2) 계약상대방 : 권선113-6구역 주택재개발정비사업조합3) 계약기간 : 2024-02-01 ~ 2026-07-314) 계약(수주)일자 : 2011-12-055) 주요계약조건 : 당사지분 30%
1,973
309
1,973
880
880
-
2024-02-29
1) 계약명 : 대전 봉명동 주상복합 신축공사2) 계약상대방 : 퍼스트원홀딩스 주식회사3) 계약기간 : 2021-06-16 ~ -4) 계약(수주)일자 : 2021-06-165) 주요계약조건 : 당사지분 100%
1,970
-177
1,970
100
100
-
2022-08-05
1) 계약명 : 대전 선화동 87-5번지 일원 주상복합 신축공사(2차)2) 계약상대방 : 원앤드파트너스 주식회사3) 계약기간 : 2020-02-24 ~ 2025-04-154) 계약(수주)일자 : 2020-02-245) 주요계약조건 : 당사지분 100%
1,934
0
1,934
718
1,695
-
2023-12-29
1) 계약명 : 경기고양 기업성장센터 건립사업2) 계약상대방 : 경기주택도시공사3) 계약기간 : 2024-12-01 ~ 2028-12-314) 계약(수주)일자 : 2023-12-285) 주요계약조건 : 당사지분 51%
2,096
0
1,906
2
2
-
2024-05-08
1) 계약명 : 울산 야음동 공동주택 신축공사2) 계약상대방 : 주식회사 성지디앤디3) 계약기간 : 2021-03-05 ~ -4) 계약(수주)일자 : 2021-03-055) 주요계약조건 : 당사지분 100%
1,901
186
1,901
17
17
-
2023-01-09
1) 계약명 : 안양 융창아파트 주변지구 주택재개발사업2) 계약상대방 : 안양융창아파트 주변지구 주택재개발사업 정비사업조합3) 계약기간 : 2017-02-15 ~ 2024-08-314) 계약(수주)일자 : 2017-02-155) 주요계약조건 : 당사지분 30%
1,893
0
1,893
217
1,549
-
2024-12-23
1) 계약명 : 대전 대성지구 공동주택 신축공사2) 계약상대방 : 지앤에스 유한회사3) 계약기간 : 2020-05-20 ~ 2024-07-314) 계약(수주)일자 : 2020-05-205) 주요계약조건 : 당사지분 100%
1,870
45
1,870
538
1,824
-
2024-03-19
1) 계약명 : Merck S. Korea Bio.P Project2) 계약상대방 : 머크(Merck) 주식회사3) 계약기간 : 2024-04-15 ~ 2028-11-194) 계약(수주)일자 : 2024-03-18 ~ 2026-04-205) 주요계약조건 : 당사지분 100%* 보고서 제출일 현재 계약금액은 228,367,829,000원 입니다.
1,766
1,766
1,766
385
385
-
2021-01-13
1) 계약명 : 효목1동6구역 재건축사업2) 계약상대방 : 효목1동6구역 재건축정비사업조합3) 계약기간 : 2021-01-12 ~ -4) 계약(수주)일자 : 2021-01-125) 주요계약조건 : 당사지분 50%
1,726
0
1,726
0
0
미착공
2019-10-17
1) 계약명 : 대구 칠성24지구 재건축사업2) 계약상대방 : 대구 칠성24지구 주택재건축정비사업조합3) 계약기간 : 2019-10-16 ~ -4) 계약(수주)일자 : 2019-10-165) 주요계약조건 : 당사지분 100%
1,644
0
1,644
0
0
미착공
2023-08-29
1) 계약명 : 몽골 솔롱고 1단지 공공주택 건설사업2) 계약상대방 : 몽골 건설 및 도시개발부3) 계약기간 : -4) 계약(수주)일자 : 2023-08-285) 주요계약조건 : 당사지분 100%
1,626
0
1,626
662
943
-
2023-07-31
1) 계약명 : 부산초읍2구역 주택재개발 정비사업2) 계약상대방 : 초읍2구역 주택재개발 정비사업조합3) 계약기간 : 2018-03-30 ~ 2024-05-314) 계약(수주)일자 : 2018-03-305) 주요계약조건 : 당사지분 100%
1,626
0
1,626
1,472
1,626
-
2024-10-30
1) 계약명 : 삼천주공3 재건축 정비사업2) 계약상대방 : 삼천주공3 재건축 정비사업조합3) 계약기간 : 2020-07-28 ~ -4) 계약(수주)일자 : 2020-07-285) 주요계약조건 : 당사지분 100%
1,620
584
1,620
0
0
미착공
2024-06-20
1) 계약명 : 춘천~속초 철도건설 제8공구 및 강릉~제진 제6공구 노반신설 기타공사2) 계약상대방 : 국가철도공단3) 계약기간 : 2024-06-19 ~ 2029-03-194) 계약(수주)일자 : 2024-06-195) 주요계약조건 : 당사지분 70%
1,750
1,591
1,591
296
296
-
2024-02-05
1) 계약명 : 부산 온천장 지역주택조합 주상복합 신축공사2) 계약상대방 : 온천장 지역주택조합3) 계약기간 : -4) 계약(수주)일자 : 2024-02-055) 주요계약조건 : 당사지분 100%
1,574
1,574
1,574
0
0
미착공
2024-01-19
1) 계약명 : 정읍바이오매스 발전사업 건설공사2) 계약상대방 : 정읍그린파워(주)3) 계약기간 : -4) 계약(수주)일자 : 2024-01-185) 주요계약조건 : 당사 EPC 지분 100%
1,496
1,496
1,496
25
25
-
2021-04-05
1) 계약명 : 대전 가오동1구역 재건축사업2) 계약상대방 : 대전 가오동1구역 재건축정비사업조합3) 계약기간 : 2021-04-02 ~ -4) 계약(수주)일자 : 2021-04-025) 주요계약조건 : 당사지분 100%
1,454
0
1,454
0
0
미착공
2024-09-12
1) 계약명 : 안동 용상 코오롱 하늘채 공동주택 신축공사2) 계약상대방 : 주식회사 한국토지신탁3) 계약기간 : -4) 계약(수주)일자 : 2024-09-115) 주요계약조건 : 당사지분 100%
1,428
1,422
1,422
0
0
착공일:24년 12월 31일
2021-12-07
1) 계약명 : 태평동2구역 재개발정비사업2) 계약상대방 : 태평동2구역 재개발정비사업조합3) 계약기간 : 2021-12-06 ~ -4) 계약(수주)일자 : 2021-12-065) 주요계약조건 : 당사지분 100%
1,396
1,396
1,396
0
0
미착공
2023-07-11
1) 계약명 : 평택 고덕 공공폐수처리시설4단계 건설공사2) 계약상대방 : 삼성전자 주식회사3) 계약기간 : 2023-07-11 ~ 2026-02-284) 계약(수주)일자 : 2023-07-115) 주요계약조건 : 당사지분 100%
1,371
0
1,371
276
388
-
2023-08-29
1) 계약명 : 몽골 솔롱고 2단지 공공주택 건설사업2) 계약상대방 : 몽골 건설 및 도시개발부3) 계약기간 : -4) 계약(수주)일자 : 2023-08-285) 주요계약조건 : 당사지분 100%
1,369
0
1,369
538
778
-
2023-09-19
1) 계약명 : 부산 사직 지역주택조합 공동주택 신축공사2) 계약상대방 : 부산 사직 지역주택조합3) 계약기간 : 2017-05-23 ~ 2024-05-244) 계약(수주)일자 : 2017-05-235) 주요계약조건 : 당사지분 100%
1,357
0
1,357
418
1,357
-
2024-03-18
1) 계약명 : 상화로 입체화 사업2) 계약상대방 : 조달청(대구광역시)3) 계약기간 : 2021-05-10 ~ 2027-04-184) 계약(수주)일자 : 2021-05-105) 주요계약조건 : 당사지분 40%
1,483
50
1,348
66
266
-
2024-05-09
1) 계약명 : 국지도58호선(송정IC~문동)건설공사2) 계약상대방 : 조달청(경상남도 거제시)3) 계약기간 : 2022-02-18 ~ 2029-02-184) 계약(수주)일자 : 2022-02-185) 주요계약조건 : 당사지분 70%* 보고서 제출일 현재 계약금액은 148,869,000,000원 입니다.
1,432
66
1,302
230
345
-
2024-09-26
1) 계약명 : 부산 새연산아파트 소규모재건축사업2) 계약상대방 : 새연산아파트 소규모 재건축정비사업조합3) 계약기간 : 2018-08-31~ 2025-08-044) 계약(수주)일자 : 2018-08-315) 주요계약조건 : 당사지분 100%
1,295
74
1,295
465
745
-
2023-08-31
1) 계약명 : 양평 덕평지구 지역주택조합 공동주택 신축공사2) 계약상대방 : 양평덕평지구 지역주택조합3) 계약기간 : 2021-07-29~ 2026-06-304) 계약(수주)일자 : 2021-07-295) 주요계약조건 : 당사지분 100%
1,292
0
1,292
127
127
-
2024-12-03
1) 계약명 : 여주~원주 복선전철 제2공구 노반건설공사2) 계약상대방 : 국가철도공단3) 계약기간 : 2023-12-26 ~ 2028-12-234) 계약(수주)일자 : 2023-12-265) 주요계약조건 : 당사지분 [토건] 43%, [전기,소방] 48%
1,401
91
1,274
155
155
-
2024-10-31
1) 계약명 : 청주동남 A-2BL 민간참여 공공주택건설사업2) 계약상대방 : 한국토지주택공사3) 계약기간 : -4) 계약(수주)일자 : 2024-10-315) 주요계약조건 : 당사지분 70%
1,245
1,241
1,241
0
0
미착공
2023-12-27
1) 계약명 : 강릉교동2공원사업 공동주택 신축공사2) 계약상대방 : 교동2공원개발 주식회사 / 한국자산신탁 주식회사3) 계약기간 : 2021-03-10 ~ 2024-10-254) 계약(수주)일자 : 2021-03-105) 주요계약조건 : 당사지분 74%
1,239
0
1,239
532
1,172
-
2024-01-09
1) 계약명 : 용두동1구역 주택재개발정비사업2) 계약상대방 : 용두동1구역 주택재개발정비사업조합3) 계약기간 : 2019-04-22 ~ 2024-07-154) 계약(수주)일자 : 2019-04-225) 주요계약조건 : 당사지분 100%
1,212
37
1,212
431
1,206
-
2024-12-26
1) 계약명 : 안양 냉천지구 주거환경개선사업2) 계약상대방 : 경기주택도시공사3) 계약기간 : 2021-12-23 ~ 2025-01-224) 계약(수주)일자 : 2021-02-235) 주요계약조건 : 당사지분 100%
1,212
26
1,199
443
883
-
2024-11-29
1) 계약명 : 고속국도 제30호 서산~영덕선 대산~당진간 건설공사(제1공구)2) 계약상대방 : 경기주택도시공사3) 계약기간 : 2021-12-23 ~ 2025-01-224) 계약(수주)일자 : 2021-02-235) 주요계약조건 : 당사지분 100%
1,314
1,195
1,195
14
14
-
2023-11-14
1) 계약명 : 송도 센트럴1지구 지역주택조합 공동주택 신축공사2) 계약상대방 : 송도 센트럴1지구 지역주택조합3) 계약기간 : 2021-11-01 ~ 2024-07-314) 계약(수주)일자 : 2021-12-235) 주요계약조건 : 당사지분 100%
1,172
0
1,172
0
176
-
2024-05-31
1) 계약명 : 부산 하단1구역 재건축정비사업 2) 계약상대방 : 하단1구역 재건축정비사업조합3) 계약기간 : -4) 계약(수주)일자 : 2024-05-315) 주요계약조건 : 당사지분 100%
1,168
1,168
1,168
0
0
미착공
2024-08-19
1) 계약명 : 익산평화 주거환경개선사업 아파트건설공사 1공구2) 계약상대방 : 한국토지주택공사3) 계약기간 : 2019-08-08 ~ 2025-01-194) 계약(수주)일자 : 2018-12-195) 주요계약조건 : 당사지분 [토건] 50%, [소방] 100%
1,161
30
1,156
628
1,092
-
2023-06-20
1) 계약명 : 광주 본촌2단지 현대지역주택조합 공동주택 신축공사2) 계약상대방 : 광주 본촌2단지 현대지역주택조합 공동주택 신축공사3) 계약기간 : -4) 계약(수주)일자 : 2023-06-205) 주요계약조건 : 당사지분 100%
1,140
0
1,140
77
77
-
2024-08-30
1) 계약명 : 고속국도 제255호선 강진~광주간 건설공사(제4공구)2) 계약상대방 : 한국도로공사3) 계약기간 : 2017-08-30 ~ 2026-12-314) 계약(수주)일자 : 2017-08-305) 주요계약조건 : 당사지분 [토건] 75%, [전기,소방] 100%
1,205
0
1,095
0
979
-
2024-11-01
1) 계약명 : 영광영백풍력 발전단지2) 계약상대방 : 영광풍력태양광발전㈜3) 계약기간 : -4) 계약(수주)일자 : 2024-10-315) 주요계약조건 : 당사 EPC 지분 100%
1,170
1,063
1,063
0
0
미착공
2021-04-07
1) 계약명 : 산곡6 주택재개발정비사업2) 계약상대방 : 산곡6 주택재개발정비사업조합3) 계약기간 : 2021-04-07 ~ -4) 계약(수주)일자 : 2021-04-075) 주요계약조건 : 당사지분 20%
1,049
0
1,049
0
0
미착공
2020-12-22
1) 계약명 : 대흥동1구역 재개발정비사업2) 계약상대방 : 대흥동1구역 재개발정비사업 조합3) 계약기간 : 2020-12-21 ~ -4) 계약(수주)일자 : 2020-12-215) 주요계약조건 : 당사지분 55%
1,043
0
1,043
0
0
미착공
2024-12-23
1) 계약명 : 국도77호선 여수 화태-백야 도로건설공사(2공구)2) 계약상대방 : 국토교통부 익산지방국토관리청3) 계약기간 : 2021-04-12 ~ 2027-08-264) 계약(수주)일자 : 2021-04-125) 주요계약조건 : 당사지분 55.42%
1,131
200
1,028
121
265
-
2024-12-17
1) 계약명 : 탄자니아 다레살람시 하수처리시설 구축사업2) 계약상대방 : Dar es Salaam Water Supply and Sanitation Authority(DAWASA)3) 계약기간 : -4) 계약(수주)일자 : 2024-12-165) 주요계약조건 : 당사지분 100%
991
991
991
0
0
미착공
2024-06-28
1) 계약명 : 양양 만월산 풍력발전사업 건설공사2) 계약상대방 : 양양풍력발전 주식회사3) 계약기간 : 2020-12-01 ~ 2024-07-314) 계약(수주)일자 : 2017-10-185) 주요계약조건 : 당사지분 80%
945
0
945
146
945
-
2022-04-21
1) 계약명 : 부산 남천동 화목타운 소규모재건축사업2) 계약상대방 : 화목타운 소규모재건축사업조합3) 계약기간 : 2022-04-20 ~ 2026-11-304) 계약(수주)일자 : 2022-04-205) 주요계약조건 : 당사지분 100%
944
0
944
0
0
미착공
2024-07-31
1) 계약명 : 영덕 해맞이 풍력발전사업2) 계약상대방 : 영덕해맞이풍력발전(주)3) 계약기간 : 2022-05-11 ~ 2024-09-304) 계약(수주)일자 : 2021-06-305) 주요계약조건 : 당사 EPC지분 100%
1,028
61
935
332
935
-
2020-12-30
1) 계약명 : 부산 만덕3구역 재건축사업2) 계약상대방 : 부산 만덕3구역 재건축정비사업조합3) 계약기간 : 2020-12-29 ~ -4) 계약(수주)일자 : 2020-12-295) 주요계약조건 : 당사지분 100%
905
0
905
0
0
미착공
2024-10-16
1) 계약명 : 가나 지속가능개발대학 건립사업2) 계약상대방 : 가나 교육부3) 계약기간 : 2022-08-01 ~ 2025-08-104) 계약(수주)일자 : 2022-04-115) 주요계약조건 : 당사지분 74%
761
710
838
246
547
-
2023-11-03
1) 계약명 : 면목역3의3구역 가로주택정비사업2) 계약상대방 : 면목역3의3구역 가로주택정비사업조합3) 계약기간 : 2023-11-02 ~ -4) 계약(수주)일자 : 2023-11-025) 주요계약조건 : 당사지분 100%
801
0
801
0
0
미착공
2024-09-05
1) 계약명 : 부산 대연2 가로주택정비사업2) 계약상대방 : 대연2 가로주택정비사업조합3) 계약기간 : 2022-11-10 ~ 2027-03-314) 계약(수주)일자 : 2022-11-105) 주요계약조건 : 당사지분 100%
796
86
796
0
0
미착공
2024-09-04
1) 계약명 : 시흥인천지역 전기공급시설 전력구공사(신시흥-신송도 2차)2) 계약상대방 : 한국전력공사3) 계약기간 : 2024-10-04 ~ 2027-10-034) 계약(수주)일자 : 2024-09-035) 주요계약조건 : 당사지분 65%
806
732
732
0
0
24년 12월 31일 기준 미청구
2023-11-23
1) 계약명 : 번동10구역 가로주택정비사업2) 계약상대방 : 번동10구역 가로주택정비사업조합3) 계약기간 : -4) 계약(수주)일자 : 2023-11-225) 주요계약조건 : 당사지분 100%
732
0
732
0
0
미착공
2023-06-22
1) 계약명 : 면목역3의2구역 가로주택정비사업2) 계약상대방 : 면목역3의2구역 가로주택정비사업조합3) 계약기간 : -4) 계약(수주)일자 : 2023-06-215) 주요계약조건 : 당사지분 100%
731
0
731
0
0
미착공
2024-12-20
1) 계약명 : 서울도시철도7호선 청라국제도시 연장 추가정거장(005-1) 건설공사2) 계약상대방 : 인천광역시 도시철도건설본부3) 계약기간 : 2024-12-27 ~ 2029-06-254) 계약(수주)일자 : 2024-12-195) 주요계약조건 : 당사지분 [토목] 51%, [건축] 44%, [소방] 78%
802
729
729
0
129
-
2024-03-05
1) 계약명 : 서울 청담동 고급 공동주택 신축공사2) 계약상대방 : 주식회사 디에이치알청담3) 계약기간 : 2022-11-17 ~ 2025-11-174) 계약(수주)일자 : 2024-03-055) 주요계약조건 : 당사지분 100%
727
20
727
169
244
-
2019-06-19
1) 계약명 : 순천 벌교-주암(3-1공구) 도로확장공사2) 계약상대방 : 조달청3) 계약기간 : 2019-06-19 ~ 2027-06-164) 계약(수주)일자 : 2019-06-195) 주요계약조건 : 당사지분 80%
796
0
724
201
600
-
2024-12-04
1) 계약명 : 국회대로 지하차도 및 상부공원화(2단계)건설공사 1공구2) 계약상대방 : 서울특별시 도시기반시설본부3) 계약기간 : 2021-01-15 ~ 2027-12-314) 계약(수주)일자 : 2021-01-145) 주요계약조건 : 당사지분 51%
793
59
721
80
298
-
2024-12-19
1) 계약명 : 부산 대연 가로주택정비사업(1구역)2) 계약상대방 : 대연 가로주택정비사업조합3) 계약기간 : 2022-09-23 ~ -4) 계약(수주)일자 : 2022-09-235) 주요계약조건 : 당사지분 100%
710
57
710
0
0
미착공
2019-06-19
1) 계약명 : 순천 벌교-주암(3-2공구) 도로확장공사2) 계약상대방 : 조달청3) 계약기간 : 2019-06-18 ~ 2027-06-154) 계약(수주)일자 : 2019-06-185) 주요계약조건 : 당사지분 80%
776
0
706
152
587
-
2023-06-28
1) 계약명 : 미아3구역 가로주택정비사업2) 계약상대방 : 미아3구역 가로주택정비사업조합3) 계약기간 : -4) 계약(수주)일자 : 2023-06-285) 주요계약조건 : 당사지분 100%
700
0
700
0
0
미착공
2024-12-06
1) 계약명 : 부산 대연1 가로주택정비사업(3구역)2) 계약상대방 : 대연1 가로주택정비사업조합3) 계약기간 : 2022-09-30 ~ 2027-01-314) 계약(수주)일자 : 2022-09-305) 주요계약조건 : 당사지분 100%
700
65
700
0
0
미착공
2024-05-08
1) 계약명 : 검단신도시 AA16BL 민간참여 주택건설사업2) 계약상대방 : 인천도시공사3) 계약기간 : 2022-05-13 ~ 2025-01-134) 계약(수주)일자 : 2024-05-085) 주요계약조건 : 당사지분 21.27%
694
66
671
331
599
-
2023-06-23
1) 계약명 : 면목역3의1구역 가로주택정비사업2) 계약상대방 : 면목역3의1구역 가로주택정비사업조합3) 계약기간 : -4) 계약(수주)일자 : 2023-06-225) 주요계약조건 : 당사지분 100%
669
0
669
0
0
미착공
2023-11-06
1) 계약명 : KT&G KK PJT 건설공사2) 계약상대방 : KT&G Kazakhstan LLP (KT&G 카자흐스탄 법인)3) 계약기간 : 2023-09-22 ~ 2025-01-224) 계약(수주)일자 : 2023-11-035) 주요계약조건 : 당사지분 60%* 보고서 제출일 현재 계약금액은 66,303,401,870원 입니다.
612
56
656
499
499
-
2024-05-10
1) 계약명 : 화성동탄2 A76-2블록 민간참여 공동주택사업2) 계약상대방 : 경기주택도시공사3) 계약기간 : -4) 계약(수주)일자 : 2024-05-09 5) 주요계약조건 : 당사지분 15%
676
655
655
4
4
-
2024-09-25
1) 계약명 : 강동구 자원순환센터 건립공사2) 계약상대방 : 서울특별시 도시기반시설본부3) 계약기간 : 2020-05-15 ~ 2025-10-304) 계약(수주)일자 : 2020-05-155) 주요계약조건 : 당사지분 34%
707
7
643
178
446
-
2024-03-14
1) 계약명 : 용인 345kV 변전소 Project 종합건설공사2) 계약상대방 : 에스케이하이닉스 주식회사3) 계약기간 : 2024-03-13 ~ 2026-08-314) 계약(수주)일자 : 2024-03-135) 주요계약조건 : 당사지분 100%
634
634
634
143
143
-
2024-02-26
1) 계약명 : 천호동110번지일대(2구역) 가로주택정비사업2) 계약상대방 : 천호동110번지일대 가로주택정비사업조합3) 계약기간 : -4) 계약(수주)일자 : 2024-02-235) 주요계약조건 : 당사지분 100%
610
610
610
0
0
미착공
※ 상기 계약금액총액은 공시된 금액 기준이며, 판매ㆍ공급금액은 부가세가 제외된 금액입니다.※ 해외 현장의 경우 환율에 의해 실제 대금수령금액과는 차이가 있을 수 있습니다.※ 향후 공사 진행 상황에 따라 대금을 수령할 계획입니다."	"나. 단일판매ㆍ공급계약 체결
1) 계약 진행상황
(2024.12.31 기준, 단위: 억원)
신고일자
계약내역
계약금액총액
판매ㆍ공급금액
대금수령금액
대금 미수령 사유
향후 추진계획
당기
누적
당기
누적
2024-09-26
1) 계약명 : 신암1 재정비촉진구역 주택재개발정비사업2) 계약상대방 : 신암1 재정비촉진구역 주택재개발정비사업조합3) 계약기간 : 실착공일로부터 약 35개월4) 계약(수주)일자 : 2018-05-315) 주요계약조건 : 당사지분 100%
4,692
719
4,692
108
108
-
향후 공사 진행 상황에 따라 대금을 수령할 계획입니다. 다만, 계약금액 및 계약기간 등은 공사 진행 상황에 따라 변경될 수 있습니다.
2023-12-19
1) 계약명 : 세운4구역 도시환경정비사업 건설공사2) 계약상대방 : 서울주택도시공사3) 계약기간 : 2019-01-15 ~ 2025-11-264) 계약(수주)일자 : 2019-01-155) 주요계약조건 : 당사지분 100%
4,811
0
4,373
46
136
-
향후 공사 진행 상황에 따라 대금을 수령할 계획입니다. 다만, 계약금액 및 계약기간 등은 공사 진행 상황에 따라 변경될 수 있습니다.
2023-12-20
1) 계약명 : 평택 사무6동 신축 공사2) 계약상대방 : 삼성전자 주식회사3) 계약기간 : 2023-02-28 ~ 2026-03-314) 계약(수주)일자 : 2023-02-245) 주요계약조건 : 당사지분 100%
4,339
0
4,339
2,625
2,826
-
향후 공사 진행 상황에 따라 대금을 수령할 계획입니다. 다만, 계약금액 및 계약기간 등은 공사 진행 상황에 따라 변경될 수 있습니다.
2020-08-18
1) 계약명 : 김해 율하지역주택조합 공동주택 신축공사2) 계약상대방 : 율하이엘지역주택조합3) 계약기간 : 2021-04-12 ~ 2025-02-11 4) 계약(수주)일자 : 2020-08-145) 주요계약조건 : 당사지분 50%
4,061
0
4,061
1,583
3,631
-
향후 공사 진행 상황에 따라 대금을 수령할 계획입니다. 다만, 계약금액 및 계약기간 등은 공사 진행 상황에 따라 변경될 수 있습니다.
2023-06-30
1) 계약명 : 성원토월그랜드타운 아파트 리모델링 주택사업2) 계약상대방 : 성원토월그랜드타운 리모델링주택조합3) 계약기간 : 실착공일로부터 약 58개월4) 계약(수주)일자 : 2023-06-295) 주요계약조건 : 당사지분 16%
3,780
0
3,780
0
0
착공 후 대금 수령 예정입니다. (착공 예정일: '29년 8월)
향후 공사 진행 상황에 따라 대금을 수령할 계획입니다. 다만, 계약금액 및 계약기간 등은 공사 진행 상황에 따라 변경될 수 있습니다.
2021-10-26
1) 계약명 : 부산 엄궁1구역 재개발사업2) 계약상대방 : 엄궁1구역 주택재개발 정비사업조합3) 계약기간 : 실착공일로부터 약 40개월4) 계약(수주)일자 : 2021-10-265) 주요계약조건 : 당사지분 100%
3,651
0
3,651
0
0
착공 후 대금 수령 예정입니다. (착공 예정일: '25년 10월)
향후 공사 진행 상황에 따라 대금을 수령할 계획입니다. 다만, 계약금액 및 계약기간 등은 공사 진행 상황에 따라 변경될 수 있습니다.
2024-02-05
1) 계약명 : 평택 비전동 지역주택조합 주상복합 신축공사2) 계약상대방 : 평택 더파크파이브 지역주택조합3) 계약기간 : -4) 계약(수주)일자 : 2024-02-025) 주요계약조건 : 당사지분 100%
3,558
3,558
3,558
0
0
25.03.28 발주처의 계약 해지 통보로 계약을 해지하였습니다.
2024-05-24
1) 계약명 : 광명-서울고속도로 민간투자사업 건설공사2) 계약상대방 : 서서울고속도로주식회사3) 계약기간 : 2019-03-27 ~ 2027-12-314) 계약(수주)일자 : 2008-10-315) 주요계약조건 : 당사지분 24.63%
3,491
906
3,174
108
1,240
-
향후 공사 진행 상황에 따라 대금을 수령할 계획입니다. 다만, 계약금액 및 계약기간 등은 공사 진행 상황에 따라 변경될 수 있습니다.
2024-02-15
1) 계약명 : 대한항공 운북 신 엔진정비공장 증축 및 ETC#2 신축공사2) 계약상대방 : ㈜대한항공3) 계약기간 : 실착공일로부터 약 31개월4) 계약(수주)일자 : 2024-02-145) 주요계약조건 : 당사지분 100%
3,401
3,091
3,091
620
620
-
향후 공사 진행 상황에 따라 대금을 수령할 계획입니다. 다만, 계약금액 및 계약기간 등은 공사 진행 상황에 따라 변경될 수 있습니다.
2022-05-24
1) 계약명 : 김해 신문동 주상복합 신축공사2) 계약상대방 : 주식회사 제이엠산업개발3) 계약기간 : 실착공일로부터 약 51개월4) 계약(수주)일자 : 2022-05-245) 주요계약조건 : 당사지분 100%
3,037
0
3,037
0
0
착공 후 대금 수령 예정입니다. (착공 예정일: 미정)
향후 공사 진행 상황에 따라 대금을 수령할 계획입니다. 다만, 계약금액 및 계약기간 등은 공사 진행 상황에 따라 변경될 수 있습니다.
2024-11-25
1) 계약명 : 대전 선화동 106번지 일원 주상복합 신축공사(1차)2) 계약상대방 : 퍼스트씨엔디 주식회사3) 계약기간 : 2020-01-10 ~ 2024-07-304) 계약(수주)일자 : 2020-01-105) 주요계약조건 : 당사지분 100%
2,896
0
2,896
931
2,883
-
향후 공사 진행 상황에 따라 대금을 수령할 계획입니다. 다만, 계약금액 및 계약기간 등은 공사 진행 상황에 따라 변경될 수 있습니다.
2022-09-01
1) 계약명 : 아산 휴대지구 공동주택 3BL 신축공사2) 계약상대방 : 삼보산업 주식회사3) 계약기간 : 2022-08-31 ~ 2026-03-314) 계약(수주)일자 : 2022-08-315) 주요계약조건 : 당사지분 100%
2,764
0
2,764
0
0
착공 후 대금 수령 예정입니다. (착공 예정일: 미정)
향후 공사 진행 상황에 따라 대금을 수령할 계획입니다. 다만, 계약금액 및 계약기간 등은 공사 진행 상황에 따라 변경될 수 있습니다.
2023-12-15
1) 계약명 : 휴먼파크장전 지역주택조합 주상복합 신축공사2) 계약상대방 : 휴먼파크장전 지역주택조합3) 계약기간 : 2024-04-15 ~ 2028-11-194) 계약(수주)일자 : 2023-12-155) 주요계약조건 : 당사지분 100%
2,715
0
2,715
84
84
-
향후 공사 진행 상황에 따라 대금을 수령할 계획입니다. 다만, 계약금액 및 계약기간 등은 공사 진행 상황에 따라 변경될 수 있습니다.
2022-01-17
1) 계약명 : 대전 선화동 95-3번지 일원 주상복합 신축공사(3차)2) 계약상대방 : 인텐션개발 주식회사3) 계약기간 : 2025-02-13 ~ 2029-05-124) 계약(수주)일자 : 2022-01-145) 주요계약조건 : 당사지분 100%
2,680
0
2,680
0
0
착공일은 2025-02-13 이며, 계약 조건에 따라 초기 공정 진행 후, 연내 기성 청구 예정입니다.
향후 공사 진행 상황에 따라 대금을 수령할 계획입니다. 다만, 계약금액 및 계약기간 등은 공사 진행 상황에 따라 변경될 수 있습니다.
2024-11-08
1) 계약명 : 구미 인의동 1,2단지 공동주택 신축공사2) 계약상대방 : 주식회사 동원3) 계약기간 : 2022-10-01 ~ 2025-05-304) 계약(수주)일자 : 2021-06-225) 주요계약조건 : 당사지분 100%
2,527
340
2,527
783
1,679
-
향후 공사 진행 상황에 따라 대금을 수령할 계획입니다. 다만, 계약금액 및 계약기간 등은 공사 진행 상황에 따라 변경될 수 있습니다.
2024-12-27
1) 계약명 : 안동 송현1주공아파트 재건축정비사업2) 계약상대방 : 안동 송현1주공아파트 재건축정비사업조합3) 계약기간 : 실착공일로부터 약 37개월4) 계약(수주)일자 : 2021-10-215) 주요계약조건 : 당사지분 100%
2,006
427
2,006
0
0
착공 후 대금 수령 예정입니다. (착공 예정일: '27년 6월)
향후 공사 진행 상황에 따라 대금을 수령할 계획입니다. 다만, 계약금액 및 계약기간 등은 공사 진행 상황에 따라 변경될 수 있습니다.
2024-07-25
1) 계약명 : 권선113-6구역 주택재개발정비사업2) 계약상대방 : 권선113-6구역 주택재개발정비사업조합3) 계약기간 : 2024-02-01 ~ 2026-07-314) 계약(수주)일자 : 2011-12-055) 주요계약조건 : 당사지분 30%
1,973
309
1,973
880
880
-
향후 공사 진행 상황에 따라 대금을 수령할 계획입니다. 다만, 계약금액 및 계약기간 등은 공사 진행 상황에 따라 변경될 수 있습니다.
2024-02-29
1) 계약명 : 대전 봉명동 주상복합 신축공사2) 계약상대방 : 퍼스트원홀딩스 주식회사3) 계약기간 : 실착공일로부터 약 49개월4) 계약(수주)일자 : 2021-06-165) 주요계약조건 : 당사지분 100%
1,970
-177
1,970
100
100
-
향후 공사 진행 상황에 따라 대금을 수령할 계획입니다. 다만, 계약금액 및 계약기간 등은 공사 진행 상황에 따라 변경될 수 있습니다.
2022-08-05
1) 계약명 : 대전 선화동 87-5번지 일원 주상복합 신축공사(2차)2) 계약상대방 : 원앤드파트너스 주식회사3) 계약기간 : 2020-02-24 ~ 2025-04-154) 계약(수주)일자 : 2020-02-245) 주요계약조건 : 당사지분 100%
1,934
0
1,934
718
1,695
-
향후 공사 진행 상황에 따라 대금을 수령할 계획입니다. 다만, 계약금액 및 계약기간 등은 공사 진행 상황에 따라 변경될 수 있습니다.
2023-12-29
1) 계약명 : 경기고양 기업성장센터 건립사업2) 계약상대방 : 경기주택도시공사3) 계약기간 : 2024-12-01 ~ 2028-12-314) 계약(수주)일자 : 2023-12-285) 주요계약조건 : 당사지분 51%
2,096
0
1,906
2
2
-
향후 공사 진행 상황에 따라 대금을 수령할 계획입니다. 다만, 계약금액 및 계약기간 등은 공사 진행 상황에 따라 변경될 수 있습니다.
2024-05-08
1) 계약명 : 울산 야음동 공동주택 신축공사2) 계약상대방 : 주식회사 성지디앤디3) 계약기간 : 실착공일로부터 약 36개월4) 계약(수주)일자 : 2021-03-055) 주요계약조건 : 당사지분 100%
1,901
186
1,901
17
17
-
향후 공사 진행 상황에 따라 대금을 수령할 계획입니다. 다만, 계약금액 및 계약기간 등은 공사 진행 상황에 따라 변경될 수 있습니다.
2023-01-09
1) 계약명 : 안양 융창아파트 주변지구 주택재개발사업2) 계약상대방 : 안양융창아파트 주변지구 주택재개발사업 정비사업조합3) 계약기간 : 2017-02-15 ~ 2024-08-31 4) 계약(수주)일자 : 2017-02-155) 주요계약조건 : 당사지분 30%
1,893
0
1,893
217
1,549
-
향후 공사 진행 상황에 따라 대금을 수령할 계획입니다. 다만, 계약금액 및 계약기간 등은 공사 진행 상황에 따라 변경될 수 있습니다.
2024-12-23
1) 계약명 : 대전 대성지구 공동주택 신축공사2) 계약상대방 : 지앤에스 유한회사3) 계약기간 : 2020-05-20 ~ 2024-07-31 4) 계약(수주)일자 : 2020-05-205) 주요계약조건 : 당사지분 100%
1,870
45
1,870
538
1,824
-
향후 공사 진행 상황에 따라 대금을 수령할 계획입니다. 다만, 계약금액 및 계약기간 등은 공사 진행 상황에 따라 변경될 수 있습니다.
2024-03-19
1) 계약명 : Merck S. Korea Bio.P Project2) 계약상대방 : 머크(Merck) 주식회사3) 계약기간 : 2024-04-15 ~ 2028-11-194) 계약(수주)일자 : 2024-03-18 ~ 2026-04-205) 주요계약조건 : 당사지분 100%
1,766
1,766
1,766
385
385
-
향후 공사 진행 상황에 따라 대금을 수령할 계획입니다. 다만, 계약금액 및 계약기간 등은 공사 진행 상황에 따라 변경될 수 있습니다.
2021-01-13
1) 계약명 : 효목1동6구역 재건축사업2) 계약상대방 : 효목1동6구역 재건축정비사업조합3) 계약기간 : 실착공일로부터 약 30개월4) 계약(수주)일자 : 2021-01-125) 주요계약조건 : 당사지분 50%
1,726
0
1,726
0
0
착공 후 대금 수령 예정입니다. (착공 예정일: '29년 3월)
향후 공사 진행 상황에 따라 대금을 수령할 계획입니다. 다만, 계약금액 및 계약기간 등은 공사 진행 상황에 따라 변경될 수 있습니다.
2019-10-17
1) 계약명 : 대구 칠성24지구 재건축사업2) 계약상대방 : 대구 칠성24지구 주택재건축정비사업조합3) 계약기간 : -4) 계약(수주)일자 : 2019-10-165) 주요계약조건 : 당사지분 100%
1,644
0
1,644
0
0
25.04.08 계약상대와 공사도급계약 해지 합의서를 체결하였습니다.
2023-08-29
1) 계약명 : 몽골 솔롱고 1단지 공공주택 건설사업2) 계약상대방 : 몽골 건설 및 도시개발부3) 계약기간 : 실착공일로부터 약 41개월4) 계약(수주)일자 : 2023-08-285) 주요계약조건 : 당사지분 100%
1,626
0
1,626
662
943
-
향후 공사 진행 상황에 따라 대금을 수령할 계획입니다. 다만, 계약금액 및 계약기간 등은 공사 진행 상황에 따라 변경될 수 있습니다.
2023-07-31
1) 계약명 : 부산초읍2구역 주택재개발 정비사업2) 계약상대방 : 초읍2구역 주택재개발 정비사업조합3) 계약기간 : 2018-03-30 ~ 2024-05-314) 계약(수주)일자 : 2018-03-305) 주요계약조건 : 당사지분 100%
1,626
0
1,626
1,472
1,626
-
향후 공사 진행 상황에 따라 대금을 수령할 계획입니다. 다만, 계약금액 및 계약기간 등은 공사 진행 상황에 따라 변경될 수 있습니다.
2024-10-30
1) 계약명 : 삼천주공3 재건축 정비사업2) 계약상대방 : 삼천주공3 재건축 정비사업조합3) 계약기간 : 실착공일로부터 약 34개월4) 계약(수주)일자 : 2020-07-285) 주요계약조건 : 당사지분 100%
1,620
584
1,620
0
0
착공 후 대금 수령 예정입니다. (착공 예정일: '26년 6월)
향후 공사 진행 상황에 따라 대금을 수령할 계획입니다. 다만, 계약금액 및 계약기간 등은 공사 진행 상황에 따라 변경될 수 있습니다.
2024-06-20
1) 계약명 : 춘천~속초 철도건설 제8공구 및 강릉~제진 제6공구 노반신설 기타공사2) 계약상대방 : 국가철도공단3) 계약기간 : 2024-06-19 ~ 2029-03-194) 계약(수주)일자 : 2024-06-195) 주요계약조건 : 당사지분 70%
1,750
1,591
1,591
296
296
-
향후 공사 진행 상황에 따라 대금을 수령할 계획입니다. 다만, 계약금액 및 계약기간 등은 공사 진행 상황에 따라 변경될 수 있습니다.
2024-02-05
1) 계약명 : 부산 온천장 지역주택조합 주상복합 신축공사2) 계약상대방 : 온천장 지역주택조합3) 계약기간 : 2025-04-01 ~ 2029-07-314) 계약(수주)일자 : 2024-02-055) 주요계약조건 : 당사지분 100%
1,574
1,574
1,574
0
0
착공일은 2025-04-01 이며,계약 조건에 따라 초기 공정 진행 후, 연내 기성 청구 예정입니다.
향후 공사 진행 상황에 따라 대금을 수령할 계획입니다. 다만, 계약금액 및 계약기간 등은 공사 진행 상황에 따라 변경될 수 있습니다.
2024-01-19
1) 계약명 : 정읍바이오매스 발전사업 건설공사2) 계약상대방 : 정읍그린파워(주)3) 계약기간 : 실착공일로부터 약 26개월4) 계약(수주)일자 : 2024-01-185) 주요계약조건 : 당사 EPC 지분 100%
1,496
1,496
1,496
25
25
-
향후 공사 진행 상황에 따라 대금을 수령할 계획입니다. 다만, 계약금액 및 계약기간 등은 공사 진행 상황에 따라 변경될 수 있습니다.
2021-04-05
1) 계약명 : 대전 가오동1구역 재건축사업2) 계약상대방 : 대전 가오동1구역 재건축정비사업조합3) 계약기간 : 실착공일로부터 약 32개월4) 계약(수주)일자 : 2021-04-025) 주요계약조건 : 당사지분 100%
1,454
0
1,454
0
0
착공 후 대금 수령 예정입니다. (착공 예정일: '30년 1월)
향후 공사 진행 상황에 따라 대금을 수령할 계획입니다. 다만, 계약금액 및 계약기간 등은 공사 진행 상황에 따라 변경될 수 있습니다.
2024-09-12
1) 계약명 : 안동 용상 코오롱 하늘채 공동주택 신축공사2) 계약상대방 : 주식회사 한국토지신탁3) 계약기간 : 실착공일로부터 34개월4) 계약(수주)일자 : 2024-09-115) 주요계약조건 : 당사지분 100%
1,428
1,422
1,422
0
0
-
향후 공사 진행 상황에 따라 대금을 수령할 계획입니다. 다만, 계약금액 및 계약기간 등은 공사 진행 상황에 따라 변경될 수 있습니다.
2021-12-07
1) 계약명 : 태평동2구역 재개발정비사업2) 계약상대방 : 태평동2구역 재개발정비사업조합3) 계약기간 : 실착공일로부터 약 30개월4) 계약(수주)일자 : 2021-12-065) 주요계약조건 : 당사지분 100%
1,396
1,396
1,396
0
0
착공 후 대금 수령 예정입니다. (착공 예정일: '30년 3월)
향후 공사 진행 상황에 따라 대금을 수령할 계획입니다. 다만, 계약금액 및 계약기간 등은 공사 진행 상황에 따라 변경될 수 있습니다.
2023-07-11
1) 계약명 : 평택 고덕 공공폐수처리시설4단계 건설공사2) 계약상대방 : 삼성전자 주식회사3) 계약기간 : 2023-07-11 ~ 2026-02-284) 계약(수주)일자 : 2023-07-115) 주요계약조건 : 당사지분 100%
1,371
0
1,371
276
388
-
향후 공사 진행 상황에 따라 대금을 수령할 계획입니다. 다만, 계약금액 및 계약기간 등은 공사 진행 상황에 따라 변경될 수 있습니다.
2023-08-29
1) 계약명 : 몽골 솔롱고 2단지 공공주택 건설사업2) 계약상대방 : 몽골 건설 및 도시개발부 3) 계약기간 : 실착공일로부터 약 41개월4) 계약(수주)일자 : 2023-08-285) 주요계약조건 : 당사지분 100%
1,369
0
1,369
538
778
-
향후 공사 진행 상황에 따라 대금을 수령할 계획입니다. 다만, 계약금액 및 계약기간 등은 공사 진행 상황에 따라 변경될 수 있습니다.
2023-09-19
1) 계약명 : 부산 사직 지역주택조합 공동주택 신축공사2) 계약상대방 : 부산 사직 지역주택조합3) 계약기간 : 2017-05-23 ~ 2024-05-244) 계약(수주)일자 : 2017-05-235) 주요계약조건 : 당사지분 100%
1,357
0
1,357
418
1,357
-
향후 공사 진행 상황에 따라 대금을 수령할 계획입니다. 다만, 계약금액 및 계약기간 등은 공사 진행 상황에 따라 변경될 수 있습니다.
2024-03-18
1) 계약명 : 상화로 입체화 사업2) 계약상대방 : 조달청(대구광역시)3) 계약기간 : 2021-05-10 ~ 2027-04-18 4) 계약(수주)일자 : 2021-05-105) 주요계약조건 : 당사지분 40%
1,483
50
1,348
66
266
-
향후 공사 진행 상황에 따라 대금을 수령할 계획입니다. 다만, 계약금액 및 계약기간 등은 공사 진행 상황에 따라 변경될 수 있습니다.
2024-05-09
1) 계약명 : 국지도58호선(송정IC~문동)건설공사2) 계약상대방 : 조달청(경상남도 거제시)3) 계약기간 : 2022-02-18 ~ 2029-02-184) 계약(수주)일자 : 2022-02-185) 주요계약조건 : 당사지분 70%
1,432
66
1,302
230
345
-
향후 공사 진행 상황에 따라 대금을 수령할 계획입니다. 다만, 계약금액 및 계약기간 등은 공사 진행 상황에 따라 변경될 수 있습니다.
2024-09-26
1) 계약명 : 부산 새연산아파트 소규모재건축사업2) 계약상대방 : 새연산아파트 소규모 재건축정비사업조합3) 계약기간 : 2018-08-31~ 2025-08-044) 계약(수주)일자 : 2018-08-315) 주요계약조건 : 당사지분 100%
1,295
74
1,295
465
745
-
향후 공사 진행 상황에 따라 대금을 수령할 계획입니다. 다만, 계약금액 및 계약기간 등은 공사 진행 상황에 따라 변경될 수 있습니다.
2023-08-31
1) 계약명 : 양평 덕평지구 지역주택조합 공동주택 신축공사2) 계약상대방 : 양평덕평지구 지역주택조합3) 계약기간 : 2021-07-29~ 2026-06-304) 계약(수주)일자 : 2021-07-295) 주요계약조건 : 당사지분 100%
1,292
0
1,292
127
127
-
향후 공사 진행 상황에 따라 대금을 수령할 계획입니다. 다만, 계약금액 및 계약기간 등은 공사 진행 상황에 따라 변경될 수 있습니다.
2024-12-03
1) 계약명 : 여주~원주 복선전철 제2공구 노반건설공사2) 계약상대방 : 국가철도공단3) 계약기간 : 2023-12-26 ~ 2028-12-234) 계약(수주)일자 : 2023-12-265) 주요계약조건 : 당사지분 [토건] 43%, [전기,소방] 48%
1,401
91
1,274
155
155
-
향후 공사 진행 상황에 따라 대금을 수령할 계획입니다. 다만, 계약금액 및 계약기간 등은 공사 진행 상황에 따라 변경될 수 있습니다.
2024-10-31
1) 계약명 : 청주동남 A-2BL 민간참여 공공주택건설사업2) 계약상대방 : 한국토지주택공사3) 계약기간 : 실착공일로부터 34개월4) 계약(수주)일자 : 2024-10-315) 주요계약조건 : 당사지분 70%
1,245
1,241
1,241
0
0
계약 조건에 따라,'25년 8월 기성 청구하였습니다.
향후 공사 진행 상황에 따라 대금을 수령할 계획입니다. 다만, 계약금액 및 계약기간 등은 공사 진행 상황에 따라 변경될 수 있습니다.
2023-12-27
1) 계약명 : 강릉교동2공원사업 공동주택 신축공사2) 계약상대방 : 교동2공원개발 주식회사 / 한국자산신탁 주식회사3) 계약기간 : 2021-03-10 ~ 2024-10-254) 계약(수주)일자 : 2021-03-105) 주요계약조건 : 당사지분 74%
1,239
0
1,239
532
1,172
-
향후 공사 진행 상황에 따라 대금을 수령할 계획입니다. 다만, 계약금액 및 계약기간 등은 공사 진행 상황에 따라 변경될 수 있습니다.
2024-01-09
1) 계약명 : 용두동1구역 주택재개발정비사업2) 계약상대방 : 용두동1구역 주택재개발정비사업조합3) 계약기간 : 2019-04-22 ~ 2024-07-154) 계약(수주)일자 : 2019-04-225) 주요계약조건 : 당사지분 100%
1,212
37
1,212
431
1,206
-
향후 공사 진행 상황에 따라 대금을 수령할 계획입니다. 다만, 계약금액 및 계약기간 등은 공사 진행 상황에 따라 변경될 수 있습니다.
2024-12-26
1) 계약명 : 안양 냉천지구 주거환경개선사업2) 계약상대방 : 경기주택도시공사3) 계약기간 : 2021-12-23 ~ 2025-01-224) 계약(수주)일자 : 2021-02-235) 주요계약조건 : 당사지분 100%
1,212
26
1,199
443
883
-
향후 공사 진행 상황에 따라 대금을 수령할 계획입니다. 다만, 계약금액 및 계약기간 등은 공사 진행 상황에 따라 변경될 수 있습니다.
2024-11-29
1) 계약명 : 고속국도 제30호 서산~영덕선 대산~당진간 건설공사(제1공구)2) 계약상대방 : 경기주택도시공사3) 계약기간 : 2021-12-23 ~ 2025-01-224) 계약(수주)일자 : 2021-02-235) 주요계약조건 : 당사지분 100%
1,314
1,195
1,195
14
14
-
향후 공사 진행 상황에 따라 대금을 수령할 계획입니다. 다만, 계약금액 및 계약기간 등은 공사 진행 상황에 따라 변경될 수 있습니다.
2023-11-14
1) 계약명 : 송도 센트럴1지구 지역주택조합 공동주택 신축공사2) 계약상대방 : 송도 센트럴1지구 지역주택조합3) 계약기간 : 2021-11-01 ~ 2024-07-314) 계약(수주)일자 : 2021-12-235) 주요계약조건 : 당사지분 100%
1,172
0
1,172
0
176
-
향후 공사 진행 상황에 따라 대금을 수령할 계획입니다. 다만, 계약금액 및 계약기간 등은 공사 진행 상황에 따라 변경될 수 있습니다.
2024-05-31
1) 계약명 : 부산 하단1구역 재건축정비사업2) 계약상대방 : 하단1구역 재건축정비사업조합3) 계약기간 : 실착공일로부터 33개월4) 계약(수주)일자 : 2024-05-315) 주요계약조건 : 당사지분 100%
1,168
1,168
1,168
0
0
착공 후 대금 수령 예정입니다. (착공 예정일: '30년 4월)
향후 공사 진행 상황에 따라 대금을 수령할 계획입니다. 다만, 계약금액 및 계약기간 등은 공사 진행 상황에 따라 변경될 수 있습니다.
2024-08-19
1) 계약명 : 익산평화 주거환경개선사업 아파트건설공사 1공구2) 계약상대방 : 한국토지주택공사3) 계약기간 : 2019-08-08 ~ 2025-01-194) 계약(수주)일자 : 2018-12-195) 주요계약조건 : 당사지분 [토건] 50%, [소방] 100%
1,161
30
1,156
628
1,092
-
향후 공사 진행 상황에 따라 대금을 수령할 계획입니다. 다만, 계약금액 및 계약기간 등은 공사 진행 상황에 따라 변경될 수 있습니다.
2023-06-20
1) 계약명 : 광주 본촌2단지 현대지역주택조합 공동주택 신축공사2) 계약상대방 : 광주 본촌2단지 현대지역주택조합 공동주택 신축공사3) 계약기간 : 실착공일로부터 약 29개월4) 계약(수주)일자 : 2023-06-205) 주요계약조건 : 당사지분 100%
1,140
0
1,140
77
77
-
향후 공사 진행 상황에 따라 대금을 수령할 계획입니다. 다만, 계약금액 및 계약기간 등은 공사 진행 상황에 따라 변경될 수 있습니다.
2024-08-30
1) 계약명 : 고속국도 제255호선 강진~광주간 건설공사(제4공구)2) 계약상대방 : 한국도로공사3) 계약기간 : 2017-08-30 ~ 2026-12-314) 계약(수주)일자 : 2017-08-305) 주요계약조건 : 당사지분 [토건] 75%, [전기,소방] 100%
1,205
0
1,095
0
979
-
향후 공사 진행 상황에 따라 대금을 수령할 계획입니다. 다만, 계약금액 및 계약기간 등은 공사 진행 상황에 따라 변경될 수 있습니다.
2024-11-01
1) 계약명 : 영광영백풍력 발전단지2) 계약상대방 : 영광풍력태양광발전㈜3) 계약기간 : 실착공일로부터 24개월4) 계약(수주)일자 : 2024-10-315) 주요계약조건 : 당사 EPC 지분 100%
1,170
1,063
1,063
0
0
-
향후 공사 진행 상황에 따라 대금을 수령할 계획입니다. 다만, 계약금액 및 계약기간 등은 공사 진행 상황에 따라 변경될 수 있습니다.
2021-04-07
1) 계약명 : 산곡6 주택재개발정비사업2) 계약상대방 : 산곡6 주택재개발정비사업조합3) 계약기간 : 실착공일로부터 약 38개월4) 계약(수주)일자 : 2021-04-075) 주요계약조건 : 당사지분 20%
1,049
0
1,049
0
0
착공 후 대금 수령 예정입니다. (착공 예정일: '25년 12월)
향후 공사 진행 상황에 따라 대금을 수령할 계획입니다. 다만, 계약금액 및 계약기간 등은 공사 진행 상황에 따라 변경될 수 있습니다.
2020-12-22
1) 계약명 : 대흥동1구역 재개발정비사업2) 계약상대방 : 대흥동1구역 재개발정비사업 조합3) 계약기간 : 실착공일로부터 약 32개월4) 계약(수주)일자 : 2020-12-215) 주요계약조건 : 당사지분 55%
1,043
0
1,043
0
0
착공 후 대금 수령 예정입니다. (착공 예정일: '30년 9월)
향후 공사 진행 상황에 따라 대금을 수령할 계획입니다. 다만, 계약금액 및 계약기간 등은 공사 진행 상황에 따라 변경될 수 있습니다.
2024-11-01
1) 계약명 : 삼척도계풍력 발전사업2) 계약상대방 : 비에스에너지㈜3) 계약기간 : 실착공일로부터 30개월4) 계약(수주)일자 : 2024-10-315) 주요계약조건 : 당사지분 70%
1,147
0
1,043
0
0
착공 후 대금 수령 예정입니다. (착공 예정일: '25년 8월)
향후 공사 진행 상황에 따라 대금을 수령할 계획입니다. 다만, 계약금액 및 계약기간 등은 공사 진행 상황에 따라 변경될 수 있습니다.
2024-12-23
1) 계약명 : 국도77호선 여수 화태-백야 도로건설공사(2공구)2) 계약상대방 : 국토교통부 익산지방국토관리청3) 계약기간 : 2021-04-12 ~ 2027-08-264) 계약(수주)일자 : 2021-04-125) 주요계약조건 : 당사지분 55.42%
1,131
200
1,028
121
265
-
향후 공사 진행 상황에 따라 대금을 수령할 계획입니다. 다만, 계약금액 및 계약기간 등은 공사 진행 상황에 따라 변경될 수 있습니다.
2024-12-17
1) 계약명 : 탄자니아 다레살람시 하수처리시설 구축사업2) 계약상대방 : Dar es Salaam Water Supply and Sanitation Authority(DAWASA)3) 계약기간 : 실착공일로부터 약 36개월4) 계약(수주)일자 : 2024-12-165) 주요계약조건 : 당사지분 100%
991
991
991
0
0
-
향후 공사 진행 상황에 따라 대금을 수령할 계획입니다. 다만, 계약금액 및 계약기간 등은 공사 진행 상황에 따라 변경될 수 있습니다.
2024-06-28
1) 계약명 : 양양 만월산 풍력발전사업 건설공사2) 계약상대방 : 양양풍력발전 주식회사3) 계약기간 : 2020-12-01 ~ 2024-07-314) 계약(수주)일자 : 2017-10-185) 주요계약조건 : 당사지분 80%
945
0
945
146
945
-
향후 공사 진행 상황에 따라 대금을 수령할 계획입니다. 다만, 계약금액 및 계약기간 등은 공사 진행 상황에 따라 변경될 수 있습니다.
2022-04-21
1) 계약명 : 부산 남천동 화목타운 소규모재건축사업2) 계약상대방 : 화목타운 소규모재건축사업조합3) 계약기간 : 2022-04-20 ~ 2026-11-304) 계약(수주)일자 : 2022-04-205) 주요계약조건 : 당사지분 100%
944
0
944
0
0
착공 후 대금 수령 예정입니다. (착공 예정일: '27년 6월)
향후 공사 진행 상황에 따라 대금을 수령할 계획입니다. 다만, 계약금액 및 계약기간 등은 공사 진행 상황에 따라 변경될 수 있습니다.
2024-07-31
1) 계약명 : 영덕 해맞이 풍력발전사업2) 계약상대방 : 영덕해맞이풍력발전(주) 3) 계약기간 : 2022-05-11 ~ 2024-09-304) 계약(수주)일자 : 2021-06-305) 주요계약조건 : 당사 EPC지분 100%
1,028
61
935
332
935
-
향후 공사 진행 상황에 따라 대금을 수령할 계획입니다. 다만, 계약금액 및 계약기간 등은 공사 진행 상황에 따라 변경될 수 있습니다.
2020-12-30
1) 계약명 : 부산 만덕3구역 재건축사업2) 계약상대방 : 부산 만덕3구역 재건축정비사업조합3) 계약기간 : 실착공일로부터 약 30개월4) 계약(수주)일자 : 2020-12-295) 주요계약조건 : 당사지분 100%
905
0
905
0
0
착공 후 대금 수령 예정입니다. (착공 예정일: '30년 3월)
향후 공사 진행 상황에 따라 대금을 수령할 계획입니다. 다만, 계약금액 및 계약기간 등은 공사 진행 상황에 따라 변경될 수 있습니다.
2024-10-16
1) 계약명 : 가나 지속가능개발대학 건립사업2) 계약상대방 : 가나 교육부3) 계약기간 : 2022-08-01 ~ 2025-08-104) 계약(수주)일자 : 2022-04-115) 주요계약조건 : 당사지분 74%
761
710
838
246
547
-
향후 공사 진행 상황에 따라 대금을 수령할 계획입니다. 다만, 계약금액 및 계약기간 등은 공사 진행 상황에 따라 변경될 수 있습니다.
2023-11-03
1) 계약명 : 면목역3의3구역 가로주택정비사업2) 계약상대방 : 면목역3의3구역 가로주택정비사업조합3) 계약기간 : 실착공일로부터 약 33개월4) 계약(수주)일자 : 2023-11-025) 주요계약조건 : 당사지분 100%
801
0
801
0
0
착공 후 대금 수령 예정입니다. (착공 예정일: '29년 7월)
향후 공사 진행 상황에 따라 대금을 수령할 계획입니다. 다만, 계약금액 및 계약기간 등은 공사 진행 상황에 따라 변경될 수 있습니다.
2024-09-05
1) 계약명 : 부산 대연2 가로주택정비사업2) 계약상대방 : 대연2 가로주택정비사업조합3) 계약기간 : 2022-11-10 ~ 2027-03-314) 계약(수주)일자 : 2022-11-105) 주요계약조건 : 당사지분 100%
796
86
796
0
0
착공 후 대금 수령 예정입니다. (착공 예정일: '27년 6월)
향후 공사 진행 상황에 따라 대금을 수령할 계획입니다. 다만, 계약금액 및 계약기간 등은 공사 진행 상황에 따라 변경될 수 있습니다.
2024-09-04
1) 계약명 : 시흥인천지역 전기공급시설 전력구공사(신시흥-신송도 2차)2) 계약상대방 : 한국전력공사3) 계약기간 : 2024-10-04 ~ 2027-10-034) 계약(수주)일자 : 2024-09-035) 주요계약조건 : 당사지분 65%
806
732
732
0
0
-
향후 공사 진행 상황에 따라 대금을 수령할 계획입니다. 다만, 계약금액 및 계약기간 등은 공사 진행 상황에 따라 변경될 수 있습니다.
2023-11-23
1) 계약명 : 번동10구역 가로주택정비사업2) 계약상대방 : 번동10구역 가로주택정비사업조합3) 계약기간 : 실착공일로부터 약 32개월 4) 계약(수주)일자 : 2023-11-225) 주요계약조건 : 당사지분 100%
732
0
732
0
0
착공 후 대금 수령 예정입니다. (착공 예정일: '28년 1월)
향후 공사 진행 상황에 따라 대금을 수령할 계획입니다. 다만, 계약금액 및 계약기간 등은 공사 진행 상황에 따라 변경될 수 있습니다.
2023-06-22
1) 계약명 : 면목역3의2구역 가로주택정비사업 2) 계약상대방 : 면목역3의2구역 가로주택정비사업조합3) 계약기간 : 실착공일로부터 약 33개월4) 계약(수주)일자 : 2023-06-215) 주요계약조건 : 당사지분 100%
731
0
731
0
0
착공 후 대금 수령 예정입니다. (착공 예정일: '29년 7월)
향후 공사 진행 상황에 따라 대금을 수령할 계획입니다. 다만, 계약금액 및 계약기간 등은 공사 진행 상황에 따라 변경될 수 있습니다.
2024-12-20
1) 계약명 : 서울도시철도7호선 청라국제도시 연장 추가정거장(005-1) 건설공사2) 계약상대방 : 인천광역시 도시철도건설본부3) 계약기간 : 2024-12-27 ~ 2029-06-254) 계약(수주)일자 : 2024-12-195) 주요계약조건 : 당사지분 [토목] 51%, [건축] 44%, [소방] 78%
802
729
729
0
129
-
향후 공사 진행 상황에 따라 대금을 수령할 계획입니다. 다만, 계약금액 및 계약기간 등은 공사 진행 상황에 따라 변경될 수 있습니다.
2024-03-05
1) 계약명 : 서울 청담동 고급 공동주택 신축공사2) 계약상대방 : 주식회사 디에이치알청담3) 계약기간 : 2022-11-17 ~ 2025-11-174) 계약(수주)일자 : 2024-03-055) 주요계약조건 : 당사지분 100%
727
20
727
169
244
-
향후 공사 진행 상황에 따라 대금을 수령할 계획입니다. 다만, 계약금액 및 계약기간 등은 공사 진행 상황에 따라 변경될 수 있습니다.
2019-06-19
1) 계약명 : 순천 벌교-주암(3-1공구) 도로확장공사2) 계약상대방 : 조달청3) 계약기간 : 2019-06-19 ~ 2027-06-164) 계약(수주)일자 : 2019-06-195) 주요계약조건 : 당사지분 80%
796
0
724
201
600
-
향후 공사 진행 상황에 따라 대금을 수령할 계획입니다. 다만, 계약금액 및 계약기간 등은 공사 진행 상황에 따라 변경될 수 있습니다.
2024-12-04
1) 계약명 : 국회대로 지하차도 및 상부공원화(2단계)건설공사 1공구2) 계약상대방 : 서울특별시 도시기반시설본부3) 계약기간 : 2021-01-15 ~ 2027-12-314) 계약(수주)일자 : 2021-01-145) 주요계약조건 : 당사지분 51%
793
59
721
80
298
-
향후 공사 진행 상황에 따라 대금을 수령할 계획입니다. 다만, 계약금액 및 계약기간 등은 공사 진행 상황에 따라 변경될 수 있습니다.
2024-12-19
1) 계약명 : 부산 대연 가로주택정비사업(1구역)2) 계약상대방 : 대연 가로주택정비사업조합3) 계약기간 : 실착공일로부터 약 36개월 4) 계약(수주)일자 : 2022-09-235) 주요계약조건 : 당사지분 100%
710
57
710
0
0
착공 후 대금 수령 예정입니다. (착공 예정일: '27년 6월)
향후 공사 진행 상황에 따라 대금을 수령할 계획입니다. 다만, 계약금액 및 계약기간 등은 공사 진행 상황에 따라 변경될 수 있습니다.
2019-06-19
1) 계약명 : 순천 벌교-주암(3-2공구) 도로확장공사2) 계약상대방 : 조달청3) 계약기간 : 2019-06-18 ~ 2027-06-154) 계약(수주)일자 : 2019-06-185) 주요계약조건 : 당사지분 80%
776
0
706
152
587
-
향후 공사 진행 상황에 따라 대금을 수령할 계획입니다. 다만, 계약금액 및 계약기간 등은 공사 진행 상황에 따라 변경될 수 있습니다.
2023-06-28
1) 계약명 : 미아3구역 가로주택정비사업2) 계약상대방 : 미아3구역 가로주택정비사업조합3) 계약기간 : 실착공일로부터 약 26개월4) 계약(수주)일자 : 2023-06-285) 주요계약조건 : 당사지분 100%
700
0
700
0
0
착공 후 대금 수령 예정입니다. (착공 예정일: '29년 6월)
향후 공사 진행 상황에 따라 대금을 수령할 계획입니다. 다만, 계약금액 및 계약기간 등은 공사 진행 상황에 따라 변경될 수 있습니다.
2024-12-06
1) 계약명 : 부산 대연1 가로주택정비사업(3구역)2) 계약상대방 : 대연1 가로주택정비사업조합3) 계약기간 : 2022-09-30 ~ 2027-01-314) 계약(수주)일자 : 2022-09-305) 주요계약조건 : 당사지분 100%
700
65
700
0
0
착공 후 대금 수령 예정입니다. (착공 예정일: '27년 6월)
향후 공사 진행 상황에 따라 대금을 수령할 계획입니다. 다만, 계약금액 및 계약기간 등은 공사 진행 상황에 따라 변경될 수 있습니다.
2024-05-08
1) 계약명 : 검단신도시 AA16BL 민간참여 주택건설사업2) 계약상대방 : 인천도시공사3) 계약기간 : 2022-05-13 ~ 2025-01-134) 계약(수주)일자 : 2024-05-085) 주요계약조건 : 당사지분 21.27%
694
66
671
331
599
-
향후 공사 진행 상황에 따라 대금을 수령할 계획입니다. 다만, 계약금액 및 계약기간 등은 공사 진행 상황에 따라 변경될 수 있습니다.
2023-06-23
1) 계약명 : 면목역3의1구역 가로주택정비사업2) 계약상대방 : 면목역3의1구역 가로주택정비사업조합3) 계약기간 : 실착공일로부터 약 34개월4) 계약(수주)일자 : 2023-06-225) 주요계약조건 : 당사지분 100%
669
0
669
0
0
착공 후 대금 수령 예정입니다. (착공 예정일: '29년 7월)
향후 공사 진행 상황에 따라 대금을 수령할 계획입니다. 다만, 계약금액 및 계약기간 등은 공사 진행 상황에 따라 변경될 수 있습니다.
2023-11-06
1) 계약명 : KT&G KK PJT 건설공사2) 계약상대방 : KT&G Kazakhstan LLP (KT&G 카자흐스탄 법인)3) 계약기간 : 2023-09-22 ~ 2025-01-224) 계약(수주)일자 : 2023-11-035) 주요계약조건 : 당사지분 60%
612
56
656
499
499
-
향후 공사 진행 상황에 따라 대금을 수령할 계획입니다. 다만, 계약금액 및 계약기간 등은 공사 진행 상황에 따라 변경될 수 있습니다.
2024-05-10
1) 계약명 : 화성동탄2 A76-2블록 민간참여 공동주택사업2) 계약상대방 : 경기주택도시공사3) 계약기간 : 착공 2024년 11월, 준공 2027년 12월 예정4) 계약(수주)일자 : 2024-05-095) 주요계약조건 : 당사지분 15%
676
655
655
4
4
-
향후 공사 진행 상황에 따라 대금을 수령할 계획입니다. 다만, 계약금액 및 계약기간 등은 공사 진행 상황에 따라 변경될 수 있습니다.
2024-09-25
1) 계약명 : 강동구 자원순환센터 건립공사2) 계약상대방 : 서울특별시 도시기반시설본부3) 계약기간 : 2020-05-15 ~ 2025-10-304) 계약(수주)일자 : 2020-05-155) 주요계약조건 : 당사지분 34%
707
7
643
178
446
-
향후 공사 진행 상황에 따라 대금을 수령할 계획입니다. 다만, 계약금액 및 계약기간 등은 공사 진행 상황에 따라 변경될 수 있습니다.
2024-03-14
1) 계약명 : 용인 345kV 변전소 Project 종합건설공사2) 계약상대방 : 에스케이하이닉스 주식회사3) 계약기간 : 2024-03-13 ~ 2026-08-314) 계약(수주)일자 : 2024-03-135) 주요계약조건 : 당사지분 100%
634
634
634
143
143
-
향후 공사 진행 상황에 따라 대금을 수령할 계획입니다. 다만, 계약금액 및 계약기간 등은 공사 진행 상황에 따라 변경될 수 있습니다.
2024-02-26
1) 계약명 : 천호동110번지일대(2구역) 가로주택정비사업2) 계약상대방 : 천호동110번지일대 가로주택정비사업조합3) 계약기간 : 실착공일로부터 약 27개월4) 계약(수주)일자 : 2024-02-235) 주요계약조건 : 당사지분 100%
610
610
610
0
0
착공 후 대금 수령 예정입니다. (착공 예정일: '29년 7월)
향후 공사 진행 상황에 따라 대금을 수령할 계획입니다. 다만, 계약금액 및 계약기간 등은 공사 진행 상황에 따라 변경될 수 있습니다.
※ 공시서류 작성기준일 기준, 준공 및 수금이 모두 완료된 현장은 제외하였습니다. 단, 당기 중 준공된 현장은 상기 목록에 포함하였습니다.※ 상기 신고일자는 최근 공시일자입니다.※ 계약금액총액은 공시된 금액 기준입니다. 판매ㆍ공급금액은 부가세가 제외된 금액이며, 일부 변동사항 신고 예외에 해당하는 금액이 포함되어 있을 수 있습니다.※ 해외 현장의 경우 환율에 의해 실제 대금수령금액과는 차이가 있을 수 있습니다.※ 미착공 현장의 경우 착공 이후 대금수령금액을 기재할 예정입니다.
2) 향후 추진 계획당사는 상기 공시된 프로젝트뿐만 아니라 모든 프로젝트에 대해 계약 체결부터 준공까지 전 과정을 체계적으로 관리하며, 대금 수령이 원활히 이루어지도록 운영하고 있습니다.착공 프로젝트의 경우 계약 조건에 따라 정상적으로 대금을 수령하고 있으며, 미착공 프로젝트는 착공 후 계약서에 명시된 조건과 당사 계획에 따라 대금을 수령할 예정입니다.사업 진행 과정에서 인ㆍ허가 일정 조정, 설계변경에 따른 공사비 증액, 공사기간의 변경 등으로 변경계약이 체결될 수 있으며, 이로 인해 사업 일정이 변동될 수 있습니다. 각 프로젝트는 계약 조건과 내부 계획에 따라 진행하되, 시장 환경과 수요 변화를 고려하여 운영할 방침입니다.향후 상기 계약 진행사항과 관련하여 변동 사항이 발생할 경우, '단일판매ㆍ공급계약' 정정공시를 통해 신속하게 반영할 예정입니다."	ok_sub
20250814003323	한세예스24홀딩스	예	VI. 3. 소수주주권	소수주주권 행사 미기재	20250318001443	"3. 주주총회 등에 관한 사항
1. 투표제도 현황
(기준일 :
2024년 12월 31일
)
투표제도 종류
집중투표제
서면투표제
전자투표제
도입여부
배제
미도입
도입
실시여부
-
-
실시
2. 의결권 현황
(기준일 :
2024년 12월 31일
)
(단위 : 주)
구 분
주식의 종류
주식수
비고
발행주식총수(A)
보통주
40,000,000
-
-
-
-
의결권없는 주식수(B)
보통주
719,873
-
-
-
-
정관에 의하여 의결권 행사가 배제된 주식수(C)
-
-
-
-
-
-
기타 법률에 의하여의결권 행사가 제한된 주식수(D)
-
-
-
-
-
-
의결권이 부활된 주식수(E)
-
-
-
-
-
-
의결권을 행사할 수 있는 주식수(F = A - B - C - D + E)
보통주
39,280,127
-
-
-
-
3. 주식사무
2024년 12월 31일 현재 당사 정관상의 신주인수권 내용 및 주식의 사무에 관련된 주요사항은 다음과 같습니다.
정관상 신주인수권의 내용
제9조(신주인수권) ① 회사가 이사회의 결의로 신주를 발행하는 경우 다음 각 호의 방식에 의한다.
1. 주주에게 그가 가진 주식 수에 따라서 신주를 배정하기 위하여 신주인수의 청약을 할 기회를 부여하는 방식
2. 발행주식총수의 100분의 20을 초과하지 않는 범위 내에서 신기술의 도입, 재무구조의 개선 등 회사의 경영상 목적을 달성하기 위하여 필요한 경우 제1호 외의 방법으로 특정한 자(회사의 주주를 포함한다)에게 신주를 배정하기 위하여 신주인수의 청약을 할 기회를 부여하는 방식
3. 발행주식총수의 100분의 20을 초과하지 않는 범위 내에서 제1호 외의 방법으로 불특정 다수인(회사의 주주를 포함한다)에게 신주인수의 청약을 할 기회를 부여하고 이에 따라 청약을 한 자에 대하여 신주를 배정하는 방식
② 제1항 제3호의 방식으로 신주를 배정하는 경우에는 이사회의 결의로 다음 각 호의 어느 하나에 해당하는 방식으로 신주를 배정하여야 한다.
1. 신주인수의 청약을 할 기회를 부여하는 자의 유형을 분류하지 아니하고 불특정 다수의 청약자에게 신주를 배정하는 방식
2. 관계 법령에 따라 우리사주조합원에 대하여 신주를 배정하고 청약되지 아니한 주식까지 포함하여 불특정 다수인에게 신주인수의 청약을 할 기회를 부여하는 방식
3. 주주에 대하여 우선적으로 신주인수의 청약을 할 수 있는 기회를 부여하고 청약되지 아니한 주식이 있는 경우 이를 불특정 다수인에게 신주를 배정받을 기회를 부여하는 방식
4. 투자매매업자 또는 투자중개업자가 인수인 또는 주선인으로서 마련한 수요예측 등 관계 법규에서 정하는 합리적인 기준에 따라 특정한 유형의 자에게 신주인수의 청약을 할 수 있는 기회를 부여하는 방식
③ 제1항 제2호 및 제3호에 따라 신주를 배정하는 경우 상법 제416조 제1호, 제2호, 제2호의2, 제3호 및 제4호에서 정하는 사항을 그 납입기일의 2주 전까지 주주에게 통지하거나 공고하여야 한다. 다만, 자본시장과 금융투자업에 관한 법률 제165조의9에 따라 주요사항보고서를 금융위원회 및 거래소에 공시함으로써 그 통지 및 공고를 갈음할 수 있다.
④ 제1항 각호의 어느 하나의 방식에 의해 신주를 발행할 경우에는 발행할 주식의 종류와 수 및 발행가격 등은 이사회의 결의로 정한다.
⑤ 회사는 신주를 배정하는 경우 그 기일까지 신주인수의 청약을 하지 아니하거나 그 가액을 납입하지 아니한 주식이 발생하는 경우에 그 처리방법은 발행가액의 적정성 등 관련 법령에서 정하는 바에 따라 이사회 결의로 정한다.
⑥ 회사는 신주를 배정하면서 발생하는 단주에 대한 처리방법은 이사회의 결의로 정한다.
결 산 일
12월 31일
정기주주총회
2025년 3월 26일(수)
주주명부폐쇄시기
전자증권제도 시행을 위한 주식·사채 등의 전자등록에 관한 법률(이하 “전자증권법”) 시행에 따라 주주명부폐쇄기간을 설정하지 않습니다.
명의개서대리인
(주)하나은행 증권대행부
주주의 특전
없음
공고게재
www.hansaeyes24.com
4. 주주총회 의사록 요약
주총일자
안건
결의내용
주요 논의 내용
제42기
(2024. 03. 28)
제1호 의안 : 제42기 제무제표(이익잉여금처분계산서(안)포함) 및 연결재무제표 승인의 건
가결
ㆍ42기 영업성과 및 배당 관련 설명
제2호 의안 : 사외이사 선임의 건 (이하욱)
가결
ㆍ후보 추천사유 설명
제3호 의안 : 감사위원회 위원 선임의 건 (이하욱)
가결
ㆍ후보 추천사유 설명
제4호 의안 : 임원퇴직금 규정 변경 건
가결
ㆍ임원퇴직금 지급 규정 적용 대상과 내용 설명
제5호 의안 : 정관 변경의 건
가결
ㆍ내부거래위원회 신설
ㆍ배당절차개선
ㆍ중간배당신설
제6호 의안 : 이사 보수 한도 승인의 건
가결
ㆍ이사보수 한도 검토 절차 및 구성내역 설명
제41기
(2023. 03. 29)
제1호 의안 : 제41기 재무제표(이익잉여금처분계산서(안)포함) 및 연결재무제표 승인의 건
가결
ㆍ41기 영업성과 및 배당 관련 설명
제2호 의안 : 사외이사 선임의 건 (하찬호, 고경택)
가결
ㆍ후보 추천사유 설명
제3호 의안 : 감사위원회 위원이 되는 사외이사 선임의 건 (이기화)
가결
ㆍ후보 추천사유 설명
제4호 의안 : 감사위원회 위원 선임의 건 (하찬호, 고경택)
가결
ㆍ후보 추천사유 설명
제5호 의안 : 이사 보수 한도 승인의 건
가결
ㆍ이사보수 한도 검토 절차 및 구성내역 설명
제40기
(2022. 03. 29)
제1호 의안 : 제 40기 (2021년1월1일~2021년12월31일)재무제표(이익잉여금처분계산서(안)포함) 및 연결재무제표 승인의 건
가결
ㆍ40기 영업성과 및 배당 관련 설명
제2호 의안 : 사내이사 재선임의 건 (김동녕, 김석환, 김익환, 김지원)
가결
ㆍ후보 추천사유 설명
제3호 의안 : 이사 보수한도 승인의 건
가결
ㆍ이사보수 한도 검토 절차 및 구성내역 설명
제4호 의안 : 정관 변경의 건
가결
ㆍ정관 변경 규정 및 내용 설명"	"3. 주주총회 등에 관한 사항
1. 투표제도 현황
(기준일 :
2024년 12월 31일
)
투표제도 종류
집중투표제
서면투표제
전자투표제
도입여부
배제
미도입
도입
실시여부
-
-
실시
2. 소수주주권
행사자
안건
목적사항 포함여부
거부사유
진행경과
홍영수
사외이사 이하욱 후보 추천의 건
포함
-
- 2024.02.16 사외이사 후보 추천- 2024.03.28 제 42기 정기주주총회에 주주제안 안건(제2호 의안) 상정
3. 의결권 현황
(기준일 :
2024년 12월 31일
)
(단위 : 주)
구 분
주식의 종류
주식수
비고
발행주식총수(A)
보통주
40,000,000
-
-
-
-
의결권없는 주식수(B)
보통주
719,873
-
-
-
-
정관에 의하여 의결권 행사가 배제된 주식수(C)
-
-
-
-
-
-
기타 법률에 의하여의결권 행사가 제한된 주식수(D)
-
-
-
-
-
-
의결권이 부활된 주식수(E)
-
-
-
-
-
-
의결권을 행사할 수 있는 주식수(F = A - B - C - D + E)
보통주
39,280,127
-
-
-
-
4. 주식사무
2024년 12월 31일 현재 당사 정관상의 신주인수권 내용 및 주식의 사무에 관련된 주요사항은 다음과 같습니다.
정관상 신주인수권의 내용
제9조(신주인수권) ① 회사가 이사회의 결의로 신주를 발행하는 경우 다음 각 호의 방식에 의한다.
1. 주주에게 그가 가진 주식 수에 따라서 신주를 배정하기 위하여 신주인수의 청약을 할 기회를 부여하는 방식
2. 발행주식총수의 100분의 20을 초과하지 않는 범위 내에서 신기술의 도입, 재무구조의 개선 등 회사의 경영상 목적을 달성하기 위하여 필요한 경우 제1호 외의 방법으로 특정한 자(회사의 주주를 포함한다)에게 신주를 배정하기 위하여 신주인수의 청약을 할 기회를 부여하는 방식
3. 발행주식총수의 100분의 20을 초과하지 않는 범위 내에서 제1호 외의 방법으로 불특정 다수인(회사의 주주를 포함한다)에게 신주인수의 청약을 할 기회를 부여하고 이에 따라 청약을 한 자에 대하여 신주를 배정하는 방식
② 제1항 제3호의 방식으로 신주를 배정하는 경우에는 이사회의 결의로 다음 각 호의 어느 하나에 해당하는 방식으로 신주를 배정하여야 한다.
1. 신주인수의 청약을 할 기회를 부여하는 자의 유형을 분류하지 아니하고 불특정 다수의 청약자에게 신주를 배정하는 방식
2. 관계 법령에 따라 우리사주조합원에 대하여 신주를 배정하고 청약되지 아니한 주식까지 포함하여 불특정 다수인에게 신주인수의 청약을 할 기회를 부여하는 방식
3. 주주에 대하여 우선적으로 신주인수의 청약을 할 수 있는 기회를 부여하고 청약되지 아니한 주식이 있는 경우 이를 불특정 다수인에게 신주를 배정받을 기회를 부여하는 방식
4. 투자매매업자 또는 투자중개업자가 인수인 또는 주선인으로서 마련한 수요예측 등 관계 법규에서 정하는 합리적인 기준에 따라 특정한 유형의 자에게 신주인수의 청약을 할 수 있는 기회를 부여하는 방식
③ 제1항 제2호 및 제3호에 따라 신주를 배정하는 경우 상법 제416조 제1호, 제2호, 제2호의2, 제3호 및 제4호에서 정하는 사항을 그 납입기일의 2주 전까지 주주에게 통지하거나 공고하여야 한다. 다만, 자본시장과 금융투자업에 관한 법률 제165조의9에 따라 주요사항보고서를 금융위원회 및 거래소에 공시함으로써 그 통지 및 공고를 갈음할 수 있다.
④ 제1항 각호의 어느 하나의 방식에 의해 신주를 발행할 경우에는 발행할 주식의 종류와 수 및 발행가격 등은 이사회의 결의로 정한다.
⑤ 회사는 신주를 배정하는 경우 그 기일까지 신주인수의 청약을 하지 아니하거나 그 가액을 납입하지 아니한 주식이 발생하는 경우에 그 처리방법은 발행가액의 적정성 등 관련 법령에서 정하는 바에 따라 이사회 결의로 정한다.
⑥ 회사는 신주를 배정하면서 발생하는 단주에 대한 처리방법은 이사회의 결의로 정한다.
결 산 일
12월 31일
정기주주총회
2025년 3월 26일(수)
주주명부폐쇄시기
전자증권제도 시행을 위한 주식·사채 등의 전자등록에 관한 법률(이하 “전자증권법”) 시행에 따라 주주명부폐쇄기간을 설정하지 않습니다.
명의개서대리인
(주)하나은행 증권대행부
주주의 특전
없음
공고게재
www.hansaeyes24.com
5. 주주총회 의사록 요약
주총일자
안건
결의내용
주요 논의 내용
제42기(2024. 03. 28)
제1호 의안 : 제42기 제무제표(이익잉여금처분계산서(안)포함) 및 연결재무제표 승인의 건
가결
ㆍ42기 영업성과 및 배당 관련 설명
제2호 의안 : 사외이사 선임의 건 (이하욱) (주주제안 안건)
가결
ㆍ후보 추천사유 설명
(주주제안 안건)
제3호 의안 : 감사위원회 위원 선임의 건 (이하욱)
가결
ㆍ후보 추천사유 설명
제4호 의안 : 임원퇴직금 규정 변경 건
가결
ㆍ임원퇴직금 지급 규정 적용 대상과 내용 설명
제5호 의안 : 정관 변경의 건
가결
ㆍ내부거래위원회 신설ㆍ배당절차개선ㆍ중간배당신설
제6호 의안 : 이사 보수 한도 승인의 건
가결
ㆍ이사보수 한도 검토 절차 및 구성내역 설명
제41기(2023. 03. 29)
제1호 의안 : 제41기 재무제표(이익잉여금처분계산서(안)포함) 및 연결재무제표 승인의 건
가결
ㆍ41기 영업성과 및 배당 관련 설명
제2호 의안 : 사외이사 선임의 건 (하찬호, 고경택)
가결
ㆍ후보 추천사유 설명
제3호 의안 : 감사위원회 위원이 되는 사외이사 선임의 건 (이기화)
가결
ㆍ후보 추천사유 설명
제4호 의안 : 감사위원회 위원 선임의 건 (하찬호, 고경택)
가결
ㆍ후보 추천사유 설명
제5호 의안 : 이사 보수 한도 승인의 건
가결
ㆍ이사보수 한도 검토 절차 및 구성내역 설명
제40기(2022. 03. 29)
제1호 의안 : 제 40기 (2021년1월1일~2021년12월31일)재무제표(이익잉여금처분계산서(안)포함) 및 연결재무제표 승인의 건
가결
ㆍ40기 영업성과 및 배당 관련 설명
제2호 의안 : 사내이사 재선임의 건 (김동녕, 김석환, 김익환, 김지원)
가결
ㆍ후보 추천사유 설명
제3호 의안 : 이사 보수한도 승인의 건
가결
ㆍ이사보수 한도 검토 절차 및 구성내역 설명
제4호 의안 : 정관 변경의 건
가결
ㆍ정관 변경 규정 및 내용 설명"	ok
20250814003323	한세예스24홀딩스	예	VI. 3. 주주총회 의사록 요약	주주총회의사록 요약(주주제안 안건표시) 미흡기재	20250318001443	"3. 주주총회 등에 관한 사항
1. 투표제도 현황
(기준일 :
2024년 12월 31일
)
투표제도 종류
집중투표제
서면투표제
전자투표제
도입여부
배제
미도입
도입
실시여부
-
-
실시
2. 의결권 현황
(기준일 :
2024년 12월 31일
)
(단위 : 주)
구 분
주식의 종류
주식수
비고
발행주식총수(A)
보통주
40,000,000
-
-
-
-
의결권없는 주식수(B)
보통주
719,873
-
-
-
-
정관에 의하여 의결권 행사가 배제된 주식수(C)
-
-
-
-
-
-
기타 법률에 의하여의결권 행사가 제한된 주식수(D)
-
-
-
-
-
-
의결권이 부활된 주식수(E)
-
-
-
-
-
-
의결권을 행사할 수 있는 주식수(F = A - B - C - D + E)
보통주
39,280,127
-
-
-
-
3. 주식사무
2024년 12월 31일 현재 당사 정관상의 신주인수권 내용 및 주식의 사무에 관련된 주요사항은 다음과 같습니다.
정관상 신주인수권의 내용
제9조(신주인수권) ① 회사가 이사회의 결의로 신주를 발행하는 경우 다음 각 호의 방식에 의한다.
1. 주주에게 그가 가진 주식 수에 따라서 신주를 배정하기 위하여 신주인수의 청약을 할 기회를 부여하는 방식
2. 발행주식총수의 100분의 20을 초과하지 않는 범위 내에서 신기술의 도입, 재무구조의 개선 등 회사의 경영상 목적을 달성하기 위하여 필요한 경우 제1호 외의 방법으로 특정한 자(회사의 주주를 포함한다)에게 신주를 배정하기 위하여 신주인수의 청약을 할 기회를 부여하는 방식
3. 발행주식총수의 100분의 20을 초과하지 않는 범위 내에서 제1호 외의 방법으로 불특정 다수인(회사의 주주를 포함한다)에게 신주인수의 청약을 할 기회를 부여하고 이에 따라 청약을 한 자에 대하여 신주를 배정하는 방식
② 제1항 제3호의 방식으로 신주를 배정하는 경우에는 이사회의 결의로 다음 각 호의 어느 하나에 해당하는 방식으로 신주를 배정하여야 한다.
1. 신주인수의 청약을 할 기회를 부여하는 자의 유형을 분류하지 아니하고 불특정 다수의 청약자에게 신주를 배정하는 방식
2. 관계 법령에 따라 우리사주조합원에 대하여 신주를 배정하고 청약되지 아니한 주식까지 포함하여 불특정 다수인에게 신주인수의 청약을 할 기회를 부여하는 방식
3. 주주에 대하여 우선적으로 신주인수의 청약을 할 수 있는 기회를 부여하고 청약되지 아니한 주식이 있는 경우 이를 불특정 다수인에게 신주를 배정받을 기회를 부여하는 방식
4. 투자매매업자 또는 투자중개업자가 인수인 또는 주선인으로서 마련한 수요예측 등 관계 법규에서 정하는 합리적인 기준에 따라 특정한 유형의 자에게 신주인수의 청약을 할 수 있는 기회를 부여하는 방식
③ 제1항 제2호 및 제3호에 따라 신주를 배정하는 경우 상법 제416조 제1호, 제2호, 제2호의2, 제3호 및 제4호에서 정하는 사항을 그 납입기일의 2주 전까지 주주에게 통지하거나 공고하여야 한다. 다만, 자본시장과 금융투자업에 관한 법률 제165조의9에 따라 주요사항보고서를 금융위원회 및 거래소에 공시함으로써 그 통지 및 공고를 갈음할 수 있다.
④ 제1항 각호의 어느 하나의 방식에 의해 신주를 발행할 경우에는 발행할 주식의 종류와 수 및 발행가격 등은 이사회의 결의로 정한다.
⑤ 회사는 신주를 배정하는 경우 그 기일까지 신주인수의 청약을 하지 아니하거나 그 가액을 납입하지 아니한 주식이 발생하는 경우에 그 처리방법은 발행가액의 적정성 등 관련 법령에서 정하는 바에 따라 이사회 결의로 정한다.
⑥ 회사는 신주를 배정하면서 발생하는 단주에 대한 처리방법은 이사회의 결의로 정한다.
결 산 일
12월 31일
정기주주총회
2025년 3월 26일(수)
주주명부폐쇄시기
전자증권제도 시행을 위한 주식·사채 등의 전자등록에 관한 법률(이하 “전자증권법”) 시행에 따라 주주명부폐쇄기간을 설정하지 않습니다.
명의개서대리인
(주)하나은행 증권대행부
주주의 특전
없음
공고게재
www.hansaeyes24.com
4. 주주총회 의사록 요약
주총일자
안건
결의내용
주요 논의 내용
제42기
(2024. 03. 28)
제1호 의안 : 제42기 제무제표(이익잉여금처분계산서(안)포함) 및 연결재무제표 승인의 건
가결
ㆍ42기 영업성과 및 배당 관련 설명
제2호 의안 : 사외이사 선임의 건 (이하욱)
가결
ㆍ후보 추천사유 설명
제3호 의안 : 감사위원회 위원 선임의 건 (이하욱)
가결
ㆍ후보 추천사유 설명
제4호 의안 : 임원퇴직금 규정 변경 건
가결
ㆍ임원퇴직금 지급 규정 적용 대상과 내용 설명
제5호 의안 : 정관 변경의 건
가결
ㆍ내부거래위원회 신설
ㆍ배당절차개선
ㆍ중간배당신설
제6호 의안 : 이사 보수 한도 승인의 건
가결
ㆍ이사보수 한도 검토 절차 및 구성내역 설명
제41기
(2023. 03. 29)
제1호 의안 : 제41기 재무제표(이익잉여금처분계산서(안)포함) 및 연결재무제표 승인의 건
가결
ㆍ41기 영업성과 및 배당 관련 설명
제2호 의안 : 사외이사 선임의 건 (하찬호, 고경택)
가결
ㆍ후보 추천사유 설명
제3호 의안 : 감사위원회 위원이 되는 사외이사 선임의 건 (이기화)
가결
ㆍ후보 추천사유 설명
제4호 의안 : 감사위원회 위원 선임의 건 (하찬호, 고경택)
가결
ㆍ후보 추천사유 설명
제5호 의안 : 이사 보수 한도 승인의 건
가결
ㆍ이사보수 한도 검토 절차 및 구성내역 설명
제40기
(2022. 03. 29)
제1호 의안 : 제 40기 (2021년1월1일~2021년12월31일)재무제표(이익잉여금처분계산서(안)포함) 및 연결재무제표 승인의 건
가결
ㆍ40기 영업성과 및 배당 관련 설명
제2호 의안 : 사내이사 재선임의 건 (김동녕, 김석환, 김익환, 김지원)
가결
ㆍ후보 추천사유 설명
제3호 의안 : 이사 보수한도 승인의 건
가결
ㆍ이사보수 한도 검토 절차 및 구성내역 설명
제4호 의안 : 정관 변경의 건
가결
ㆍ정관 변경 규정 및 내용 설명"	"3. 주주총회 등에 관한 사항
1. 투표제도 현황
(기준일 :
2024년 12월 31일
)
투표제도 종류
집중투표제
서면투표제
전자투표제
도입여부
배제
미도입
도입
실시여부
-
-
실시
2. 소수주주권
행사자
안건
목적사항 포함여부
거부사유
진행경과
홍영수
사외이사 이하욱 후보 추천의 건
포함
-
- 2024.02.16 사외이사 후보 추천- 2024.03.28 제 42기 정기주주총회에 주주제안 안건(제2호 의안) 상정
3. 의결권 현황
(기준일 :
2024년 12월 31일
)
(단위 : 주)
구 분
주식의 종류
주식수
비고
발행주식총수(A)
보통주
40,000,000
-
-
-
-
의결권없는 주식수(B)
보통주
719,873
-
-
-
-
정관에 의하여 의결권 행사가 배제된 주식수(C)
-
-
-
-
-
-
기타 법률에 의하여의결권 행사가 제한된 주식수(D)
-
-
-
-
-
-
의결권이 부활된 주식수(E)
-
-
-
-
-
-
의결권을 행사할 수 있는 주식수(F = A - B - C - D + E)
보통주
39,280,127
-
-
-
-
4. 주식사무
2024년 12월 31일 현재 당사 정관상의 신주인수권 내용 및 주식의 사무에 관련된 주요사항은 다음과 같습니다.
정관상 신주인수권의 내용
제9조(신주인수권) ① 회사가 이사회의 결의로 신주를 발행하는 경우 다음 각 호의 방식에 의한다.
1. 주주에게 그가 가진 주식 수에 따라서 신주를 배정하기 위하여 신주인수의 청약을 할 기회를 부여하는 방식
2. 발행주식총수의 100분의 20을 초과하지 않는 범위 내에서 신기술의 도입, 재무구조의 개선 등 회사의 경영상 목적을 달성하기 위하여 필요한 경우 제1호 외의 방법으로 특정한 자(회사의 주주를 포함한다)에게 신주를 배정하기 위하여 신주인수의 청약을 할 기회를 부여하는 방식
3. 발행주식총수의 100분의 20을 초과하지 않는 범위 내에서 제1호 외의 방법으로 불특정 다수인(회사의 주주를 포함한다)에게 신주인수의 청약을 할 기회를 부여하고 이에 따라 청약을 한 자에 대하여 신주를 배정하는 방식
② 제1항 제3호의 방식으로 신주를 배정하는 경우에는 이사회의 결의로 다음 각 호의 어느 하나에 해당하는 방식으로 신주를 배정하여야 한다.
1. 신주인수의 청약을 할 기회를 부여하는 자의 유형을 분류하지 아니하고 불특정 다수의 청약자에게 신주를 배정하는 방식
2. 관계 법령에 따라 우리사주조합원에 대하여 신주를 배정하고 청약되지 아니한 주식까지 포함하여 불특정 다수인에게 신주인수의 청약을 할 기회를 부여하는 방식
3. 주주에 대하여 우선적으로 신주인수의 청약을 할 수 있는 기회를 부여하고 청약되지 아니한 주식이 있는 경우 이를 불특정 다수인에게 신주를 배정받을 기회를 부여하는 방식
4. 투자매매업자 또는 투자중개업자가 인수인 또는 주선인으로서 마련한 수요예측 등 관계 법규에서 정하는 합리적인 기준에 따라 특정한 유형의 자에게 신주인수의 청약을 할 수 있는 기회를 부여하는 방식
③ 제1항 제2호 및 제3호에 따라 신주를 배정하는 경우 상법 제416조 제1호, 제2호, 제2호의2, 제3호 및 제4호에서 정하는 사항을 그 납입기일의 2주 전까지 주주에게 통지하거나 공고하여야 한다. 다만, 자본시장과 금융투자업에 관한 법률 제165조의9에 따라 주요사항보고서를 금융위원회 및 거래소에 공시함으로써 그 통지 및 공고를 갈음할 수 있다.
④ 제1항 각호의 어느 하나의 방식에 의해 신주를 발행할 경우에는 발행할 주식의 종류와 수 및 발행가격 등은 이사회의 결의로 정한다.
⑤ 회사는 신주를 배정하는 경우 그 기일까지 신주인수의 청약을 하지 아니하거나 그 가액을 납입하지 아니한 주식이 발생하는 경우에 그 처리방법은 발행가액의 적정성 등 관련 법령에서 정하는 바에 따라 이사회 결의로 정한다.
⑥ 회사는 신주를 배정하면서 발생하는 단주에 대한 처리방법은 이사회의 결의로 정한다.
결 산 일
12월 31일
정기주주총회
2025년 3월 26일(수)
주주명부폐쇄시기
전자증권제도 시행을 위한 주식·사채 등의 전자등록에 관한 법률(이하 “전자증권법”) 시행에 따라 주주명부폐쇄기간을 설정하지 않습니다.
명의개서대리인
(주)하나은행 증권대행부
주주의 특전
없음
공고게재
www.hansaeyes24.com
5. 주주총회 의사록 요약
주총일자
안건
결의내용
주요 논의 내용
제42기(2024. 03. 28)
제1호 의안 : 제42기 제무제표(이익잉여금처분계산서(안)포함) 및 연결재무제표 승인의 건
가결
ㆍ42기 영업성과 및 배당 관련 설명
제2호 의안 : 사외이사 선임의 건 (이하욱) (주주제안 안건)
가결
ㆍ후보 추천사유 설명
(주주제안 안건)
제3호 의안 : 감사위원회 위원 선임의 건 (이하욱)
가결
ㆍ후보 추천사유 설명
제4호 의안 : 임원퇴직금 규정 변경 건
가결
ㆍ임원퇴직금 지급 규정 적용 대상과 내용 설명
제5호 의안 : 정관 변경의 건
가결
ㆍ내부거래위원회 신설ㆍ배당절차개선ㆍ중간배당신설
제6호 의안 : 이사 보수 한도 승인의 건
가결
ㆍ이사보수 한도 검토 절차 및 구성내역 설명
제41기(2023. 03. 29)
제1호 의안 : 제41기 재무제표(이익잉여금처분계산서(안)포함) 및 연결재무제표 승인의 건
가결
ㆍ41기 영업성과 및 배당 관련 설명
제2호 의안 : 사외이사 선임의 건 (하찬호, 고경택)
가결
ㆍ후보 추천사유 설명
제3호 의안 : 감사위원회 위원이 되는 사외이사 선임의 건 (이기화)
가결
ㆍ후보 추천사유 설명
제4호 의안 : 감사위원회 위원 선임의 건 (하찬호, 고경택)
가결
ㆍ후보 추천사유 설명
제5호 의안 : 이사 보수 한도 승인의 건
가결
ㆍ이사보수 한도 검토 절차 및 구성내역 설명
제40기(2022. 03. 29)
제1호 의안 : 제 40기 (2021년1월1일~2021년12월31일)재무제표(이익잉여금처분계산서(안)포함) 및 연결재무제표 승인의 건
가결
ㆍ40기 영업성과 및 배당 관련 설명
제2호 의안 : 사내이사 재선임의 건 (김동녕, 김석환, 김익환, 김지원)
가결
ㆍ후보 추천사유 설명
제3호 의안 : 이사 보수한도 승인의 건
가결
ㆍ이사보수 한도 검토 절차 및 구성내역 설명
제4호 의안 : 정관 변경의 건
가결
ㆍ정관 변경 규정 및 내용 설명"	ok
20250814003308	한미글로벌	예	XI. 1. [단일판매ㆍ공급계약체결 공시 관련]	미흡사항 추가기재	20250313001417	"1. 공시내용 진행 및 변경사항
[단일판매ㆍ공급계약체결 공시 관련]
- 진행상황
공시일자
PJT 명
계약형태
계약금액 총액 (V.A.T 포함)
판매공급금액
대금수령금액
당기
누적
당기
누적
2025.02.25
23년~25년 Retrofit 통합감리 연간계약
용역계약
24,758,321,500
9,788,585,400
16,435,510,300
9,788,585,400
16,435,510,300
2025.01.02
삼성디스플레이 신축공사 건설사업관리 용역
용역계약
26,400,000,000
8,598,326,000
24,549,083,900
8,598,326,000
24,549,083,900
2024.09.25
평택 P4L 생산시설(FAB동, 복합동) 감리/PM
용역계약
97,542,112,800
32,585,668,500
52,267,495,423
32,585,668,500
52,267,495,423
2024.03.14
평택P3L 준생산시설(그린동,154/345kv,토목) 건설사업관리
용역계약
36,894,000,000
2,157,540,000
36,529,623,000
2,157,540,000
35,933,732,148
2024.02.20
NRD-K 신축공사 종합감리 및 건설사업관리
용역계약
21,518,924,900
11,288,739,000
16,927,779,000
11,288,739,000
16,927,779,000
2024.01.12
부천 열병합 건설공사 책임감리 및 사업관리(PM/CM)용역
용역계약
27,720,000,000
3,470,759,600
3,470,759,600
3,470,759,600
3,470,759,600
(*) 단일판매ㆍ공급계약체결 공시 이후 계약기간 만료 전인 건 ※ 상기 계약금액총액(원)은 단일판매ㆍ공급계약체결 공시 기준임.- 대금 미수령 사유: 해당 사항 없음- 향후 추진계획: 해당 사항 없음"	"1. 공시내용 진행 및 변경사항
[단일판매ㆍ공급계약체결 공시 관련]
- 진행상황
최초공시일자
최근공시일자
계약내역
계약형태
계약금액 총액 (V.A.T 포함)
판매공급금액
대금수령금액
대금 미수령사유
향후추진계획
당기
누적
당기
누적
2024.11.20
2025.02.25
계약명 : 23년~25년 Retrofit 통합감리 연간계약계약상대방 : 삼성전자 주식회사계약기간 : 2023.04.01 ~ 2026.04.30
용역계약
24,758,321,500
9,788,585,400
16,435,510,300
9,788,585,400
16,435,510,300
없음(프로젝트 진행에 따라정상적으로 기성수금 중)
사업진행에 따른 기성청구로수금완료 예정
2021.09.09
2025.01.02
계약명 : 삼성디스플레이 신축공사 건설사업관리 용역계약상대방 : 삼성디스플레이 주식회사계약기간 : 2021.09.01 ~ 2025.07.31
용역계약
26,400,000,000
8,598,326,000
24,549,083,900
8,598,326,000
24,549,083,900
없음(프로젝트 진행에 따라정상적으로 기성수금 중)
사업진행에 따른 기성청구로수금완료 예정
2022.09.08
2024.09.25
계약명 : 평택 P4L 생산시설(FAB동, 복합동) 감리/PM계약상대방 : 삼성전자 주식회사계약기간 : 2022.02.18 ~ 2026.01.31
용역계약
97,542,112,800
32,585,668,500
52,267,495,423
32,585,668,500
52,267,495,423
없음(프로젝트 진행에 따라정상적으로 기성수금 중)
사업진행에 따른 기성청구로수금완료 예정
2021.10.29
2024.03.14
계약명 : 평택P3L 준생산시설(그린동,154/345kv,토목) 건설사업관리계약상대방 : 삼성전자 주식회사계약기간 : 2020.07.10 ~ 2025.03.31
용역계약
36,894,000,000
2,157,540,000
36,529,623,000
2,157,540,000
35,933,732,148
없음(프로젝트 진행에 따라정상적으로 기성수금 중)
사업진행에 따른 기성청구로수금완료 예정
2024.02.20
좌동
계약명 : NRD-K 신축공사 종합감리 및 건설사업관리계약상대방 : 삼성전자 주식회사계약기간 : 2022.09.05 ~ 2026.04.30
용역계약
21,518,924,900
11,288,739,000
16,927,779,000
11,288,739,000
16,927,779,000
없음(프로젝트 진행에 따라정상적으로 기성수금 중)
사업진행에 따른 기성청구로수금완료 예정
2024.01.12
좌동
계약명 : 부천 열병합 건설공사 책임감리 및 사업관리(PM/CM)용역계약상대방 : GS 파워주식회사계약기간 : 2023.12.15 ~ 2030.01.12
용역계약
27,720,000,000
3,470,759,600
3,470,759,600
3,470,759,600
3,470,759,600
없음(프로젝트 진행에 따라정상적으로 기성수금 중)
사업진행에 따른 기성청구로수금완료 예정
(*) 단일판매ㆍ공급계약체결 공시 이후 계약기간 만료 전인 건 ※ 상기 계약금액총액(원)은 단일판매ㆍ공급계약체결 공시 기준임.
※ 향후 추진계획 관련
1) 대금 수령 현장의 경우 : 프로젝트 진행에 따라 정상적으로 수금하는 공시 건에 대해서는 지속적인 기성 청구를 통해 수금을 완료할 예정입니다. 또한 변경계약을 통해 계약금액이 증액 또는 감액이 발생하는 경우에도 변경된 계약에 따른 기성 청구를 통해 수금을 완료할 예정입니다.
2) 향후 변동 가능성 관련 : 사업 추진과정 또는 용역계약에서 규정하는 조건 등에 따라 계약기간 및 금액 등이 변경될 수 있습니다. 변경계약을 통해 계약금액이 증액 또는 감액이 되는 경우 변경된 계약에 따른 기성 청구를 통해 수금을 완료할 예정입니다."	ok
20250814003272	에이치피오	예	VI. 3. 바. 주주총회 의사록 요약	미흡기재	20250704000110	"바. 주주총회 의사록 요약
주총일자
종 류
주요 내용
결의내용
주요논의내용
2017.01.16
임시
의안 1. 정관 일부 변경의 건
▷가결
- 주주제안 : 없음- 결의 과정 중 질의응답, 찬반토론 : 없음- 안건 수정사항 : 없음
2017.02.07
임시
의안 1. 전환사채 발생의 건
▷가결
- 주주제안 : 없음- 결의 과정 중 질의응답, 찬반토론 : 없음- 안건 수정사항 : 없음
2017.03.31
정기
의안 1. 2016년도 결산재무제표 승인의 건
▷가결
- 주주제안 : 없음- 결의 과정 중 질의응답, 찬반토론 : 없음- 안건 수정사항 : 없음
2018.03.28
정기
의안 1. 제6기 재무제표 승인의 건의안 2. 이사 및 대표이사 선임의 건의안 3. 감사 보선의 건의안 4. 이사보수한도 승인의 건의안 5. 감사보수한도 승인의 건의안 6. 임원퇴직금규정 제정의 건
▷가결▷가결▷가결▷가결▷가결▷가결
- 주주제안 : 없음- 결의 과정 중 질의응답, 찬반토론 : 없음- 안건 수정사항 : 없음
2019.03.26
정기
의안 1. 제7기 재무제표 승인의 건의안 2. 정관일부 변경의 건의안 3. 이사보수한도 승인의 건의안 4. 감사보수한도 승인의 건
▷가결▷가결▷가결▷가결
- 주주제안 : 없음- 결의 과정 중 질의응답, 찬반토론 : 없음- 안건 수정사항 : 없음
2020.03.31
정기
의안 1. 제8기 재무제표 승인의 건의안 2. 배당금 지급의 건의안 3. 사외이사 선임의 건의안 4. 이사보수한도 승인의 건의안 5. 감사보수한도 승인의 건
▷가결▷가결▷가결▷가결▷가결
- 주주제안 : 없음- 결의 과정 중 질의응답, 찬반토론 : 없음- 안건 수정사항 : 없음
2020.09.15
임시
의안 1. 정관 일부 변경의 건
▷가결
- 주주제안 : 없음- 결의 과정 중 질의응답, 찬반토론 : 없음- 안건 수정사항 : 없음
2020.11.13
임시
의안 1. 정관 일부 변경의 건
▷가결
- 주주제안 : 없음- 결의 과정 중 질의응답, 찬반토론 : 없음- 안건 수정사항 : 없음
2021.03.11
정기
의안 1. 제9기 재무제표 승인의 건의안 2. 이사 선임의 건(재선임)의안 3. 감사 선임의 건(재선임)의안 4. 이사보수한도 승인의 건의안 5. 감사보수한도 승인의 건
▷가결▷가결▷가결▷가결▷가결
- 주주제안 : 없음- 결의 과정 중 질의응답, 찬반토론 : 없음- 안건 수정사항 : 없음
2022.03.29
정기
의안 1. 제10기 재무상태표, 손익계산서, 이익잉여금처분계산서(안) 승인의 건의안 2. 정관 일부 변경의 건의안 3. 사외이사 선임의 건- 사외이사 Pieter Nuboer 선임의 건의안 4. 감사위원회 위원이 되는 사외이사 선임의 건- 감사위원회 위원이 되는 사외이사 민정기 선임의 건의안 5. 감사위원회 위원 선임의 건의안 5-1. 정훈재 감사위원회 위원 선임의 건의안 5-2. Pieter Nuboer 감사위원회 위원 선임의 건의안 6. 이사 보수한도 승인의 건
▷가결▷가결▷가결▷가결▷가결▷가결▷가결▷가결▷가결▷가결
- 주주제안 : 없음- 결의 과정 중 질의응답, 찬반토론 : 없음- 안건 수정사항 : 없음
2022.07.19
임시
의안 1. 정관 일부 변경의 건
▷가결
- 주주제안 : 없음- 결의 과정 중 질의응답, 찬반토론 : 없음- 안건 수정사항 : 없음
2023.03.29
정기
의안 1. 제11기 재무상태표, 손익계산서, 이익잉여금처분계산서(안) 승인의 건의안 2. 정관 일부 변경의 건의안 3. 사내이사 선임의 건- 사내이사 윤연정 선임의 건의안 4. 사외이사 중임의 건- 사외이사 정훈재 중임의 건의안 5. 이사 보수한도 승인의 건
▷가결▷가결▷가결▷가결▷가결▷가결▷가결
- 주주제안 : 없음- 결의 과정 중 질의응답, 찬반토론 : 없음- 안건 수정사항 : 없음
2024.03.28
정기
의안1. 제12기 재무제표(이익잉여금처분계산서 포함) 및 연결재무제표 승인의 건1-1호 : 제12기 재무제표(이익잉여금처분계산서 제외) 및 연결재무제표 승인의 건1-2호 : 제12기 이익배당 및 이익잉여금 처분계산서 승인의 건1-2-1호 의안(이사회안) : 현금배당 보통주 1주당 100원 주식배당 보통주 1주당 0.03주1-2-2호 의안(주주제안) : 현금배당 보통주 1주당 200원의안2. 정관 일부 변경의 건의안3. 사내이사 선임의 건3-1호 : 사내이사 이현용 선임의 건3-2호 : 사내이사 민택근 선임의 건의안4. 사내이사 중임의 건4-1호 : 사내이사 임성빈 중임의 건4-2호 : 사내이사 오승찬 중임의 건의안5. 사외이사 김성균 예선의 건의안6. 김성균 감사위원회 위원 예선의 건의안7. 이사 보수한도 승인의 건(17억원)
▷가결▷가결▷가결▷가결▷부결▷가결▷가결▷가결▷가결▷가결▷가결▷가결▷가결▷가결▷가결
- 주주제안 : 1-2-1호 의안(이사회안) 가결에 따라 부결- 결의 과정 중 질의응답, 찬반토론 (1) 1-2호 의안 제12기 이익배당 및 이익잉여금 처분계약서 승인의 건 (가) 1-2-1호 의안(이사회안)과 1-2-2(주주제안)은 택일적이고 양립 불가능하므로, 두 의안 중 1개의 안건만 가결되는 부분을 설명함 (나) 의장은 이사회안과 주주제안을 상정한 배경을 설명함 (다) 투표결과 이사회안이 가결되었으므로 주주제안은 부결됨 (2) 그 외 안건은 특이사항 없음- 안건 수정사항 : 없음"	"바. 주주총회 의사록 요약
주총일자
종 류
주요 내용
결의내용
주요논의내용
2017.01.16
임시
의안 1. 정관 일부 변경의 건
▷가결
- 주주제안 : 없음- 결의 과정 중 질의응답, 찬반토론 : 없음- 안건 수정사항 : 없음
2017.02.07
임시
의안 1. 전환사채 발생의 건
▷가결
- 주주제안 : 없음- 결의 과정 중 질의응답, 찬반토론 : 없음- 안건 수정사항 : 없음
2017.03.31
정기
의안 1. 2016년도 결산재무제표 승인의 건
▷가결
- 주주제안 : 없음- 결의 과정 중 질의응답, 찬반토론 : 없음- 안건 수정사항 : 없음
2018.03.28
정기
의안 1. 제6기 재무제표 승인의 건의안 2. 이사 및 대표이사 선임의 건의안 3. 감사 보선의 건의안 4. 이사보수한도 승인의 건의안 5. 감사보수한도 승인의 건의안 6. 임원퇴직금규정 제정의 건
▷가결▷가결▷가결▷가결▷가결▷가결
- 주주제안 : 없음- 결의 과정 중 질의응답, 찬반토론 : 없음- 안건 수정사항 : 없음
2019.03.26
정기
의안 1. 제7기 재무제표 승인의 건의안 2. 정관일부 변경의 건의안 3. 이사보수한도 승인의 건의안 4. 감사보수한도 승인의 건
▷가결▷가결▷가결▷가결
- 주주제안 : 없음- 결의 과정 중 질의응답, 찬반토론 : 없음- 안건 수정사항 : 없음
2020.03.31
정기
의안 1. 제8기 재무제표 승인의 건의안 2. 배당금 지급의 건의안 3. 사외이사 선임의 건의안 4. 이사보수한도 승인의 건의안 5. 감사보수한도 승인의 건
▷가결▷가결▷가결▷가결▷가결
- 주주제안 : 없음- 결의 과정 중 질의응답, 찬반토론 : 없음- 안건 수정사항 : 없음
2020.09.15
임시
의안 1. 정관 일부 변경의 건
▷가결
- 주주제안 : 없음- 결의 과정 중 질의응답, 찬반토론 : 없음- 안건 수정사항 : 없음
2020.11.13
임시
의안 1. 정관 일부 변경의 건
▷가결
- 주주제안 : 없음- 결의 과정 중 질의응답, 찬반토론 : 없음- 안건 수정사항 : 없음
2021.03.11
정기
의안 1. 제9기 재무제표 승인의 건의안 2. 이사 선임의 건(재선임)의안 3. 감사 선임의 건(재선임)의안 4. 이사보수한도 승인의 건의안 5. 감사보수한도 승인의 건
▷가결▷가결▷가결▷가결▷가결
- 주주제안 : 없음- 결의 과정 중 질의응답, 찬반토론 : 없음- 안건 수정사항 : 없음
2022.03.29
정기
의안 1. 제10기 재무상태표, 손익계산서, 이익잉여금처분계산서(안) 승인의 건의안 2. 정관 일부 변경의 건의안 3. 사외이사 선임의 건- 사외이사 Pieter Nuboer 선임의 건의안 4. 감사위원회 위원이 되는 사외이사 선임의 건- 감사위원회 위원이 되는 사외이사 민정기 선임의 건의안 5. 감사위원회 위원 선임의 건의안 5-1. 정훈재 감사위원회 위원 선임의 건의안 5-2. Pieter Nuboer 감사위원회 위원 선임의 건의안 6. 이사 보수한도 승인의 건
▷가결▷가결▷가결▷가결▷가결▷가결▷가결▷가결▷가결▷가결
- 주주제안 : 없음- 결의 과정 중 질의응답, 찬반토론 : 없음- 안건 수정사항 : 없음
2022.07.19
임시
의안 1. 정관 일부 변경의 건
▷가결
- 주주제안 : 없음- 결의 과정 중 질의응답, 찬반토론 : 없음- 안건 수정사항 : 없음
2023.03.29
정기
의안 1. 제11기 재무상태표, 손익계산서, 이익잉여금처분계산서(안) 승인의 건의안 2. 정관 일부 변경의 건의안 3. 사내이사 선임의 건- 사내이사 윤연정 선임의 건의안 4. 사외이사 중임의 건- 사외이사 정훈재 중임의 건의안 5. 이사 보수한도 승인의 건
▷가결▷가결▷가결▷가결▷가결▷가결▷가결
- 주주제안 : 없음- 결의 과정 중 질의응답, 찬반토론 : 없음- 안건 수정사항 : 없음
2024.03.28
정기
의안1. 제12기 재무제표(이익잉여금처분계산서 포함) 및 연결재무제표 승인의 건1-1호 : 제12기 재무제표(이익잉여금처분계산서 제외) 및 연결재무제표 승인의 건1-2호 : 제12기 이익배당 및 이익잉여금 처분계산서 승인의 건1-2-1호 의안(이사회안) : 현금배당 보통주 1주당 100원 주식배당 보통주 1주당 0.03주1-2-2호 의안(주주제안) : 현금배당 보통주 1주당 200원의안2. 정관 일부 변경의 건의안3. 사내이사 선임의 건3-1호 : 사내이사 이현용 선임의 건3-2호 : 사내이사 민택근 선임의 건의안4. 사내이사 중임의 건4-1호 : 사내이사 임성빈 중임의 건4-2호 : 사내이사 오승찬 중임의 건의안5. 사외이사 김성균 예선의 건의안6. 김성균 감사위원회 위원 예선의 건의안7. 이사 보수한도 승인의 건(17억원)
▷가결▷가결▷가결▷가결▷부결▷가결▷가결▷가결▷가결▷가결▷가결▷가결▷가결▷가결▷가결
- 주주제안 : 1-2-1호 의안(이사회안) 가결에 따라 부결- 결의 과정 중 질의응답, 찬반토론 (1) 1-2호 의안 제12기 이익배당 및 이익잉여금 처분계약서 승인의 건 (가) 1-2-1호 의안(이사회안)과 1-2-2(주주제안)은 택일적이고 양립 불가능하므로, 두 의안 중 1개의 안건만 가결되는 부분을 설명함 (나) 의장은 이사회안과 주주제안을 상정한 배경을 설명함 (다) 투표결과 이사회안이 가결되었으므로 주주제안은 부결됨 (2) 그 외 안건은 특이사항 없음- 안건 수정사항 : 없음"	ok_sub
20250814003185	에스티큐브	여	Ⅵ. 3. 나. 소수주주권의 행사여부	금융감독원 2024년 사업보고서 비재무사항 점검 결과 미흡사항 정정	20250311001006	"나. 소수주주권의 행사여부
- 당사는 본 보고서 제출일 현재까지 소수주주권이 행사된 사실이 없습니다."	"나. 소수주주권의 행사여부
행사자
안건
목적사항 포함여부
거부사유
진행경과
지연우 외 147명
1. 사내이사 박준용 해임의 건
부
「상법」 제363조의2의 주주제안 행사요건 미충족
- 주주제안 접수일: 2024.02.06
- 본 안건은 「상법」 제363조의2에 규정된 주주제안 행사 요건을 충족하지 못하여 결격사유가 존재하였으며, 또한 「상법」 제363조의2 제3항 및 「상법 시행령」 제12조 제4호에 따라 임기 중인 상장회사 임원의 해임에 관한 사항은 주주제안의 대상이 될 수 없으므로 제35기(2024.03.28 개최) 주주총회 결의를 위한 이사회 안건으로 상정되지 않음.
- 당사 회신일: 2024.02.16 (접수된 등기우편 주소로 발송)
2. 이사 보수한도 20억원 승인의 건
부
「상법」 제363조의2의 주주제안 행사요건 미충족
- 주주제안 접수일: 2024.02.06
- 본 안건은 「상법」 제363조의2에 명시된 주주제안 행사 요건을 충족하지 못하여 결격사유가 존재하였고, 이에 따라 당사는 보완된 적정 증빙 제출을 요청하였으나 추가 보완 제출이 이루어지지 않아 제35기(2024.03.28 개최)주주총회 결의를 위한 이사회 안건으로 상정되지 않음.다만, 당사 경영진은 이사회에 소수주주로부터 정기주주총회 ‘이사 보수한도 승인’ 안건에 관한 주주제안이 있었음을 보고하였고, 이사회는 이를 신중히 논의한 결과 소수주주의 권리를 존중하고 경영진의 책임경영을 강화하기 위하여 소수주주의 의견을 반영, 당기 이사 보수한도를 전기 대비 감액하여 이사회 제안으로 주주총회 안건에 상정하기로 결의함.
- 당사 회신일: 2024.02.16 (접수된 등기우편 주소로 발송)"	ok_sub
20250814003141	동아지질	예	XI. 1. 공시내용 진행 및 변경사항	단일판매ㆍ공급계약체결공시에 대한 진행 현황 미기재	20250318001360	"1. 공시내용 진행 및 변경사항
- 보고서 작성 기준일 현재 공시내용의 변경상황은 없습니다."	"1. 공시내용 진행 및 변경사항
가. 주요사항보고서 등
신고일자
제 목
신 고 내 용
신고사항의 진행상황
2024.08.06
주요사항 보고서(자기주식취득 신탁계약 체결 결정)
1. 계약금액(원): 20억원2. 계약기간: 2024년 08월 06일~ 2025년 02월 05일3. 계약목적: 주가안정 및 주주가치 제고4. 계약체결기관:DB금융투자(DB Financial Investment Co., Ltd.)5. 계약체결 예정일자: 2024년 08월 06일6. 계약 전 자기주식 보유현황: 배당가능범위 내취득(주) 보통주식 663,1447. 이사회결의일(결정일): 2024년 08월 06일 - 사외이사참석여부:2명 - 감사(사외이사가 아닌 감사위원)참석여부:참석8. 위탁투자중개업자:DB금융투자(DB Financial Investment Co., Ltd.)
1. 2024.12.31 까지 자기주식 154,326주 매입
2024.10.11
주요사항 보고서(자기주식취득 신탁계약 체결 결정)
1. 계약금액(원): 20억원2. 계약기간: 2024년 10월 14일~ 2025년 04월 14일3. 계약목적: 주가안정 및 주주가치 제고4. 계약체결기관:DB금융투자(DB Financial Investment Co., Ltd.)5. 계약체결 예정일자: 2024년 10월 14일6. 계약 전 자기주식 보유현황: 배당가능범위 내취득(주) 보통주식 663,1447. 이사회결의일(결정일): 2024년 10월 11일 - 사외이사참석여부:2명 - 감사(사외이사가 아닌 감사위원)참석여부:참석8. 위탁투자중개업자:DB금융투자(DB Financial Investment Co., Ltd.)
1. 2024.12.31 까지 자기주식 133,968주 매입
나. 단일판매ㆍ공급계약체결공시에 대한 진행 현황
(단위 : 백만원)
신고일자
계약내역
계약금액 총액 (VAT포함)
판매공급금액
(VAT 별도)
대금수령금액(VAT 별도)
대금 미수령 사유 및 향후 추진 계획
비고
당기
누적
당기
누적
2020-12-31
계약명: Contract T313 Construction of Xilin Station and Tunnels for Downtown Line 3 Extension (D-Wall&Crosswall and Ground Improvement Works) 계약상대방: 삼성물산주식회사(SAMSUNG C&T) 계약기간: 2016-05-23 ~
93,297
-
92,645
-
92,645
변경 계약 진행중
-
2021-04-27
계약명: Contract CR108 Design and Construction of Pasir Ris Interchange Station and Tunnels 계약상대방: Land Transport Authority 계약기간: 2021-04-27 ~ 2029-12-31
264,312
28,095
60,774
25,440
55,487
-
-
2021-09-13
계약명: Contract CR106 Design and Construction of Loyang Station, Tunnels and Elevated Infrastructure 계약상대방: Land Transport Authority 계약기간: 2021-09-14 ~ 2029-12-31
265,278
40,051
76,100
30,428
63,401
-
-
2021-10-15
계약명: Contract N110 Design And Construction of North-South Corridor(Tunnel) Between Ang Mo Kio Ave 3 and Ang Mo Kio Ave 9 Diaphragm Wall Works At Tunnel At Zone 5 And Facility Building 계약상대방: LUM CHANG BUILDING CONTRACTORS PTE LTD 계약기간: 2019-05-06 ~
38,680
347
27,854
347
26,046
변경 계약 진행중
-
2022-10-11
계약명: 필리핀 South Commuter Railway Project 공사(PKG CP S-04) 계약상대방: 필리핀교통부(Department of Transportation) 계약기간: -
50,090
5,044
11,374
4,543
10,746
-
2025년 2월 20일 변경계약으로 계약금액: 55,807,463,249원,계약시작일: 2023-06-13 계약종료일: 2028-03-11 변경
2022-10-11
계약명: 필리핀 South Commuter Railway Project 공사(PKG CP S-05) 계약상대방: 필리핀교통부(Department of Transportation) 계약기간:-
69,186
7,099
16,008
6,394
15,125
-
2025년 2월 20일 변경계약으로 계약금액: 75,157,659,480원,계약시작일: 2023-06-13 계약종료일: 2028-03-11 변경
2022-10-11
계약명: 필리핀 South Commuter Railway Project 공사(PKG CP S-06) 계약상대방: 필리핀교통부(Department of Transportation) 계약기간: -
64,951
6,538
14,744
5,889
13,931
-
2025년 2월 20일 변경계약으로 계약금액: 71,184,641,110원,계약시작일: 2023-06-13 계약종료일: 2027-09-11 변경
2023-04-03
계약명: Contract N108 Design and Construction of North South Corridor Between Marymount Lane and Pemimpin Place - Supply and Construct of Diaphragm Walls/Barrette Piles and Crosswall 계약상대방: China Railway First Group Co., Ltd 계약기간: 2020-03-13 ~ 2025-02-20
49,970
3,313
25,536
2,681
22,223
-
2025년 2월 20일 변경계약으로 계약종료일: 2025-10-25 변경
2023-06-30
계약명: Singapore North-South Corridor(Tunnel) between SIN MING Avenue and ANG MO KIO Avenue 3 Contract N109A Construction of Secant Bored Piles, Foundation Bored Piles and Installation of King Post Works 계약상대방: SHANGHAI TUNNEL ENGINEERING CO(SINGAPORE) PTE LTD 계약기간: 2019-04-05 ~
62,594
14,500
37,071
10,383
30,746
변경 계약 진행중
-
2023-07-26
계약명: 광양항 광역 준설토투기장 조성공사(DCM) 계약상대방: 현대건설㈜ 계약기간: 2023-07-26 ~ 2027-01-26
12,714
3,795
11,035
3,795
11,035
-
-
2023-11-01
계약명: Contract P105 - Design and Construction of Punggol Interchange Station and Tunnels for CRL-Punggol Extension project for construction of Diaphragm Wall & Barrette Piles 계약상대방: Wohhup(Private)Limited 계약기간: 2023-10-04 ~ 2026-08-14
44,709
7,405
9,635
6,475
6,475
-
-
2023-12-29
계약명: 당진지역 전기공급시설 전력구공사(신당진-북당진 1차) 중 전력구공사(Shield TBM, 개착식) 계약상대방: 동부건설(주) 계약기간: 2017-08-16 ~ -
19,146
-
11,830
-
11,830
-
공사 중단
2024-01-24
계약명: 천주교 부산교구 금정구 부곡동 1-4 종교시설 증축공사 계약상대방: 재단법인천주교부산교구유지재단 계약기간: 2022-06-10 ~ 2025-12-30
25,069
7,271
7,571
7,271
7,571
-
-
2024-02-07
계약명: 시흥~안산지역 전기공급시설 전력구공사(광석분기)중 토공사, 구조물공사, 보링 및 가시설공사 계약상대방: 코오롱글로벌(주) 계약기간: 2022-08-04 ~ 2026-12-05
62,957
12,598
18,354
11,478
14,830
-
-
2024-04-30
계약명: 포천~화도 고속도로 민간투자사업 건설공사 4공구 중 토공/철콘/터널 계약상대방: (주)포스코건설 계약기간: 2020-11-27 ~
38,976
-
35,186
965
35,186
정산계약 진행중
-
2024-06-03
계약명: 상계노원전력구 SHIELD TBM 공사 계약상대방: 남광토건(주) 계약기간: 2024-05-20 ~ 2027-05-12
21,122
1,920
1,920
1,920
1,920
-
-
2024-06-24
계약명: 가산 케이스퀘어 데이터센터/토공 및 흙막이공사 계약상대방: 현대건설(주) 계약기간: 2022-09-14 ~ 2025-06-30
21,094
3,433
17,960
4,305
17,913
-
-
2024-06-25
계약명: 부산항 진해신항 준설토투기장(3구역) 호안(1공구) 축조공사 계약상대방: 조달청 계약기간: 2024-06-27 ~ 2027-12-08
18,802
3,285
3,285
3,285
3,285
-
-
2024-09-10
계약명: 안산스마트허브(2단계) 하수관로 정비공사 계약상대방: 경기도 안산시 상하수도사업소 계약기간: 2021-07-27 ~ 2025-03-08
14,679
3,105
9,692
3,105
9,692
-
2025년 1월 14일 변경계약으로계약금액:
14,859,437,000
원, 2025년 3월 11일 변경계약으로계약종료일: 2025-08-14 변경
2024-09-11
계약명: NSC 101 Project (Design and Construction of North-South Corridor Between ECP and Victoria Street) - Ground Improvement Works (DSM) 계약상대방: 지에스건설(주) (GS Engineering & Construction Corp) 계약기간: 2019-04-01 ~ 2026-12-31
23,276
2,788
16,674
3,961
16,269
-
-
2024-09-23
계약명: 부산 강서지역 전기공급시설 전력구공사(신강서분기) 터널2구간(TBM)공사 계약상대방: 비에스 한양(BS HANYANG Co., Ltd.) 외 1 계약기간: 2023-09-25 ~ 2027-04-11
26,596
2,879
2,879
2,730
2,730
-
-
2024-10-15
계약명: 필리핀 North South Commuter Railway Extension Project / Contract Package N-01 Building and Civil Engineering Works 계약상대방: Philippines Department of Transportation(필리핀 교통부) 계약기간: 2020-10-16 ~ 2027-11-30
62,111
8,928
35,664
12,283
33,977
-
-
2024-10-28
계약명: 부산도시철도 사상-하단선 2공구 건설공사 계약상대방: 부산교통공사 계약기간: 2017-05-19~2025-10-21
24,929
4,350
19,252
3,683
18,585
-
-
2024-11-18
계약명: 신강서-세산 3차 전력구공사 계약상대방: 한국전력공사 계약기간: 2025-03-17 ~ 2027-10-12
24,938
-
-
-
-
착공전
-
2024-11-26
계약명: 내부순환(만덕~센텀)도시고속화도로 민간투자사업 건설공사 계약상대방: 부산동서고속화도로(주) 계약기간: 2019-11-29 ~ 2025-11-28
70,346
14,560
41,175
13,668
36,326
-
-
2024-11-29
계약명: 김포-파주 고속도로 2공구 공사 중 보링그라우팅/TBM 터널시공 계약상대방: 현대건설(주) 계약기간: 2020-07-30 ~ 2026-04-26
107,650
20,424
54,076
18,647
50,785
-
2025년 1월 10일 변경계약으로 계약금액:
109,300,400,000
원 변경
2024-11-29
계약명: 청주지역 전기공급시설 전력구공사(신청주분기) 중 수직구 및 전력구 공사 계약상대방: 쌍용건설 주식회사 계약기간: 2021-05-03 ~ 2025-02-28
39,435
11,022
35,002
10,509
30,989
-
2025년 3월 11일 변경계약으로 계약종료일: 2025-05-31 변경
2024-11-29
계약명: Contract CR108 Design and Construction of Pasir Ris Interchange Station and Tunnels / Diaphragm Wall, Cross Wall, Barrette & Bored Piling Works 계약상대방: Daewoo - Dongah Joint Venture 계약기간: 2021-10-15 ~ 2027-12-31
153,892
36,115
59,614
37,790
55,898
-
-
2024-12-05
계약명: 광양항 광역 준설토투기장 조성공사(DCM) 투입 DCM 바지선 장비 임대 계약 계약상대방: 현대건설㈜ 계약기간: 2024-06-07 ~ 2025-02-20
22,990
16,138
16,138
14,005
14,005
-
2025년 3월 4일 변경계약으로 계약금액:
32,349,372,000
원, 계약종료일:
2025-06-20
변경
2024-12-09
계약명: Contract CR108 Design and Construction of Pasir Ris Interchange Station and Tunnels/Bored Tunneling Works 계약상대방: Daewoo - Dongah Joint Venture 계약기간: 2024-10-01 ~ 2027-12-31
23,101
688
688
-
-
계약조건에 따라 수금진행 예정
-
2024-12-10
계약명: Toa Payoh Integrated Development/Piling Works 계약상대방: Koh Brothers and Civil Engineering Contractor Pte Ltd 계약기간: 2024-12-05 ~ 2025-10-04
22,728
-
-
-
-
계약조건에 따라 수금진행 예정
-
2024-12-13
계약명: 안동시 관내 국도대체우회도로(용상-교리1)건설공사 중 토공사, 철콘 및 비계구조물해제공사 계약상대방: 동광건설(주) 계약기간: 2018-11-01 ~ 2024-11-18
35,169
2,718
30,531
2,536
29,671
정산계약 진행중
-
2024-12-19
계약명: 부전 마산복선전철민간투자사업2공구/Shield TBM 터널공사 계약상대방: 에스케이에코플랜트(주) 계약기간: 2015-05-11 ~ 2025-12-31
88,361
14,732
77,995
14,567
76,857
-
2025년 2월 28일 변경계약으로 계약금액:
88,535,700,000
원 변경
2024-12-20
계약명: 고속국도 제29호선 세종~안성간 건설공사(제6공구) 계약상대방: 한국도로공사 계약기간: 2019-12-27 ~ 2026-12-31
30,336
5,489
17,603
5,489
17,603
-
-
2024-12-20
계약명: 부산항 진해신항 남방파제(1단계) DCM 지방개량공 계약상대방: 현대건설㈜ 계약기간: 2024-12-27 ~ 2026-01-31
33,000
-
-
-
-
본공사 진행전
-
2024-12-26
계약명: 부전 마산 복선전철 복구공사(Barrier 설치공사) 계약상대방: 에스케이에코플랜트㈜(SK ecoplant Co., Ltd.) 계약기간: 2020-04-29 ~ 2025-12-31
33,253
4,638
30,230
5,527
30,230
-
-
※ 상기 내용에 관한 사항은 2024년 12월 31일 기준이며, 기준일 기준 종료된 계약은 제외되었습니다.※ 해외 현장의 경우 환율에 의해 실제 판매공급금액 및 대금수령금액과는 차이가 있을 수 있습니다.※ 당사는 향후 공급, 대금수령 등과 관련하여 추가 수주와 기성금 수금 등에 노력을 기울일 것이며, 상기 계약내역과 관련하여 변동사항이 생길 경우는 『단일판매ㆍ공급계약체결』 변경공시를 통해 관련 내용을 반영할 예정입니다."	ok
20250814003102	엑스페릭스	예	XI. 1. 공시내용 진행 및 변경사항	금융감독원의 기재 미흡사항 정정요구	20250318001418	"1. 공시내용 진행 및 변경사항
가. 주주총회 의사록 요약
주총일자
안건
결의내용
제7기정기주주총회(2024.03.29)
제1호 의안 : 제7기 재무제표 승인의 건제2호 의안 : 정관 변경 승인의 건제3호 의안 : 주식매수선택권 부여 승인의 건제4호 의안 : 이사보수한도 승인의 건
제5호 의안 : 감사보수한도 승인의 건제6호 의안 : 주식매수선택권 부여
원안 승인원안 승인원안 승인원안 승인 - 20억원원안 승인 - 1억원원안 승인
제7기임시주주총회(2023.05.26)
제1호 의안 : 정관 변경의 건제2호 의안 : 이사 선임의 건제3호 의안 : 감사선임의 건제4호 의안 : 이사보수한도 승인의 건
원안 승인원안 승인 - 사내이사 윤상철, 김남균, 기타비상무이사 조동혁, 사외이사 민동휘, 윤정식원안 승인 - 감사 정혜경원안 승인 - 40억원
제6기정기주주총회(2023.03.22)
제1호의안 : 제6기 재무제표 승인의 건제2호의안 : 이사 선임의 건제3호의안 : 이사보수한도 승인의 건제4호의안 : 감사보수한도 승인의 건
원안 승인원안 승인 - 사내이사 박보건, 사외이사 박부견원안 승인 - 20억원원안 승인 - 1억원
제5기정기주주총회(2022.03.22)
제1호의안 : 제5기 재무제표 승인의 건제2호의안 : 이사 선임의 건제3호의안 : 이사보수한도 승인의 건제4호의안 : 감사보수한도 승인의 건
원안 승인원안 승인 - 사외이사 최윤기원안 승인 - 20억원원안 승인 - 1억원
나. 공시진행사항
신고일자
제목
신고내용
신고사항의 진행사항
2024.03.07
단일판매·공급계약체결
모잠비크 AFIS 시스템 납품 및 개발/구축 (41억원)
- 계약기간 : 2024년 02월 01일 ~ 2025년 11월 30일
* 제출기준일 현재 이행이 완료된 사항은 전자공시시스템을 통해 공시 완료하였습니다."	"1. 공시내용 진행 및 변경사항
가. 주주총회 의사록 요약
주총일자
안건
결의내용
제7기정기주주총회(2024.03.29)
제1호 의안 : 제7기 재무제표 승인의 건제2호 의안 : 정관 변경 승인의 건제3호 의안 : 주식매수선택권 부여 승인의 건제4호 의안 : 이사보수한도 승인의 건
제5호 의안 : 감사보수한도 승인의 건제6호 의안 : 주식매수선택권 부여
원안 승인원안 승인원안 승인원안 승인 - 20억원원안 승인 - 1억원원안 승인
제7기임시주주총회(2023.05.26)
제1호 의안 : 정관 변경의 건제2호 의안 : 이사 선임의 건제3호 의안 : 감사선임의 건제4호 의안 : 이사보수한도 승인의 건
원안 승인원안 승인 - 사내이사 윤상철, 김남균, 기타비상무이사 조동혁, 사외이사 민동휘, 윤정식원안 승인 - 감사 정혜경원안 승인 - 40억원
제6기정기주주총회(2023.03.22)
제1호의안 : 제6기 재무제표 승인의 건제2호의안 : 이사 선임의 건제3호의안 : 이사보수한도 승인의 건제4호의안 : 감사보수한도 승인의 건
원안 승인원안 승인 - 사내이사 박보건, 사외이사 박부견원안 승인 - 20억원원안 승인 - 1억원
제5기정기주주총회(2022.03.22)
제1호의안 : 제5기 재무제표 승인의 건제2호의안 : 이사 선임의 건제3호의안 : 이사보수한도 승인의 건제4호의안 : 감사보수한도 승인의 건
원안 승인원안 승인 - 사외이사 최윤기원안 승인 - 20억원원안 승인 - 1억원
나. 공시진행사항
1) 공시사항
신고일자
제목
신고내용
신고사항의 진행사항
2024.03.07
단일판매·공급계약체결
모잠비크 AFIS 시스템 납품 및 개발/구축 (41억원)
- 계약기간 : 2024년 02월 01일 ~ 2025년 11월 30일
* 제출기준일 현재 이행이 완료된 사항은 전자공시시스템을 통해 공시 완료하였습니다.2) 진행상황
(단위 : 백만원)
신고일자
계약내역
계약금액총액
판매ㆍ공급금액
대금수령금액
당기
누적
당기
누적
2024.03.07
모잠비크 AFIS 시스템 납품 및 개발/구축
계약상대방 : DB Inc. 계약기간 : 2024년 02월 01일 - 2025년 11월 30일주요 계약조건 : 차수별 검수 완료에 의한 세금계산서 발행 및 대금 지급
4,135
-
-
1,871
1,871
3) 향후 추진계획 기존 2025년 11월 30일까지 예정이었던 사업은 건설사 교체로 인한 2026년 6월 30일로 6개월 지연되었습니다.현재 개발이 완료되는 단계이며, 2025년 하반기에는 사전설치, 현지배송, 산출물 작성의 업무가 예정되어 있으며 2026년에는 현지설치, 통합테스트 및 검수, 교육 등의 업무가 진행될 예정입니다.(미수령 금액)사업이 종료되는 2026년에 계약금액총액에 대하여 매출인식이 진행될 예정이며, 잔금 중 13억원은 2025년 말, 10억원은 최종검수가 완료되는 2026년 중순에 입금될 예정입니다."	ok
20250814003101	SIMPAC	예	I. 4. 5. 자기주식 보유현황	미흡기재	20250328001694	"4. 주식의 총수 등
1. 주식의 총수 현황
(기준일 :
2024년 12월 31일
)
(단위 : 주, %)
구 분
주식의 종류
비고
보통주
-
합계
Ⅰ. 발행할 주식의 총수
200,000,000
-
200,000,000
-
Ⅱ. 현재까지 발행한 주식의 총수
128,629,516
-
128,629,516
-
Ⅲ. 현재까지 감소한 주식의 총수
63,200,000
-
63,200,000
-
1. 감자
63,200,000
-
63,200,000
-
2. 이익소각
-
-
-
-
3. 상환주식의 상환
-
-
-
-
4. 기타
-
-
-
-
Ⅳ. 발행주식의 총수 (Ⅱ-Ⅲ)
65,429,516
-
65,429,516
-
Ⅴ. 자기주식수
11,160,000
-
11,160,000
-
Ⅵ. 유통주식수 (Ⅳ-Ⅴ)
54,269,516
-
54,269,516
-
Ⅶ. 자기주식 보유비율
17.06
-
17.06
-
2. 자기주식 취득 및 처분 현황
(기준일 :
2024년 12월 31일
)
(단위 : 주)
취득방법
주식의 종류
기초수량
변동 수량
기말수량
비고
취득(+)
처분(-)
소각(-)
배당가능이익범위이내취득
직접취득
장내 직접 취득
보통주
5,774,021
-
-
-
5,774,021
-
-
-
-
-
-
-
-
장외직접 취득
보통주
-
-
-
-
-
-
-
-
-
-
-
-
-
공개매수
보통주
-
-
-
-
-
-
-
-
-
-
-
-
-
소계(a)
보통주
5,774,021
-
-
-
5,774,021
-
-
-
-
-
-
-
-
신탁계약에 의한취득
수탁자 보유물량
보통주
3,216,776
-
-
-
3,216,776
-
-
-
-
-
-
-
-
현물보유물량
보통주
1,500,000
-
-
-
1,500,000
-
-
-
-
-
-
-
-
소계(b)
보통주
4,716,776
-
-
-
4,716,776
-
-
-
-
-
-
-
-
기타 취득(c)
보통주
669,203
-
-
-
669,203
-
-
-
-
-
-
-
-
총 계(a+b+c)
보통주
11,160,000
-
-
-
11,160,000
-
-
-
-
-
-
-
-
3. 자기주식 직접 취득
ㆍ
처분 이행현황- 해당사항 없습니다.4. 자기주식 신탁계약 체결
ㆍ
해지 이행현황- 해당사항 없습니다.
5. 자기주식 보유현황(1) 자기주식 보유현황
(단위 : 주)
취득방법
취득(계약체결)결정 공시일자
주식종류
취득기간
취득목적
최초보유예상기간
최초취득수량
변동 수량
기말수량
비고
처분(-)
소각(-)
배당가능이익범위이내취득
직접취득
1999년 05월 28일
보통주
1999.05.28
영업양도에 따른 매수청구권
-
55,360
-
-
55,360
-
2004년 06월 24일
보통주
2004.06.28~2004.09.27
주가안정을 통한 주주이익 보호
-
1,500,000
-
-
1,555,360
-
2004년 08월 06일
보통주
2004.08.10~2004.11.09
주가안정을 통한 주주이익 보호
-
1,100,000
-
-
2,655,360
-
2005년 03월 07일
보통주
2005.03.11~2005.06.10
주주가치의 제고 및 적정주가 유지
-
2,000,000
-
-
4,655,360
-
2005년 11월 18일
보통주
2005.11.18
재무구조 개선
-
-
2,000,000
-
2,655,360
-
2008년 12월 10일
보통주
2008.12.09~2009.03.06
주가안정 및 임직원 상여금 지급
-
500,000
235,400
-
2,919,960
-
2009년 12월 22일
보통주
2009.12.23
임직원 상여금 지급
-
-
450,690
-
2,469,270
-
2010년 10월 01일
보통주
2010.10.01
재단법인 필정장학재단의 목적사업 활성화를 위한 기부
-
-
400,000
-
2,069,270
-
2015년 07월 20일
보통주
2015.09.10
(주)심팩인더스트리 주식교환 처분
-
-
52,187
-
2,017,083
-
2016년 02월 25일
보통주
2016.02.26~2016.05.25
주가안정 및 주주가치 제고
-
300,000
-
-
2,317,083
-
2016년 11월 30일
보통주
2016.12.01~2017.02.28
주가안정 및 주주가치 제고
-
400,000
-
-
2,717,083
-
2020년 02월 13일
보통주
2020.02.13~2020.05.12
주가안정 및 주주가치 제고
-
1,838,235
-
-
4,555,318
-
2020년 03월 19일
보통주
2020.03.20~2020.06.19
주가안정 및 주주가치 제고
-
1,218,703
-
-
5,774,021
-
신탁계약에의한 취득
2017년 03월 10일
보통주
2017.03.10~2017.09.11
주가안정 및 주주가치 제고
-
1,500,000
-
-
1,500,000
-
2021년 01월 13일
보통주
2021.01.13~2021.07.14
주가안정 및 주주가치 제고
-
1,625,649
-
-
3,125,649
-
2022년 06월 21일
보통주
2022.06.21~2022.12.21
주가안정 및 주주가치 제고
-
1,591,127
-
-
4,716,776
-
기타 취득
2017년 09월 28일
보통주
2017.09.28
기타 취득
-
30
-
-
30
-
2018년 07월 18일
보통주
2018.07.18
주식매수청구로 인한 취득
-
667,871
-
-
667,901
-
2018년 07월 19일
보통주
2018.07.19
단수주 취득
-
1,302
-
-
669,203
-
총계
14,298,277
3,138,277
-
11,160,000
-
(2) 자기주식 보유 목적
- 기업가치 제고 및 주주환원 등을 위하여 장내 취득 등을 통해 보유 중입니다.
(3) 자기주식 취득계획
- 주주환원 정책의 일환으로 자기주식 취득을 적극적으로 검토하고 있으나 현재 정해진 계획은 없습니다.
(4) 자기주식 소각 및 처분 계획
- 추후 기업가치 제고, 주주환원 및 임직원 보상, 재무구조개선 등을 위하여 소각 및 처분할 예정이나 현재 정해진 계획은 없으며, 향후 당사의 재무현황, 시장상황의 변화에 따라 달라질 수 있습니다.
6. 종류주식(명칭) 발행현황- 해당사항 없습니다."	"4. 주식의 총수 등
1. 주식의 총수 현황
(기준일 :
2024년 12월 31일
)
(단위 : 주, %)
구 분
주식의 종류
비고
보통주
-
합계
Ⅰ. 발행할 주식의 총수
200,000,000
-
200,000,000
-
Ⅱ. 현재까지 발행한 주식의 총수
128,629,516
-
128,629,516
-
Ⅲ. 현재까지 감소한 주식의 총수
63,200,000
-
63,200,000
-
1. 감자
63,200,000
-
63,200,000
-
2. 이익소각
-
-
-
-
3. 상환주식의 상환
-
-
-
-
4. 기타
-
-
-
-
Ⅳ. 발행주식의 총수 (Ⅱ-Ⅲ)
65,429,516
-
65,429,516
-
Ⅴ. 자기주식수
11,160,000
-
11,160,000
-
Ⅵ. 유통주식수 (Ⅳ-Ⅴ)
54,269,516
-
54,269,516
-
Ⅶ. 자기주식 보유비율
17.06
-
17.06
-
2. 자기주식 취득 및 처분 현황
(기준일 :
2024년 12월 31일
)
(단위 : 주)
취득방법
주식의 종류
기초수량
변동 수량
기말수량
비고
취득(+)
처분(-)
소각(-)
배당가능이익범위이내취득
직접취득
장내 직접 취득
보통주
5,774,021
-
-
-
5,774,021
-
-
-
-
-
-
-
-
장외직접 취득
보통주
-
-
-
-
-
-
-
-
-
-
-
-
-
공개매수
보통주
-
-
-
-
-
-
-
-
-
-
-
-
-
소계(a)
보통주
5,774,021
-
-
-
5,774,021
-
-
-
-
-
-
-
-
신탁계약에 의한취득
수탁자 보유물량
보통주
3,216,776
-
-
-
3,216,776
-
-
-
-
-
-
-
-
현물보유물량
보통주
1,500,000
-
-
-
1,500,000
-
-
-
-
-
-
-
-
소계(b)
보통주
4,716,776
-
-
-
4,716,776
-
-
-
-
-
-
-
-
기타 취득(c)
보통주
669,203
-
-
-
669,203
-
-
-
-
-
-
-
-
총 계(a+b+c)
보통주
11,160,000
-
-
-
11,160,000
-
-
-
-
-
-
-
-
3. 자기주식 직접 취득
ㆍ
처분 이행현황- 해당사항 없습니다.4. 자기주식 신탁계약 체결
ㆍ
해지 이행현황- 해당사항 없습니다.5. 자기주식 보유현황(1) 자기주식 보유현황
(단위 : 주)
취득방법
취득(계약체결)결정 공시일자
주식종류
취득기간
취득목적
최초보유예상기간
최초취득수량
변동 수량
기말수량
비고
처분(-)
소각(-)
배당가능이익범위이내취득
직접취득
1999년 05월 28일
보통주
1999.05.28
영업양도에 따른 매수청구권
-
55,360
55,360
-
-
-
2004년 06월 24일
보통주
2004.06.28~2004.09.27
주가안정을 통한 주주이익 보호
-
1,500,000
1,500,000
-
-
-
2004년 08월 06일
보통주
2004.08.10~2004.11.09
주가안정을 통한 주주이익 보호
-
1,100,000
1,100,000
-
-
-
2005년 03월 07일
보통주
2005.03.11~2005.06.10
주주가치의 제고 및 적정주가 유지
-
2,000,000
482,917
-
1,517,083
-
2008년 12월 10일
보통주
2008.12.09~2009.03.06
주가안정
-
500,000
-
-
2,017,083
-
2016년 02월 25일
보통주
2016.02.26~2016.05.25
주가안정 및 주주가치 제고
-
300,000
-
-
2,317,083
-
2016년 11월 30일
보통주
2016.12.01~2017.02.28
주가안정 및 주주가치 제고
-
400,000
-
-
2,717,083
-
2020년 02월 13일
보통주
2020.02.13~2020.05.12
주가안정 및 주주가치 제고
-
1,838,235
-
-
4,555,318
-
2020년 03월 19일
보통주
2020.03.20~2020.06.19
주가안정 및 주주가치 제고
-
1,218,703
-
-
5,774,021
-
신탁계약에의한 취득
2017년 03월 10일
보통주
2017.03.10~2017.09.11
주가안정 및 주주가치 제고
-
1,500,000
-
-
1,500,000
-
2021년 01월 13일
보통주
2021.01.13~2021.07.14
주가안정 및 주주가치 제고
-
1,625,649
-
-
3,125,649
-
2022년 06월 21일
보통주
2022.06.21~2022.12.21
주가안정 및 주주가치 제고
-
1,591,127
-
-
4,716,776
-
기타 취득
2017년 09월 28일
보통주
2017.09.28
기타 취득
-
30
-
-
30
-
2018년 07월 18일
보통주
2018.07.18
주식매수청구로 인한 취득
-
667,871
-
-
667,901
-
2018년 07월 19일
보통주
2018.07.19
단수주 취득
-
1,302
-
-
669,203
-
총계
14,298,277
3,138,277
-
11,160,000
-
※ 기말수량은 2024년 12월 31일 기준 입니다.※ 처분수량은 선입선출법에 의한 변동수량과 기말수량을 기재하였습니다.※ 상세 처분내역은 아래와 같습니다. 1) 2005년 11월 18일 : 재무구조 개선으로 2,000,000주 처분. 2) 2008년 12월 29일 : 임직원 상여금 지급 건으로 235,400주 처분. 3) 2009년 12월 22일 : 임직원 상여금 지급 건으로 450,690주 처분. 4) 2010년 10월 1일 : 재단법인 필정장학재단의 목적사업 활성화를 위한 기부건으로 400,000주 처분. 5) 2015년 9월 10일 : (주)심팩인더스트리 주식교환 처분건으로 52,187주 처분.
(2) 자기주식 보유 목적
- 기업가치 제고 및 주주환원 등을 위하여 장내 취득 등을 통해 보유 중입니다.
(3) 자기주식 취득계획
- 주주환원 정책의 일환으로 자기주식 취득을 적극적으로 검토하고 있으나 현재 정해진 계획은 없습니다.
(4) 자기주식 소각 및 처분 계획
- 추후 기업가치 제고, 주주환원 및 임직원 보상, 재무구조개선 등을 위하여 소각 및 처분할 예정이나 현재 정해진 계획은 없으며, 향후 당사의 재무현황, 시장상황의 변화에 따라 달라질 수 있습니다.
6. 종류주식(명칭) 발행현황- 해당사항 없습니다."	ok
20250814003087	로아앤코홀딩스	여	VI. 3. 주주총회 등에 관한 사항	미흡기재에 따른 내용 보완	20250407004235	"3. 주주총회 등에 관한 사항
1. 투표제도 현황
(기준일 :
2024년 12월 31일
)
투표제도 종류
집중투표제
서면투표제
전자투표제
도입여부
배제
미도입
도입
실시여부
-
-
여(제11기 정기주주총회)
※ 당사는 작성기준일 현재 의결권대리행사권유제도를 도입하고 있으며, 피권유자
에게 직접 권유, 우편 또는 전자우편을 통한 송부, 인터넷 홈페이지 등에 위임장
용지 게시 등의 방법을 통하여 의결권 위임을 실시하고 있습니다. 또한 2025년 03월 31일 진행 예정인 제11기 정기주주총회에서 전자투표제를 실시할 예정입니다.
2. 소수주주권의 행사여부공시대상기간의 소수주주권 행사 내역은 아래와 같습니다.
행사자
소수주주권 내용
목 적
진행경과
송*수 외 11명
제1호 의안 : 임시의장 선임의 건
임시의장 : 송*수
제2호 의안 : 정관변경의 건
(세부의안은 이사회에 추후 제출하도록 함)
제3호 의안 : 이사 해임의 건
가. 제3-1호 의안 : 사내이사 배준오 해임의 건
나. 제3-2호 의안 : 사내이사 강혜미 해임의 건
다. 제3-3호 의안 : 사내이사 김충우 해임의 건
라. 제3-4호 의안 : 사외이사 이선영 해임의 건
제4호 의안 : 이사 선임의 건
(세부 의안은 이사회에 추후 제출하도록 함)
제5호 의안 : 감사 해임의 건
가. 5-1호 의안 : 감사 정원용 해임의 건
제6호 의안 : 감사 선임의 건
(세부 의안은 이사회에 추후 제출하도록 함)
임시주주총회 목적사항으로소송 제기(2024.03.19)
행사자 소취하에 따른 종결(2024.04.17)
송*수 외 11명
정관 변경 무효
주주총회에서 정관을 변경한 주주총회 결의는 무효소송 제기(2024.04.09)
행사자 소취하에 따른 종결(2024.04.17)
3. 경영권 경쟁
(1) 2024년 03월 18일 당사는 신청인 송*수 외 11명으로 부터 '주주총회소집허가' 신청서를 수령 후 본 사건에 대하여 소송대리인을 통해 법적인 절차에 따라 대응 하였으나, 2024년 04월 17일 신청인의 소취하에 따라 사건은 종결 되었습니다.
(2) 2024년 04월 09일 당사는 신청인 송*수 외 11명으로 부터 '회사에 관한 소송' 신청서를 수령 후 본 사건에 대하여 소송대리인을 통해 법적인 절차에 따라 대응 하였으나, 2024년 04월 17일 신청인의 소취하에 따라 사건은 종결 되었습니다.
4. 의결권 현황
(기준일 :
2024년 12월 31일
)
(단위 : 주)
구 분
주식의 종류
주식수
비고
발행주식총수(A)
보통주
5,089,941
-
우선주
-
-
의결권없는 주식수(B)
보통주
11,853
자기주식
우선주
-
-
정관에 의하여 의결권 행사가 배제된 주식수(C)
보통주
-
-
우선주
-
-
기타 법률에 의하여의결권 행사가 제한된 주식수(D)
보통주
-
-
우선주
-
-
의결권이 부활된 주식수(E)
보통주
-
-
우선주
-
-
의결권을 행사할 수 있는 주식수(F = A - B - C - D + E)
보통주
5,078,088
-
우선주
-
-
5. 주식사무
정관상신주인수권의내용
① 본 회사의 신주발행에 있어서 그가 소유한 주식의 수에 비례하여 신주를 배정을 받을 권리를 가진다.단, 주주가 신주인수권의 일부 또는 전부를 포기하거나 상실한 경우와 신주발행에 있어서 단주가 발생한 경우에는 그 처리방법은 이사회의 결의로 정한다.
② 전항의 규정에도 불구하고 신기술의 도입, 재무구조의 개선 등 회사의 경영상의 목적을 달성하기위하여 필요한 경우 다음 각 호의 경우에 이사회의 결의로 신주의 배정비율이나 신주를 배정 받을 자를 정할 수 있다.이 경우 발행하는 신주는 발행주식총수의 100분의 200을 초과할 수 없다. 일반공모증자의 경우에는 자본시장과 금융투자업에 관한 법률 규정에 따라 발행가액을 산정하여야 한다.1.「자본시장과 금융투자업에 관한 법률」등 관련 법령의 규정에 의하여 일반공모의 방식으로 신주를 발행하는 경우2. 「자본시장과 금융투자업에 관한 법률 등 관련 법령의 규정에 의하여 주주우선공모의 방법으로 신주를 발행하는 경우3. 상법 제 542조 3에 따른 주식매수선택권의 행사로 인하여 신주를 발행하는 경우4. 발행하는 주식총수의 100분의 20 범위내에서 우리사주조합원에게 주식을 우선배정하는 경우5. 「자본시장과 금융투자업에 관한 법률 등 관련 법령의 규정에 의하여 주식예탁증서(DR) 발행에 따라 신주를 발행하는 경우6. 회사가 경영상 필요로 외국인 투자를 위하여 신주를 우선 배정하는 경우7. 신기술사업금융지원에 관한 법률에 의한 신기술사업금융회사와 신기술투자조합, 중소기업 창업지원법에 의한 중소기업창업투자회사와 중소기업창업투자조합 및 법인세법 규정에 의한 기관투자자에게 신주를 배정하는 경우8. 기술도입, 연구개발, 생산·판매·자본제휴를 위하여 그 제휴회사에게 신주를 배정하는 경우9. 긴급한 자금조달을 위하여 국내외 금융기관, 국내법인 또는 국내인에게 신주를 배정하는 경우
결 산 일
12월31일
정기주주총회
사업년도종료일로부터3월 이내
주주명부폐쇄시기
매년 01월 01일부터 ~ 01월 07일 까지
명의개서대리인
한국예탁결제원
주주의 특전
해당사항없음
공고게재신문
서울경제신문
6. 주주총회 의사록 요약
주주총회개최일자
안 건
결의내용
주요 논의 내용
제8기정기주주총
2022.03.29
1. 제8기 연결 및 별도재무제표 승인의 건
가결
-
2. 이사 보수한도 승인의 건
가결
-
3. 감사 보수한도 승인의 건
가결
-
제9기임시주주총
2022.08.22
1. 이사 선임의 건
1-1. 사내이사 박현서 신규 선임의 건
부결
정족수 부족에 따른 부결
1-2. 사내이사 이응길 신규 선임의 건
부결
정족수 부족에 따른 부결
1-3. 사내이사 강지연 신규 선임의 건
부결
정족수 부족에 따른 부결
1-4. 사외이사 최재홍 신규 선임의 건
부결
정족수 부족에 따른 부결
제9기임시주주총
2022.10.05
1. 정관 일부 변경의 건
1-1. 제2조 목적 사항 추가 및 연번 정비의 건
가결
-
2. 상근 감사 정원용 선임의 건
가결
-
제9기정기주주총
2023.03.29
1. 제9기 재무제표(연결/별도) 승인의 건
연회
감사인으로 부터 감사의견을 미수령에 따라 2023년 04월 07일로 연회함.
2. 이사선임의 건
2-1. 기타비상무이사 김충우 선임의 건
가결
-
2-2. 사외이사 이선영 선임의 건
가결
-
3. 이사 보수 한도 승인의 건
가결
-
4. 감사 보수 한도 승인의 건
가결
-
제10기정기주주총
(연회)2023.04.07
1. 제9기 재무제표(연결/별도) 승인의 건
가결
감사인으로 부터 감사의견을 수령하여 총회에서 안건 승인 됨
제10기임시주주총
2023.08.30
1. 이사 선임의 건
1-1. 사내이사 배준오 재선임의 건
가결
-
1-2. 기타비상무이사 강혜미 선임의 건
가결
-
2. 정관 일부 변경의 건
가결
-
제10기정기주주총
2024.03.29
1. 제10기 재무제표(연결/별도) 승인의 건
연회
감사인으로 부터 감사의견을 미수령에 따라 2024년 04월 08일로 연회함.
2. 이사 보수 한도 승인의 건
가결
-
3. 감사 보수 한도 승인의 건
가결
-
제10기정기주주총
(연회)2024.04.08
1. 제10기 재무제표(연결/별도) 승인의 건
가결
감사인으로 부터 감사의견을 수령하여 총회에서 안건 승인 됨
제11기임시주주총
회2024.06.10
1. 자본감소(감자)결의의 건(30:1)
가결
-"	"3. 주주총회 등에 관한 사항
1. 투표제도 현황
(기준일 :
2024년 12월 31일
)
투표제도 종류
집중투표제
서면투표제
전자투표제
도입여부
배제
미도입
도입
실시여부
-
-
여(제11기 정기주주총회)
※ 당사는 작성기준일 현재 의결권대리행사권유제도를 도입하고 있으며, 피권유자 에게 직접 권유, 우편 또는 전자우편을 통한 송부, 인터넷 홈페이지 등에 위임장 용지 게시 등의 방법을 통하여 의결권 위임을 실시하고 있습니다. 또한 2025년 03월 31일 진행 예정인 제11기 정기주주총회에서 전자투표제를 실시할 예정입니다.
2. 소수주주권의 행사여부공시대상기간의 소수주주권 행사 내역은 아래와 같습니다.
행사자
소수주주권 내용
목 적
진행경과
송*수 외 11명
제1호 의안 : 임시의장 선임의 건
임시의장 : 송*수
제2호 의안 : 정관변경의 건
(세부의안은 이사회에 추후 제출하도록 함)
제3호 의안 : 이사 해임의 건
가. 제3-1호 의안 : 사내이사 배준오 해임의 건
나. 제3-2호 의안 : 사내이사 강혜미 해임의 건
다. 제3-3호 의안 : 사내이사 김충우 해임의 건
라. 제3-4호 의안 : 사외이사 이선영 해임의 건
제4호 의안 : 이사 선임의 건
(세부 의안은 이사회에 추후 제출하도록 함)
제5호 의안 : 감사 해임의 건
가. 5-1호 의안 : 감사 정원용 해임의 건
제6호 의안 : 감사 선임의 건
(세부 의안은 이사회에 추후 제출하도록 함)
임시주주총회 목적사항으로소송 제기(2024.03.19)
행사자 소취하에 따른 종결(2024.04.17)
송*수 외 11명
정관 변경 무효
주주총회에서 정관을 변경한 주주총회 결의는 무효소송 제기(2024.04.09)
행사자 소취하에 따른 종결(2024.04.17)
3. 경영권 경쟁(1) 2024년 03월 18일 당사는 신청인 송*수 외 11명으로 부터 '주주총회소집허가' 신청서를 수령 후 본 사건에 대하여 소송대리인을 통해 법적인 절차에 따라 대응 하였으나, 2024년 04월 17일 신청인의 소취하에 따라 사건은 종결 되었습니다.(2) 2024년 04월 09일 당사는 신청인 송*수 외 11명으로 부터 '회사에 관한 소송' 신청서를 수령 후 본 사건에 대하여 소송대리인을 통해 법적인 절차에 따라 대응 하였으나, 2024년 04월 17일 신청인의 소취하에 따라 사건은 종결 되었습니다.
4. 의결권 현황
(기준일 :
2024년 12월 31일
)
(단위 : 주)
구 분
주식의 종류
주식수
비고
발행주식총수(A)
보통주
5,089,941
-
우선주
-
-
의결권없는 주식수(B)
보통주
11,853
자기주식
우선주
-
-
정관에 의하여 의결권 행사가 배제된 주식수(C)
보통주
-
-
우선주
-
-
기타 법률에 의하여의결권 행사가 제한된 주식수(D)
보통주
-
-
우선주
-
-
의결권이 부활된 주식수(E)
보통주
-
-
우선주
-
-
의결권을 행사할 수 있는 주식수(F = A - B - C - D + E)
보통주
5,078,088
-
우선주
-
-
5. 주식사무
정관상신주인수권의내용
① 본 회사의 신주발행에 있어서 그가 소유한 주식의 수에 비례하여 신주를 배정을 받을 권리를 가진다.단, 주주가 신주인수권의 일부 또는 전부를 포기하거나 상실한 경우와 신주발행에 있어서 단주가 발생한 경우에는 그 처리방법은 이사회의 결의로 정한다.
② 전항의 규정에도 불구하고 신기술의 도입, 재무구조의 개선 등 회사의 경영상의 목적을 달성하기위하여 필요한 경우 다음 각 호의 경우에 이사회의 결의로 신주의 배정비율이나 신주를 배정 받을 자를 정할 수 있다.이 경우 발행하는 신주는 발행주식총수의 100분의 200을 초과할 수 없다. 일반공모증자의 경우에는 자본시장과 금융투자업에 관한 법률 규정에 따라 발행가액을 산정하여야 한다.1.「자본시장과 금융투자업에 관한 법률」등 관련 법령의 규정에 의하여 일반공모의 방식으로 신주를 발행하는 경우2. 「자본시장과 금융투자업에 관한 법률 등 관련 법령의 규정에 의하여 주주우선공모의 방법으로 신주를 발행하는 경우3. 상법 제 542조 3에 따른 주식매수선택권의 행사로 인하여 신주를 발행하는 경우4. 발행하는 주식총수의 100분의 20 범위내에서 우리사주조합원에게 주식을 우선배정하는 경우5. 「자본시장과 금융투자업에 관한 법률 등 관련 법령의 규정에 의하여 주식예탁증서(DR) 발행에 따라 신주를 발행하는 경우6. 회사가 경영상 필요로 외국인 투자를 위하여 신주를 우선 배정하는 경우7. 신기술사업금융지원에 관한 법률에 의한 신기술사업금융회사와 신기술투자조합, 중소기업 창업지원법에 의한 중소기업창업투자회사와 중소기업창업투자조합 및 법인세법 규정에 의한 기관투자자에게 신주를 배정하는 경우8. 기술도입, 연구개발, 생산·판매·자본제휴를 위하여 그 제휴회사에게 신주를 배정하는 경우9. 긴급한 자금조달을 위하여 국내외 금융기관, 국내법인 또는 국내인에게 신주를 배정하는 경우
결 산 일
12월31일
정기주주총회
사업년도종료일로부터3월 이내
주주명부폐쇄시기
매년 01월 01일부터 ~ 01월 07일 까지
명의개서대리인
한국예탁결제원
주주의 특전
해당사항없음
공고게재신문
서울경제신문
6. 주주총회 의사록 요약
주주총회개최일자
안 건
결의내용
주요 논의 내용
제8기정기주주총
2022.03.29
1. 제8기 연결 및 별도재무제표 승인의 건
가결
영업성과 및 재무제표에 대한 설명
2. 이사 보수한도 승인의 건
가결
이사보수 한도 설명
3. 감사 보수한도 승인의 건
가결
감사보수 한도 설명
제9기임시주주총
2022.08.22
1. 이사 선임의 건
1-1. 사내이사 박현서 신규 선임의 건
부결
정족수 부족에 따른 부결
1-2. 사내이사 이응길 신규 선임의 건
부결
정족수 부족에 따른 부결
1-3. 사내이사 강지연 신규 선임의 건
부결
정족수 부족에 따른 부결
1-4. 사외이사 최재홍 신규 선임의 건
부결
정족수 부족에 따른 부결
제9기임시주주총
2022.10.05
1. 정관 일부 변경의 건
1-1. 제2조 목적 사항 추가 및 연번 정비의 건
가결
신규 사업목적 추가 설명
2. 상근 감사 정원용 선임의 건
가결
감사 선임에 대한 사유 설명
제9기정기주주총
2023.03.29
1. 제9기 재무제표(연결/별도) 승인의 건
연회
감사인으로 부터 감사의견을 미수령에 따라 2023년 04월 07일로 연회함.
2. 이사선임의 건
2-1. 기타비상무이사 김충우 선임의 건
가결
기타비상무이사 선임에 대한 사유 설명
2-2. 사외이사 이선영 선임의 건
가결
사외이사 선임에 대한 사유 설명
3. 이사 보수 한도 승인의 건
가결
이사보수 한도 설명
4. 감사 보수 한도 승인의 건
가결
감사보수 한도 설명
제10기정기주주총
(연회)2023.04.07
1. 제9기 재무제표(연결/별도) 승인의 건
가결
감사인으로 부터 감사의견을 수령하여 총회에서 안건 승인 됨
제10기임시주주총
2023.08.30
1. 이사 선임의 건
1-1. 사내이사 배준오 재선임의 건
가결
사내이사 재선임에 대한 사유 설명
1-2. 기타비상무이사 강혜미 선임의 건
가결
기타비상무이사 선임에 대한 사유 설명
2. 정관 일부 변경의 건
가결
정관 일부 변경에 대한 사유 설명
제10기정기주주총
2024.03.29
1. 제10기 재무제표(연결/별도) 승인의 건
연회
감사인으로 부터 감사의견을 미수령에 따라 2024년 04월 08일로 연회함.
2. 이사 보수 한도 승인의 건
가결
이사보수 한도 설명
3. 감사 보수 한도 승인의 건
가결
감사보수 한도 설명
제10기정기주주총
(연회)2024.04.08
1. 제10기 재무제표(연결/별도) 승인의 건
가결
감사인으로 부터 감사의견을 수령하여 총회에서 안건 승인 됨
제11기임시주주총
회2024.06.10
1. 자본감소(감자)결의의 건(30:1)
가결
결손금 보전을 통한 재무구조 개선에 대한 사유 설명"	ok
20250814003051	앤로보틱스	여	XI. 1. 공시내용 진행 및 변경사항	기재미흡, 미기재	20250515001883	"1. 공시내용 진행 및 변경사항
- 단일판매ㆍ공급계약체결 진행사항
(기준일 :2024. 12. 31)
(단위 : 원)
순번
신고일자
계약내역
계약금액총액
거래상대방
판매 공급금액
대금수령금액
누적
계약금
중도금
잔금
1
2023.01.26
스파이럴 스모크하우스(*주1)
6,620,000,000
롯데제과(주)
3,641,000,000
1,324,000,000
2,317,000,000
-
2
2024.06.26
프랑크라인 스파이럴 살균기
1,662,000,000
롯데웰푸드(주)
664,800,000
664,800,000
-
-
3
2024.08.19
사출라인 스파이럴 살균기
1,530,000,000
롯데웰푸드(주)
612,000,000
612,000,000
-
-
4
2024.10.04
계육 냉동식품 가공라인 설비
1,317,200,000
(주)오케이에프엠
131,720,000
131,720,000
-
-
5
2024.11.14
냉동식품 라인 설비증설
3,030,000,000
(주)체리푸드
1,212,000,000
700,000,000
-
-
*주1) 최초 계약 2023.01.26일에서 2023.12.31일
→
2025.06.30일로 납기연장 되었습니다. 발주처에서 생산거점통합에 따라 신설되는 공장에 대규모 설비를 납품하는 계약이며 공장건설이 지연됨에 따라 납기가 연장되었습니다. 현재 공정율은 55%입니다. 그 외
단일판매ㆍ공급계약체결은 특이사항
없이 진행되고
있습니다."	"1. 공시내용 진행 및 변경사항
1. 공시사항의 진행, 변경사항
(기준일 :2024. 12. 31)
(단위 : 원)
순번
신고일자
계약내역
계약금액총액
거래상대방
판매 공급금액
대금수령금액
진행사항
비고
누적
계약금
중도금
잔금
1
2023.01.26
스파이럴 스모크하우스
6,620,000,000
롯데제과(주)
3,641,000,000
1,324,000,000
2,317,000,000
-
공급 진행 중
주1)
2
2024.06.26
프랑크라인 스파이럴 살균기
1,662,000,000
롯데웰푸드(주)
664,800,000
664,800,000
-
-
공급 진행 중
-
3
2024.08.19
사출라인 스파이럴 살균기
1,530,000,000
롯데웰푸드(주)
612,000,000
612,000,000
-
-
공급 진행 중
-
4
2024.10.04
계육 냉동식품 가공라인 설비
1,317,200,000
(주)오케이에프엠
131,720,000
131,720,000
-
-
공급 진행 중
-
5
2024.11.14
냉동식품 라인 설비증설
3,030,000,000
(주)체리푸드
1,212,000,000
700,000,000
-
-
공급 진행 중
-
주1) 최초 계약 2023.01.26일에서 2023.12.31일→2025.06.30일로 납기연장 되었습니다. 발주처에서 생산거점통합에 따라 신설되는 공장에 대규모 설비를 납품하는 계약이며 공장건설이 지연됨에 따라 납기가 연장되었습니다. 현재 공정율은 55%입니다. 그 외 단일판매ㆍ공급계약체결은 특이사항 없이 진행되고 있습니다.2. 대금 미수령 사유해당 계약건들은 계약서상 대금지급조건 기한이 도래하지 않아 대금수령 전으로 각 계약별 대금지급조건에 따라 대금수령 진행 예정입니다.3. 향후 추진계획당사는 향후 본 계약과 관련된 제품 공급 및 대금 수령이 원활히 이루어질 수 있도록 적극 대응해 나갈 예정입니다. 아울러, 동 계약과 관련하여 주요 내용에 변동이 발생할 경우, 관련 법령 및 규정에 따라 「단일판매ㆍ공급계약체결」 공시의 정정 또는 추가 공시 등을 통해 신속히 투자자에게 안내드릴 예정입니다."	ok
20250814003044	효성중공업	예	XI. 1. (1) 단일판매ㆍ공급계약체결 공시 진행사항	미흡사항추가기재	20250312000970	"1. 공시내용 진행 및 변경사항
(1) 단일판매ㆍ공급계약체결 공시 진행사항
(단위 : 백만원)
신고일자
계약내역
계약금액총액
판매
ㆍ
공급금액
대금수령금액
향후 추진계획
당기
누적
당기
누적
2019-07-10
둔촌2차 현대아파트 리모델링사업
61,012
-
-
-
-
사업인허가 준비중으로 연내 건축심의 진행 예상
2020-10-27
대구 감삼동 주거복합(3차) 신축사업
160,119
40,294
108,946
28,687
56,786
'25년 9월 준공 예정으로 정상공정 진행중
2021-01-28
대구 효목1동 7구역 주택재건축정비사업
185,000
-
-
-
-
사업시행인가 완료되었으며 관리처분계획 진행중
2021-09-15
청주테크노폴리스 S2BL 주상복합신축공사 신축사업
187,810
54,682
91,373
51,398
84,318
'26년 7월 준공 예정으로 정상공정 진행중
2021-11-30
서울 서초구 서초동 오피스텔 공사도급 계약
80,366
21,942
35,335
21,942
35,335
'26년 4월 준공 예정으로 정상공정 진행중
2021-12-30
대전시 선화2구역 도시환경정비사업
284,575
-
-
-
-
기존 거주민 이주 완료되어 사업인허가 준비중
2022-05-04
남아프리카공화국 콰줄루나탈 주 Pongola,Elandskop 변전소 BESS 설계, 설치, 시운전 계약
122,173
4,869
113,008
16,261
120,268
공사 완료되어 현재 유지보수 기간임후속 프로젝트 참여하기 위한 평가 진행중
2022-06-27
부산 온천동 주상복합 공사도급계약
112,462
-
-
-
-
사업인허가 준비중
2022-06-30
안성 진사지구 공동주택 신축공사
239,192
112,936
151,773
120,320
151,773
'25년 12월 준공 예정으로 정상공정 진행중
2022-06-30
용산구 원효로 역세권 청년주택 신축공사 도급계약
171,611
33,862
51,857
33,862
51,857
'26년 11월 준공 예정으로 정상공정 진행중
2022-07-14
예산 제2일반산업단지 조성공사 도급계약
93,892
41,497
60,168
19,520
38,191
'26년 4월 준공 예정으로 정상공정 진행중
2022-09-07
에티오피아 남부 국가전력망 확충 사업(Southern Extension of the National Electricity GridPower Transmission Project)
235,699
94,411
118,505
43,242
133,044
계약서상 납기 일정에 따라 판매 및 공급 정상 이행 중
2022-09-08
부산 북항 초고층 복합개발사업
124,637
44,195
109,431
44,924
109,431
'25년 8월 준공 예정으로 정상공정 진행중
2022-10-04
우암1구역 주택재개발정비사업
425,450
111,292
111,398
111,292
111,398
'26년 12월 준공 예정으로 정상공정 진행중
2022-12-29
종로구 숭인동 주상복합 신축공사 건설공사
84,149
13,241
23,037
13,241
23,037
'26년 3월 준공 예정으로 정상공정 진행중
2023-03-15
잠원동 오피스 신축공사 도급계약
80,312
21,659
30,294
21,659
30,294
'26년 7월 준공 예정으로 정상공정 진행중
2023-09-19
수도권광역급행철도 C노선(GTX-C)민간투자시설사업 건설공사
114,968
-
-
-
-
사업구도 확정 후 본착공 예정
2023-09-27
성수동2가 278-3 업무시설 신축공사
159,060
38,743
39,666
38,743
39,666
'26년 12월 준공 예정으로 정상공정 진행중
2023-11-03
대전 갑천역 APT 신축공사
124,365
2,305
2,305
2,305
2,305
'28년 2월 준공 예정으로 정상공정 진행중
2023-11-09
420kV 변압기 등 공급계약
101,836
-
-
-
-
설계 완료 후 계약서상 납기 일정에 따라 제작 및 공급 예정
2023-12-01
수원당수 A-5BL 아파트 건설공사 5공구
87,759
3,144
3,144
3,144
3,144
'27년 1월 준공 예정으로 정상공정 진행중
2023-12-15
평택 가재지구 3블럭 공동주택 신축공사 도급계약
305,529
62,676
62,676
62,676
62,676
'28년 2월 준공 예정으로 정상공정 진행중
2023-12-21
선화재정비촉진구역주택재개발정비사업
151,895
45,812
121,138
45,812
121,138
'25년 4월 준공 예정으로 정상공정 진행중
2024-03-21
성남 중1구역 도시환경정비사업
477,109
173,343
173,343
173,323
173,323
'27년 1월 준공 예정으로 정상공정 진행중
2024-05-09
강원풍력발전단지 리파워링 공사(90.3MW)
231,000
38,701
38,701
41,839
41,839
계약서상 납기 일정에 따라 판매 및 공급 정상 이행 중
2024-06-04
대화동1구역 주택재개발정비사업
251,107
-
-
-
-
기존 거주민 이주 진행중이며 완료 후 철거공사 진행 예정
2024-06-24
안양 목련2단지아파트 리모델링사업
337,658
-
-
-
-
인허가 완료되어 기존 거주민 이주 준비중
2024-07-08
420kV 변압기 등 공급계약
303,511
-
-
-
-
설계 완료 후 계약서상 납기 일정에 따라 제작 및 공급 예정
2024-10-18
삼성동98번지일원 가로주택정비사업 공사도급계약
88,518
6,457
6,457
6,457
6,457
'27년 7월 준공 예정으로 정상공정 진행중
2024-11-04
Hornsea Four Offshore Wind Farm(HOW04)해상변전소/육상변전소에 변압기/리액터 공급,설치 및 시운전
291,204
-
-
29,480
29,480
계약서상 납기 기준에 따라 '27년 이후 판매 및 공급 이행 예정(주요 도서 승인 절차, FAT 절차, 현장도착 및 운송서류 승인 등)
2024-11-08
산곡 도시환경정비사업
577,045
-
-
-
-
분양 승인 등 준비 절차 완료 및 분양 진행 예정
2024-11-15
경안2지구 도시개발사업 주상복합 신축공사
354,725
-
-
-
-
분양 승인 등 준비 절차 완료 및 분양 진행 예정
2024-12-31
김포 풍무 양도지구 APT 공사도급계약
475,400
-
-
-
-
분양 승인 등 준비 절차 완료 및 분양 진행 예정
※
계약금액 총액은 공시문안에 기재된 금액이며, 외화 계약금액인 경우에는 공시 서류작성기준일 원화 환산 금액과 상이할 수 있습니다.- 대금 미수령 사유
계약내역
대금 미수령 사유
둔촌2차 현대아파트 리모델링사업
정상 현장으로 조합에서 정한 일정에 따라 진행중
대구 효목1동 7구역 주택재건축정비사업
정상 현장으로 조합에서 정한 일정에 따라 진행중
대전시 선화2구역 도시환경정비사업
정상 현장으로 조합에서 정한 일정에 따라 진행중
부산 온천동 주상복합 공사도급계약
토지 인수 완료 후 개발사업 추진 예정
수도권광역급행철도 C노선(GTX-C) 민간투자시설사업 건설공사
정상 진행 현장으로 사업구도 지속 논의중
420kV 변압기 등 공급계약
1차 수금조건 미도래
대화동1구역 주택재개발정비사업
정상 현장으로 조합에서 정한 일정에 따라 진행중
안양 목련2단지아파트 리모델링사업
정상 현장으로 조합에서 정한 일정에 따라 진행중
420kV 변압기 등 공급계약
1차 수금조건 미도래
산곡 도시환경정비사업
정상 현장으로 조합에서 정한 일정에 따라 진행중
경안2지구 도시개발사업 주상복합 신축공사
사업 정상 추진중으로 상반기내 분양 예정
김포 풍무 양도지구 APT 공사도급계약
사업 정상 추진중으로 상반기내 분양 예정"	"1. 공시내용 진행 및 변경사항
(1) 단일판매ㆍ공급계약체결 공시 진행사항
(단위 : 백만원)
신고일자(최초/정정)
계약내역
계약금액
총액
판매
ㆍ
공급금액
대금수령금액
향후 추진계획
계약명
계약상대방
계약시작일
계약종료일
주요계약조건
당기
누적
당기
누적
2019-07-10
둔촌2차 현대아파트 리모델링사업
둔촌2차 현대아파트리모델링주택조합
실착공일로부터 32개월
-
61,012
-
-
-
-
- 도면 변경 등 건축심의 접수 준비중이며, 주요 인허가 획득 후 착공 및 분양 진행에 따라 대금 수령 예정
2020-10-27
대구 감삼동 주거복합(3차) 신축사업
디에스네트웍스(주)
실착공일로부터 44개월
-
160,119
40,294
108,946
28,687
56,786
- 준공 및 입주 예정으로 정상공정 진행중
2021-01-28
대구 효목1동 7구역 주택재건축정비사업
효목1동 7구역 주택재건축정비사업조합
실착공일로부터 30개월
-
185,000
-
-
-
-
- 사업시행인가 완료되어 관리처분 변경인가 접수 준비중- 주요 인허가 완료 후 착공 및 분양 예정
2021-09-15
청주테크노폴리스 S2BL 주상복합신축공사 신축사업
주식회사 피앤엘
실착공일로부터 36개월
-
187,810
54,682
91,373
51,398
84,318
- 준공 및 입주 예정으로 정상공정 진행중
2021-11-30
서울 서초구 서초동 오피스텔 공사도급 계약
주식회사 한백에셋,주식회사 코우드
실착공일로부터 42개월
-
80,366
21,942
35,335
21,942
35,335
- 준공 및 입주 예정으로 정상공정 진행중
2018-09-062021-12-30
대전시 선화2구역 도시환경정비사업
선화2구역 도시환경정비사업조합
실착공일로부터 50개월
-
284,575
-
-
-
-
- 기존 거주민 이주 완료되어 철거공사 진행중- 주요 인허가 완료 후 착공 예정
2022-05-04
남아프리카공화국 콰줄루나탈 주 Pongola, Elandskop 변전소 BESS 설계, 설치, 시운전계약
남아프리카공화국국영전력회사
2022-05-03
2029-10-02
-
122,173
4,869
113,008
16,261
120,268
- 공사(EPC): 2022.05.03 ~ 2024.10.02 (완료)- 유지보수(O&M) 정상 진행중이며, 25년 하반기 잔여분 청구 및 수금 예정
2022-06-27
부산 온천동 주상복합 공사도급계약
주식회사 온천동디에이
실착공일로부터 42개월
-
112,462
-
-
-
-
- 변경인가 등 완료 후 분양사업 진행 예정
2021-08-242022-06-30
안성 진사지구 공동주택 신축공사
주식회사 남우디앤씨
실착공일로부터 33개월
-
239,192
112,936
151,773
120,320
151,773
- 준공 및 입주 예정으로 정상공정 진행중
2022-06-30
용산구 원효로 역세권 청년주택 신축공사 도급계약
(주)이지스용산청년주택위탁관리부동산투자회사
실착공일로부터 45개월
-
171,611
33,862
51,857
33,862
51,857
- 준공 및 입주 예정으로 정상공정 진행중
2022-07-14
예산 제2일반산업단지 조성공사 도급계약
(주)예산제이 산업단지
실착공일로부터 36개월
-
93,892
41,497
60,168
19,520
38,191
- 준공 예정으로 정상공정 진행중
2022-09-07
에티오피아 남부 국가전력망 확충 사업(Southern Extension of the NationalElectricity Grid Power Transmission Project)
Ethiopian ElectricPower (EEP)
2022-11-28
2025-11-28
-
235,699
94,411
118,505
43,242
133,044
- 선수금 수금 완료에 따라 계약 정상 개시되어 계약서상 납기 일정에 따라 판매 및 공급 정상 이행 중
2019-06-032022-09-08
부산 북항 초고층 복합개발사업
부산오션파크 주식회사
2021-04-05
2025-08-31
-
124,637
44,195
109,431
44,924
109,431
- 준공 예정으로 정상공정 진행중
2022-10-04
우암1구역 주택재개발정비사업
우암1구역 주택재개발정비사업조합
실착공일로부터 40개월
-
425,450
111,292
111,398
111,292
111,398
- 준공 및 입주 예정으로 정상공정 진행중
2022-12-29
종로구 숭인동 주상복합 신축공사 건설공사
주식회사 케이티리얼티임대주택제5호위탁관리 부동산투자회사
2023-02-01
2026-01-31
-
84,149
13,241
23,037
13,241
23,037
- 준공 예정으로 정상공정 진행중
2023-03-15
잠원동 오피스 신축공사 도급계약
잠원동 복합개발PFV주식회사
실착공일로부터 38개월
-
80,312
21,659
30,294
21,659
30,294
- 준공 예정으로 정상공정 진행중
2023-09-19
수도권광역급행철도 C노선(GTX-C)민간투자시설사업 건설공사
지티엑스씨 주식회사
실착공일로부터 60개월
-
114,968
-
-
-
-
- 주관사와 일정 및 사업상 세부구도 협의하여 착공 예정
2023-09-27
성수동2가 278-3 업무시설 신축공사
주식회사 베네포스
실착공일로부터 36개월
-
159,060
38,743
39,666
38,743
39,666
- 준공 예정으로 정상공정 진행중
2023-11-03
대전 갑천역 APT 신축공사
(주)도담하우징
실착공일로부터 40개월
-
124,365
2,305
2,305
2,305
2,305
- 준공 예정으로 정상공정 진행중
2023-11-09
420kV 변압기 등 공급계약
노르웨이 송전청(Statnett SF)
2023-11-08
2027-04-14
-
101,836
-
-
-
-
- 2차 도서 제출 및 DR(문서검토) 완료 후 1차 수금 예정- 공장 시험 및 설치 등 완료 후 잔여분 수금 예정
2023-12-01
수원당수 A-5BL 아파트 건설공사 5공구
한국토지주택공사
2023-12-21
2027-02-03
기성불
87,759
3,144
3,144
3,144
3,144
- 준공 예정으로 정상공정 진행중
2023-12-15
평택 가재지구 3블럭 공동주택 신축공사도급계약
평택가재피에프브이주식회사
실착공일로부터 35개월
-
305,529
62,676
62,676
62,676
62,676
- 준공 및 입주 예정으로 정상공정 진행중
2019-06-212023-12-21
선화재정비촉진구역주택재개발정비사업
선화재정비촉진구역주택재개발정비사업
실착공일로부터 40개월
-
151,895
45,812
121,138
45,812
121,138
- 준공 및 입주 예정으로 정상공정 진행중
2024-03-21
성남 중1구역 도시환경정비사업
성남 중1구역 도시환경정비사업조합
실착공일로부터 42개월
-
477,109
173,343
173,343
173,323
173,323
- 준공 및 입주 예정으로 정상공정 진행중
2024-05-09
강원풍력발전단지 리파워링 공사(90.3MW)
강원풍력발전 주식회사
2024-05-09
2026-09-30
-
231,000
38,701
38,701
41,839
41,839
- '25년 6월 토목공사 진행 완료- '25년 하반기 풍력발전기 설치 착수 예정- 준공일까지 대금 수령 및 공급 일정에 따라 정상 진행중
2018-11-082024-06-04
대화동1구역 주택재개발정비사업
대화동1구역 주택재개발정비사업조합
실착공일로부터 39개월
-
251,107
-
-
-
-
- 인허가 완료되어 거주민 이주 진행중으로 착공 예정
2020-12-042024-06-24
안양 목련2단지아파트 리모델링사업
목련2단지리모델링조합
실착공일로부터 37개월
-
337,658
-
-
-
-
- 관리처분인가 완료, 사업비 대출 등 후속 업무 진행중 으로 착공 및 분양 예정
2024-07-08
420kV 변압기 등 공급계약
노르웨이 송전청(Statnett SF)
2024-07-05
2029-06-30
-
303,511
-
-
-
-
- 1, 2차 도서 제출 및 문서검토 완료 후 1, 2차 수금 예정- 공장 시험 시작 및 현지항 도착 후 3, 4차 수금 예정- 설치 및 시험 완료, 최종도서 제출 후 5, 6차 수금 예정
2024-10-18
삼성동98번지일원 가로주택정비사업공사도급계약
삼성동98번지일원가로주택정비사업조합
실착공일로부터 36개월
-
88,518
6,457
6,457
6,457
6,457
- 준공 및 입주 예정으로 정상공정 진행중
2024-11-04
Hornsea Four Offshore Wind Farm(HOW04)해상변전소/육상변전소에변압기/리액터 공급, 설치 및 시운전
Orsted Hornsea ProjectFour Limited
2024-11-01
2029-06-01
-
291,204
-
-
29,480
29,480
- 계약서상 납기 기준에 따라 '27년 이후 판매 및 공급 이행 예정(주요 도서 승인 절차, FAT 절차, 현장도착 및 운송서류 승인 등)
2024-11-08
산곡 도시환경정비사업
산곡 도시환경정비사업조합
실착공일로부터 43개월
-
577,045
-
-
-
-
- 거주민 이주 및 철거공사 완료- 주요 인허가 완료 후 분양 및 착공 예정
2024-11-15
경안2지구 도시개발사업 주상복합 신축공사
경안리버시티개발(주)
실착공일로부터 51개월
-
354,725
-
-
-
-
- 부지 정리 완료- 주요 인허가 완료 후 분양 및 착공 예정
2024-12-31
김포 풍무 양도지구 APT 공사도급계약
(주)피앤디유나이티드
실착공일로부터 36개월
분양불
475,400
-
-
-
-
- 부지 정리 완료- 주요 인허가 완료 후 분양 및 착공 예정
※ 계약금액 총액은 공시문안에 기재된 금액이며, 외화 계약금액인 경우에는 공시 서류작성기준일 원화 환산 금액과 상이할 수 있습니다.※ 향후 판매ㆍ공급 이행, 대금 수령 등 기 공시한 계약사항을 이행함에 있어 주요 계약내용 변경 및 공시의무 발생시 지체없이 공시할 예정입니다.- 대금 미수령 사유
계약내역
대금 미수령 사유
둔촌2차 현대아파트 리모델링사업
정상 현장으로 조합에서 정한 일정에 따라 진행중
대구 효목1동 7구역 주택재건축정비사업
정상 현장으로 조합에서 정한 일정에 따라 진행중
대전시 선화2구역 도시환경정비사업
정상 현장으로 조합에서 정한 일정에 따라 진행중
부산 온천동 주상복합 공사도급계약
토지 인수 완료 후 개발사업 추진 예정
수도권광역급행철도 C노선(GTX-C) 민간투자시설사업 건설공사
정상 진행 현장으로 사업구도 지속 논의중
420kV 변압기 등 공급계약
1차 수금조건 미도래
대화동1구역 주택재개발정비사업
정상 현장으로 조합에서 정한 일정에 따라 진행중
안양 목련2단지아파트 리모델링사업
정상 현장으로 조합에서 정한 일정에 따라 진행중
420kV 변압기 등 공급계약
1차 수금조건 미도래
산곡 도시환경정비사업
정상 현장으로 조합에서 정한 일정에 따라 진행중
경안2지구 도시개발사업 주상복합 신축공사
사업 정상 추진중으로 상반기내 분양 예정
김포 풍무 양도지구 APT 공사도급계약
사업 정상 추진중으로 상반기내 분양 예정"	ok
20250814003023	수산인더스트리	예	XI. 1. 나. 단일판매ㆍ공급계약체결 공시 진행상황	미흡기재	20250327000923	"나. 단일판매ㆍ공급계약체결 공시 진행상황
(기준일 : 2024년 12월 31일)
(단위 : 백만원)
신고일자
계약내역
계약금액총액
판매ㆍ공급금액
대금수령금액
당기
누적
당기
누적
2024.02.29
1.계약명 : 신한울3,4호기 기자재 품질검사용역2.계약상대방 :
한국수력원자력(주)
3.계약기간 : 2024.03.01 ~ 2031.04.30
4.주요 계약조건-계약금ㆍ선급금 유무 : 무-대금지급 조건 등 : 기성 청구 조건
26,692
1,434
1,434
1,018
1,018
2024.04.15
1.계약명 : 신월성원자력 1,2호기 기전설비 정비공사2.계약상대방 : 한국수력원자력(주)3.계약기간 : 2023.07.01 ~ 2024.06.304.주요 계약조건-계약금ㆍ선급금 유무 : 무-대금지급 조건 등 : 기성 청구 조건5.기타 : 공동수급(수급비율 45%)
30,595
21,409
27,813
16,946
21,450
2024.04.29
1.계약명 : 2024년 한울5,6호기 2차측 기전설비 정비공사2.계약상대방 : 한국수력원자력(주)3.계약기간 : 2024.05.01 ~ 2026.04.304.주요 계약조건-계약금ㆍ선급금 유무 : 무-대금지급 조건 등 : 기성 청구 조건
38,905
11,953
11,953
9,446
9,446
2024.06.05
1.계약명 : 2022년 2호기 보일러,탈황설비 계획예방정비공사2.계약상대방 : 한국남동발전(주)3.계약기간 : 2022.01.31 ~ 2025.06.304.주요 계약조건-계약금ㆍ선급금 유무 : 무-대금지급 조건 등 : 기성 청구 조건5.기타 : 공동수급(수급비율 98%)
19,062
1,610
17,461
1,669
16,728
2024.06.25
1.계약명 : 대구그린파워 경상정비공사2.계약상대방 : 대구그린파워(주)3.계약기간 : 2019.02.01 ~ 2025.06.304.주요 계약조건-계약금ㆍ선급금 유무 : 무-대금지급 조건 등 : 기성 청구 조건
17,784
2,553
15,101
2,376
13,524
2024.07.29
1.계약명 : 신고리1,2호기 2차측 기전설비 정비공사2.계약상대방 : 한국수력원자력(주)3.계약기간 : 2021.03.01 ~ 2024.07.314.주요 계약조건-계약금ㆍ선급금 유무 : 무-대금지급 조건 등 : 기성 청구 조건
82,834
22,219
75,307
27,662
69,691
2024.07.31
1.계약명 : 신고리1,2호기 2차측 기전설비 정비공사2.계약상대방 : 한국수력원자력(주)3.계약기간 : 2024.08.01 ~ 2026.07.314.주요 계약조건-계약금ㆍ선급금 유무 : 무-대금지급 조건 등 : 기성 청구 조건
35,533
4,150
4,150
3,708
3,708
2024.08.20
1.계약명 : 영흥본부 1,2호기 보일러설비 경상정비공사2.계약상대방 : 한국남동발전(주)3.계약기간 : 2016.10.01 ~ 2025.03.314.주요 계약조건-계약금ㆍ선급금 유무 : 무-대금지급 조건 등 : 기성 청구 조건5.기타 : 공동수급(계약금액에서 안전관리비 제외 후 수급비율 39%)
42,667
3,178
37,420
2,866
36,805
2024.09.25
1.계약명 : 평택기력 탈황운전 및 보일러설비 경상정비공사2.계약상대방 : 한국서부발전(주)3.계약기간 : 2016.07.01 ~ 2025.02.284.주요 계약조건-계약금ㆍ선급금 유무 : 무-대금지급 조건 등 : 기성 청구 조건5.기타 : 공동수급(수급비율 정비분야 80%, 운전분야 100%)
32,016
2,375
28,334
2,060
28,830
2024.12.03
1. 계약명 : 보령화력 1~8호기 석탄취급설비 경상정비공사2.계약상대방 : 한국중부발전(주)3.계약기간 : 2015.06.01 ~ 2025.06.304.주요 계약조건-계약금ㆍ선급금 유무 : 무-대금지급 조건 등 : 기성 청구 조건5.기타 : 공동수급(수급비율 80%)
80,585
9,327
73,259
9,650
72,244
2024.12.12
1.계약명 : 새울원자력 1,2호기 기전설비 정비공사2.계약상대방 : 한국수력원자력(주)3.계약기간 : 2023.07.01 ~ 2024.06.304.주요 계약조건-계약금ㆍ선급금 유무 : 무-대금지급 조건 등 : 기성 청구 조건5.기타 : 공동수급(수급비율 20%)
13,690
9,053
12,597
10,674
10,674
2024.12.26
1.계약명 : 한울원자력 제5,6기 2차측 기전설비 정비공사2.계약상대방 : 한국수력원자력(주)3.계약기간 : 2021.03.01 ~ 2024.04.304.주요 계약조건-계약금ㆍ선급금 유무 : 무-대금지급 조건 등 : 기성 청구 조건
59,021
5,207
54,252
18,978
53,685"	"나. 단일판매ㆍ공급계약체결 공시 진행상황
(1) 진행상황
(기준일 : 2024년 12월 31일)
(단위 : 백만원)
신고일자
계약내역
계약금액
판매ㆍ공급금액
대금수령금액
당기
누적
당기
누적
2023.06.09
1.계약명 :
BNPP 1,2,3,4호기 터빈 및 터빈밸브, 발전기 계획예방정비공사
2.계약상대방 :
NAWAH ENERGY COMPANY PJSC
3.계약기간 : 2023.06.08 ~ 2028.06.084.주요 계약조건-계약금ㆍ선급금 유무 : 무-대금지급 조건 등 : 기성 청구 조건
54,490
7,720
13,056
7,670
12,684
2024.02.29
1.계약명 : 신한울3,4호기 기자재 품질검사용역2.계약상대방 :
한국수력원자력(주)
3.계약기간 : 2024.03.01 ~ 2031.04.304.주요 계약조건-계약금ㆍ선급금 유무 : 무-대금지급 조건 등 : 기성 청구 조건
26,692
1,434
1,434
1,018
1,018
2024.04.15(최초)2023.06.21
1.계약명 : 신월성원자력 1,2호기 기전설비 정비공사2.계약상대방 : 한국수력원자력(주)3.계약기간 : 2023.07.01 ~ 2024.06.304.주요 계약조건-계약금ㆍ선급금 유무 : 무-대금지급 조건 등 : 기성 청구 조건5.기타 : 공동수급(수급비율 45%)
30,595
21,409
27,813
16,946
21,450
2024.04.29
1.계약명 : 2024년 한울5,6호기 2차측 기전설비 정비공사2.계약상대방 : 한국수력원자력(주)3.계약기간 : 2024.05.01 ~ 2026.04.304.주요 계약조건-계약금ㆍ선급금 유무 : 무-대금지급 조건 등 : 기성 청구 조건
38,905
11,953
11,953
9,446
9,446
2024.06.05(최초)2023.10.17(정정)2023.12.28
1.계약명 : 2022년 2호기 보일러,탈황설비 계획예방정비공사2.계약상대방 : 한국남동발전(주)3.계약기간 : 2022.01.31 ~ 2025.06.304.주요 계약조건-계약금ㆍ선급금 유무 : 무-대금지급 조건 등 : 기성 청구 조건5.기타 : 공동수급(수급비율 98%)
19,062
1,610
17,461
1,669
16,728
2024.06.25(최초)2024.06.25
1.계약명 : 대구그린파워 경상정비공사2.계약상대방 : 대구그린파워(주)3.계약기간 : 2019.02.01 ~ 2025.06.304.주요 계약조건-계약금ㆍ선급금 유무 : 무-대금지급 조건 등 : 기성 청구 조건
17,784
2,553
15,101
2,376
13,524
2024.07.29
1.계약명 : 신고리1,2호기 2차측 기전설비 정비공사2.계약상대방 : 한국수력원자력(주)3.계약기간 : 2021.03.01 ~ 2024.07.314.주요 계약조건-계약금ㆍ선급금 유무 : 무-대금지급 조건 등 : 기성 청구 조건
82,834
22,219
75,307
27,662
69,691
2024.07.31(최초)2023.08.28(정정)2024.02.27(정정)2024.03.05
1.계약명 : 신고리1,2호기 2차측 기전설비 정비공사2.계약상대방 : 한국수력원자력(주)3.계약기간 : 2024.08.01 ~ 2026.07.314.주요 계약조건-계약금ㆍ선급금 유무 : 무-대금지급 조건 등 : 기성 청구 조건
35,533
4,150
4,150
3,708
3,708
2024.08.20(최초)2023.10.06(정정)2024.03.26(정정)2024.06.04
1.계약명 : 영흥본부 1,2호기 보일러설비 경상정비공사2.계약상대방 : 한국남동발전(주)3.계약기간 : 2016.10.01 ~ 2025.03.314.주요 계약조건-계약금ㆍ선급금 유무 : 무-대금지급 조건 등 : 기성 청구 조건5.기타 : 공동수급(계약금액에서 안전관리비 제외 후 수급비율 39%)
42,667
3,178
37,420
2,866
36,805
2024.09.25(최초)2023.09.18(정정)2024.03.19
1.계약명 : 평택기력 탈황운전 및 보일러설비 경상정비공사2.계약상대방 : 한국서부발전(주)3.계약기간 : 2016.07.01 ~ 2025.02.284.주요 계약조건-계약금ㆍ선급금 유무 : 무-대금지급 조건 등 : 기성 청구 조건5.기타 : 공동수급(수급비율 정비분야 80%, 운전분야 100%)
32,016
2,375
28,334
2,060
28,830
2024.12.03(최초)2023.09.12(정정)2023.12.28(정정)2024.01.29(정정)2024.04.08(정정)2024.06.26(정정)2024.09.25(정정)2024.11.05
1. 계약명 : 보령화력 1~8호기 석탄취급설비 경상정비공사2.계약상대방 : 한국중부발전(주)3.계약기간 : 2015.06.01 ~ 2025.06.304.주요 계약조건-계약금ㆍ선급금 유무 : 무-대금지급 조건 등 : 기성 청구 조건5.기타 : 공동수급(수급비율 80%)
80,585
9,327
73,259
9,650
72,244
2024.12.12(최초)2023.06.21
1.계약명 : 새울원자력 1,2호기 기전설비 정비공사2.계약상대방 : 한국수력원자력(주)3.계약기간 : 2023.07.01 ~ 2024.06.304.주요 계약조건-계약금ㆍ선급금 유무 : 무-대금지급 조건 등 : 기성 청구 조건5.기타 : 공동수급(수급비율 20%)
13,690
9,053
12,597
10,674
10,674
2024.12.12(최초)2023.07.13(정정)2023.11.27(정정)2024.01.18(정정)2024.07.26(정정)2024.07.31
1.계약명 : 동해 바이오매스 전소설비 경상정비공사 및 운전용역2.계약상대방 : 한국동서발전(주)3.계약기간 : 2016.11.01 ~ 2025.01.314.주요 계약조건-계약금ㆍ선급금 유무 : 무-대금지급 조건 등 : 기성 청구 조건
26,388
3,458
23,266
3,565
23,281
2024.12.26(최초)2023.06.26(정정)2023.11.02(정정)2024.02.27(정정)2024.03.05(정정)2024.11.20
1.계약명 : 한울원자력 제5,6기 2차측 기전설비 정비공사2.계약상대방 : 한국수력원자력(주)3.계약기간 : 2021.03.01 ~ 2024.04.304.주요 계약조건-계약금ㆍ선급금 유무 : 무-대금지급 조건 등 : 기성 청구 조건5.준공완료(최종정산 완료)
59,021
5,207
54,252
18,978
53,685
2024.12.31(최초)2023.11.16(정정)2023.12.28(정정)2024.04.08(정정)2024.06.27(정정)2024.07.16(정정)2024.11.25
1.계약명 : 영흥1~4호기 석탄취급설비 운전 및 경상정비공사2.계약상대방 : 한국남동발전(주)3.계약기간 : 2016.02.01 ~ 2025.06.304.주요 계약조건-계약금ㆍ선급금 유무 : 무-대금지급 조건 등 : 기성 청구 조건
129,538
14,535
117,911
15,187
117,515
주1) 계약금액은 부가세 포함 금액이며, 판매ㆍ공급금액 및 대금수령금액은 부가세 제외 금액입니다.
(2) 향후 추진계획작성기준일 현재 진행중인 판매ㆍ공급 이행과 관련하여 당사와 발주처간 계약 진행상 특이사항은 없으며, 당초 계약에 따라 정비공사가 진행 중에 있습니다. 또한 발전설비의 종류 및 정비공사의 형태에 따라 대금 청구 시점이 다르며, 계약기간 내 공사 진행에 따라 기성을 청구하여 대금을 수령하고 있습니다. 정비공사관련 예정사항 및 추진계획, 변동 가능성있는 사항은 아래와 같습니다.
(기준일 : 2024년 12월 31일)
신고일자
계약내역
예정사항(계약기간 종료일)
추진 계획
변경전
변경후
변동사유
2024.04.15
신월성원자력 1,2호기 기전설비 정비공사
2024.06.30
2024.06.30
공사종료 및 정산진행
정비공사 완료에 따른 최종 정산 진행 중으로 발주처인 한국수력원자력(주)의 최종 정산에 관한 내부 의사결정 완료 시 당사에 정산내역을 통보할 예정으로 최종 정산 완료 시 즉시 정정공시할 예정
2024.07.29
신고리1,2호기 2차측 기전설비 정비공사
2024.07.31
2024.07.31
공사종료 및 정산진행
2024.12.12
새울원자력 1,2호기 기전설비 정비공사
2024.06.30
2024.06.30
공사종료 및 정산진행
2024.12.03
보령화력 1~8호기 석탄취급설비 경상정비공사
2024.12.31
미확정
연장계약 예정
변경계약 체결 전 공문을 통한 종료일자 연장알림으로 변경계약 체결 시 즉시 정정공시 예정
2024.12.26
한울원자력 제5,6기 2차측 기전설비 정비공사
2024.04.30
2024.04.30
공사종료 및 정산진행
'24.12.26 최종 정산 완료에 따른 정정공시 완료
2024.12.31
영흥1,4호기 석탄취급설비 운전 및 경상정비공사
2024.12.31
미확정
연장계약 예정
변경계약 체결 전 공문을 통한 종료일자 연장알림으로 변경계약 체결 시 즉시 정정공시 예정"	ok_sub
20250814003009	동원개발	여	XI. 1. 공시내용 진행 및 변경사항	공시내용 진행 및 변경사항 기재보완	20250320000310	"1. 공시내용 진행 및 변경사항
- 해당사항없음"	"1. 공시내용 진행 및 변경사항
당사의 단일판매
·
공급계약체결 공시 건 중 계약 해지 또는 기간 만료 전까지 계약과 관련된 진행상황은 아래와 같습니다.
(기준일 : 2024년 12월 31일)
(단위 : 백만원)
신고일자
계약내역
계약금액총액
판매 공급금액
대금수령금액
대금미수령사유
계약명
계약상대방
시작일
종료일
당기
누적
당기
누적
2024-12-06
통영 법송일반산업단지 조성사업
(주)동삼
2011-12-01
2026-12-31
40,996
-
35,022
1,716
35,022
-
2023-12-11
대명동이천동 지역주택조합 공동주택 및 부대복리시설 신축공사
대명동이천동 지역주택조합
2023-12-11
2026-12-10
54,252
4,652
4,652
-
-
-
2024-06-20
울산 무거 비스타동원 신축 및 토목공사
(주)세명종합개발
2021-05-01
2027-12-31
93,221
11,575
12,575
-
-
-
2023-03-20
해운대구 중동 생활숙박시설 신축공사
한국자산신탁(주)
2021-11-29
2026-04-28
110,988
33,994
56,557
12,230
31,882
-
2024-02-21
창원무동 27BL 동원로얄듀크 신축공사
(주)남양종합개발
2021-09-09
2026-02-28
85,871
-
1,000
1,000
1,000
-
2024-10-07
일광지구 4BL 민간참여 공공주택건설사업
부산도시공사
2021-09-09
2026-02-28
81,100
18,487
25,415
20,582
254,154
-
2023-12-22
사상구 주례동 공동주택 신축공사
우리자산신탁(주)
2022-10-17
2025-04-16
32,028
17,003
25,126
13,235
19,773
-
2024-12-30
부암2차 공동주택 신축 및 토목공사
(주)아시아드종합개발
2022-02-01
2025-08-31
111,444
50,800
79,600
21,600
44,600
-
2022-09-21
광주 중앙공원 민간공원조성 특례사업 공동주택 신축공사
㈜무궁화신탁
2022-09-01
2026-03-31
187,500
56,485
114,103
58,681
113,200
-
2023-01-18
광주 중앙공원 민간공원조성 특례사업 공원조성공사
㈜지파크개발
2022-04-29
2025-10-19
53,181
11,075
21,781
10,445
20,446
-
2023-12-22
양산시 덕계동 공동주택 신축공사
우리자산신탁㈜
2022-08-22
2025-08-21
68,171
29,564
50,823
30,489
47,531
-
2022-06-20
양정산호아파트 소규모재건축사업
양정산호아파트소규모재건축정비사업조합
2023-10-01
2026-11-30
129,663
-
-
-
-
착공전
2024-12-26
대연맨션 소규모재건축정비사업
대연맨션 소규모재건축정비사업조합
2024-09-09
2027-08-08
58,134
3,180
3,180
-
-
-
2024-06-25
개금2 주택재개발정비사업 공사도급
개금2 주택재개발정비사업조합
2024-12-01
2027-12-31
170,289
-
-
-
-
착공전
2024-10-24
사상~해운대 고속도로 민간투자사업 건설공사
사상해운대고속도로㈜
2026-01-01
2030-12-31
79,672
-
-
-
-
착공전
2024-10-08
광안지역주택조합 공동주택 신축공사
광안지역주택조합
2024-07-03
2027-07-02
129,530
4,282
4,282
1,816
1816
-
2024-02-28
사상공원 민간공원조성 특례사업 공동주택 및 부대복리시설 신축공사
(주)사상파크홀딩스
2024-08-01
2028-04-30
249,210
-
-
-
-
-
2024-05-24
에코델타시티 15BL 민간참여 공공임대주택 건립사업
부산도시공사
2024-05-23
2029-03-31
57,283
-
-
-
-
착공전
2024-10-30
평택브레인시티 비스타동원 신축공사 (건축,전기,통신)
(주)월드컵
2024-11-01
2028-03-31
412,463
-
-
-
-
착공전
※ 계약금액 총액은 단일판매 공급계약 체결 공시에 반영한 부가세 제외 금액이며, 상기 신고일자는 최근 공시일자입니다.※ 착공전 현장은 착공 이후 대금수령금액을 기재 할 예정입니다.※ 향후 추진계획 : 대금 회수가 저조한 현장의 미분양 해소, 채권회수 집중 등 신속한 현안 해결을 위해 전사역량을 집중하겠습니다."	ok
20250814002961	레인보우로보틱스	여	XI. 1. 1) 단일판매ㆍ공급계약체결 공시 진행상황	미흡기재	20250321000789	"1. 공시내용 진행 및 변경사항
1) 단일판매 공급계약 체결 공시 진행현황
(단위 : 천원)
공시일자
계약내역
계약금액총액
판매ㆍ공급금액
대금수령금액
당기
누적
당기
누적
2024.03.15
KF-21 공정자동화를 위한 협동로봇 드릴링머신 솔루션 납품
4,250,000
3,527,500
3,527,500
3,527,500
3,527,500
2024.09.02
중·고궤도 광학감시시스템 개발
7,830,000
500,273
500,273
500,273
500,273
주1) 최초 공시일자 기준으로 기재하였습니다.주2) 계약금액 총액은 변경된 최종 계약금액 기준으로 기재하였습니다."	"1. 공시내용 진행 및 변경사항
1) 단일판매 공급계약 체결 공시 진행현황
(단위 : 천원)
순번
공시일자
계약내역
계약진행상황
계약금액총액
판매ㆍ공급금액
대금수령금액
당기
누적
당기
누적
1
2024.03.15
- 계약명: KF-21 공정자동화를 위한 협동로봇 드릴링 머신 솔루션 납품- 계약상대방 : 한국항공우주산업(주)- 계약기간 : 2024.03 ~ 2025.05
2차 잔금 수금 및 장비 납품/ 기능테스트 완료
4,250,000
3,527,500
3,527,500
3,527,500
3,527,500
2
2024.09.02
- 계약명 : 중·고궤도 광학감시시스템 개발- 계약상대방 : 한국천문연구원 - 총 계약기간 : 2024.09 ~ 2027.10 (장기1차계약 : 2024.09 ~ 2024.12 장기2차계약 : 2025.01 ~ 2025.12 장기3차계약 : 2026.01 ~ 2026.12 장기4차계약 : 2027.01 ~ 2027.10)
장기 1차 계약 수행 및대금수령 완료
7,830,000
500,273
500,273
500,273
500,273
주1) 최초 공시일자 기준으로 기재하였습니다.
주2) 계약금액 총액은 변경된 최종 계약금액 기준으로 기재하였습니다.
2) 대금 미수령 사유 - 보고서 작성일 기준 해당사항 없습니다. 3) 향후 추진계획
(단위 : 천원)
순번
공시일자
계약명
계약금액 총액
이행상황
향후 추진계획
1
2024.03.15
KF-21 공정자동화를 위한 협동로봇드릴링머신 솔루션 납품
4,250,000
장비 납품 및 기능테스트 완료
장비 시스템 검증 완료 후 잔금 수령 예정
2
2024.09.02
중·고궤도 광학감시시스템 개발
7,830,000
- 장기 1차 계약 수행 및 대금수령 완료 - 장기 2차 계약완료 및 수행 중
장기 3차,4차 계약 진행예정
주) 당사는 향후 본 계약과 관련된 대금 수령이 원활히 이루어질 수 있도록 적극 대응해 나갈 예정입니다. 아울러, 동 계약과 관련하여 주요 내용에 변동이 발생할 경우, 관련법령 및 규정에 따라 「단일판매ㆍ공급계약체결」 공시의 정정 또는 추가 공시 등을 통해 신속히 투자자에게 안내드릴 예정입니다."	ok
20250814002959	금강철강	여	Ⅰ. 4. 라. 자기주식 보유현황	미흡기재	20250319001139	"라. 자기주식 보유현황
(단위 : 주)
취득방법
취득(계약체결)결정 공시일자
주식종류
취득기간
취득목적
최초보유예상기간
최초취득수량
변동 수량
기말수량
비고
처분(-)
소각(-)
배당가능이익범위이내취득
직접취득
2002년 02월 09일
보통주
2002.02.14 ~2002.05.13
주가안정
-
1,000,000
-
-
1,000,000
-
-
-
-
-
-
-
-
-
-
-
신탁계약에의한 취득
2009년 06월 15일
보통주
2009.06.15 ~2016.06.15
주가안정
-
239,323
120,000
-
119,323
-
2016년 06월 13일
보통주
2016.06.13 ~2020.06.13
주가안정
-
259,160
-
-
259,160
-
2017년 11월 13일
보통주
2017.11.13 ~2020.11.13
주가안정
-
262,642
-
-
262,642
-
2018년 01월 25일
보통주
2018.01.25 ~2025.01.25
주가안정
-
245,147
34,156
-
210,991
-
2018년 11월 13일
보통주
2018.11.13 ~2020.11.13
주가안정
-
264,888
-
-
264,888
-
2020년 03월 18일
보통주
2020.03.18 ~2023.03.18
주가안정
-
498,975
365,844
-
133,131
-
2022년 12월 12일
보통주
2022.12.12 ~ 2024.12.12
주가안정
-
266,869
-
-
266,869
-
2024년 03월 08일
보통주
2024.03.08 ~2025.03.08
주가안정
-
196,856
-
-
196,856
-
2024년 08월 13일
보통주
2024.08.13 ~ 2025.08.13
주가안정
1년
203,946
-
-
203,946
-
2024년 11월 15일
보통주
2024.11.15 ~ 2025.11.15
주가안정
1년
29,398
-
-
29,398
-
기타 취득
-
-
-
-
-
-
-
-
-
-
-
-
-
-
-
-
-
-
-
-
총계
3,467,204
520,000
-
2,947,204
-
2. 자기주식 보유 목적
주가안정 및 주주가치 제고를 목적으로 자기주식 취득후 보유
3. 자기주식 취득계획
현재 자기주식취득 신탁계약이 진행중이며, 신탁계약금액 한도내 자기주식을 추가 취득 예정입니다.
4. 자기주식 처분계획
보고서 제출일 기준 자기주식 처분 계획은 없습니다.
5. 자기주식 소각계획
보고서 제출일 기준 자기주식 소각 계획은 없습니다."	"라. 자기주식 보유현황
(단위 : 주)
취득방법
취득(계약체결)결정 공시일자
주식종류
취득기간
취득목적
최초보유예상기간
최초취득수량
변동 수량
기말수량
비고
처분(-)
소각(-)
배당가능이익범위이내취득
직접취득
2002년 02월 09일
보통주
2002.02.14 ~2002.05.13
주가안정
-
1,000,000
-
-
1,000,000
-
2002년 03월 26일
보통주
2002.03.29 ~2002.06.28
이익소각
-
1,000,000
-
1,000,000
1,000,000
-
신탁계약에의한 취득
2002년 07월 08일
보통주
2002.07.08 ~2007.07.08
주가안정
-
405,177
405,177
-
-
-
2002년 08월 13일
보통주
2002.08.13 ~2007.08.13
주가안정
-
441,409
441,409
-
-
-
2002년 11월 04일
보통주
2002.11.04 ~2008.11.04
주가안정
-
507,770
507,770
-
-
-
2002년 02월 13일
보통주
2003.02.13 ~2009.02.13
주가안정
-
549,148
549,148
-
-
-
2003년 03월 17일
보통주
2003.03.17 ~2009.03.17
주가안정
-
545,770
545,770
-
-
-
2003년 08월 22일
보통주
2003.08.22 ~2008.08.22
주가안정
-
290,000
290,000
-
-
-
2003년 09월 26일
보통주
2003.09. 26 ~2016.09.26
주가안정
-
260,726
260,726
-
-
-
2008년 09월 02일
보통주
2008.09.02 ~2016.03.02
주가안정
-
579,069
579,069
-
-
-
2009년 06월 15일
보통주
2009.06.15 ~2016.06.15
주가안정
-
239,323
239,323
-
-
-
2014년 06월 13일
보통주
2014.06.13 ~2020.06.13
주가안정
-
259,160
259,160
-
-
-
2017년 11월 13일
보통주
2017.11.13 ~2020.11.13
주가안정
-
262,642
21,517
-
241,125
-
2018년 01월 25일
보통주
2018.01.25 ~2025.01.25
주가안정
-
245,147
-
-
486,272
-
2018년 11월 13일
보통주
2018.11.13 ~2020.11.13
주가안정
-
264,888
-
-
751,160
-
2020년 03월 18일
보통주
2020.03.18 ~2023.03.18
주가안정
-
498,975
-
-
1,250,135
-
2022년 12월 12일
보통주
2022.12.12 ~ 2024.12.12
주가안정
-
266,869
-
-
1,517,004
-
2024년 03월 08일
보통주
2024.03.08 ~2025.03.08
주가안정
-
196,856
-
-
1,713,860
-
2024년 08월 13일
보통주
2024.08.13 ~ 2025.08.13
주가안정
-
203,946
-
-
1,917,806
-
2024년 11월 15일
보통주
2024.11.15 ~ 2025.11.15
주가안정
-
29,398
-
-
1,947,204
-
기타 취득
-
-
-
-
-
-
-
-
-
-
-
-
-
-
-
-
-
-
-
-
총계
8,046,273
4,099,069
1,000,000
2,947,204
-
*) 당사는 공시서식 제·개정 이전에 자기주식취득계약(직접,신탁) 체결을 결정한 계약은 최초보유 예상기간에 대한 기재 사실이 없어 공란으로 표시하였습니다.
*) 당사는 2024년말 기준 보통주 2,947,204주(보유비율 15.7%)를 보유하고 있습니다.*) 2024년말 현재 보유하고 있는 자기주식 기준으로 작성하였으며, 자기주식의 처분 및 소각은 선입선출법에 따라 작성하였습니다.2. 자기주식 보유 목적
주가안정 및 주주가치 제고를 목적으로 자기주식 취득후 보유
3. 자기주식 취득계획
현재 자기주식취득 신탁계약이 진행중이며, 신탁계약금액 한도내 자기주식을 추가 취득 예정입니다.
4. 자기주식 처분계획
보고서 제출일 기준 자기주식 처분 계획은 없습니다.
5. 자기주식 소각계획
보고서 제출일 기준 자기주식 소각 계획은 없습니다."	ok_sub
20250814002924	KC코트렐	예	XI. 1. 가. 단일판매ㆍ공급계약 진행상황	기재 누락	20250320001602	"1. 공시내용 진행 및 변경사항
- 해당사항 없음"	"가. 단일판매ㆍ공급계약 진행상황
신고일자
계약명
계약금액총액
판매ㆍ공급금액
대금수령금액
대금미수령 사유, 향후 계획등
당기
누적
당기
누적
2012-05-03
ESP Package for Meja Thermal Power PJT
1,805,083.84 USD
722.03 USD
1,787,213.51 USD
-
1,560,421.25 USD
- 최종 계약정산 진행중
- 정산완료후 수금예정
2,265,604,217.00 INR
-57,482,188.24 INR
2,243,174,735.26 INR
-
2,175,761,425.37 INR
2018-09-17
강릉안인화력 1,2호기 탈황설비
102,263,766,900 원
-30,849,823 원
102,801,892,715 원
-
95,765,801,168 원
- 발주처와의 공사대금관련 소송(1심 진행중)
- 소송진행에 따라 회수예정
2018-12-04
강릉안인화력 1,2호기 전기집진기
43,474,175,127 원
49,460,694 원
43,320,376,413 원
98,447,479 원
43,376,766,209 원
-
2020-08-05
ESP System Supply for Khurja Power Project(2x660)
1,979,809,125.78 INR
690,870,778.40 INR
1,796,082,838.91 INR
282,849,774.41 INR
1,385,367,275.02 INR
- 공정별 수금조건 미도래
- 합의된 지급 일정에 따라 청구후 매월수금중
2021-05-13
당진화력 제1~4호기 환경설비 설치조건부 구매
132,700,980,520 원
22,762,318,793 원
128,577,643,128 원
5,528,140,987 원
128,112,238,750 원
- 공정별 수금조건 미도래
- 합의된 지급 일정에 따라 청구후 매월수금중
2021-06-23
Taichung #5 ~ #10 AQCS Retrofit
258,580,135.00 USD
61,652,165.88 USD
236,837,044.66 USD
104,549,459.93 USD
213,003,612.93 USD
- 공정별 수금조건 미도래
- 합의된 지급일정에 따라 청구후 매월수금중
4,513,764,978.00 INR
1,119,046,955.05 INR
3,977,750,497.02 INR
1,490,190,002.00 INR
3,561,337,309.00 INR
2022-08-02
Masinloc Unit #4, 5 IPP Project-SWFGD
18,680,000.00 USD
14,708,632.00 USD
16,234,788.00 USD
8,560,110.00 USD
13,365,540.00 USD
- 공정별 수금조건 미도래
- 합의된 지급 일정에 따라 청구후 매월수금중
Masinloc Unit #5 IPP Project-SWFGD
18,680,000.00 USD
10,081,596.00 USD
10,978,236.00 USD
6,920,940.00 USD
9,722,940.00 USD
- 공정별 수금조건 미도래
- 합의된 지급 일정에 따라 청구후 매월수금중
2024-02-01
1소결 공정 전기집진기 C열 증설
22,500,000,000 원
7,274,250,000 원
7,274,250,000 원
5,468,492,000 원
5,468,492,000 원
- 공정별 수금조건 미도래
- 합의된 지급 일정에 따라 청구후 매월수금중
※ 상기 공시일자는 최초 공시일자 입니다.※ 상기 '계약금액총액'은 단일판매ㆍ공급계약체결 공시 기준(부가가치세 미포함 금액)이며, 계약내용(공시내용)은 계약 후 변경 내용을 반영하였습니다.(*) 자율공시 사항"	ok
20250814002911	HB솔루션	예	XI. 1. 나. 단일판매·공급계약체결 공시의 진행상황	기재 누락	20250318001052	"1. 공시내용 진행 및 변경사항
신고일자
제 목
신 고 내 용
신고사항의 진행사항
2022.11.28
단일판매,공급계약체결
1. 공급계약 내용 : 제조장비 공급계약 체결건2. 계약금액 : 7,826백만원3. 계약상대방 :Xiamen Tianma Display Technology Co., Ltd.4. 계약기간 : 2022년 11월 25일~2023년 06월 19일(계약기간 종료일은 양사간의 협의에 의해 변동될 수 있습니다.)
2023년 06월 19일계약이행 완료
2023.01.17
단일판매,공급계약체결
1. 공급계약 내용 : 제조장비 공급계약 체결건2. 계약금액 : 52,197백만원3. 계약상대방 : Samsung Display Vietnam (SDV)4. 계약기간 : 2023년 01월 16일~2023년 11월 16일(계약기간 종료일은 양사간의 협의에 의해 변동될 수 있습니다.)
2023년 11월 16일계약이행 완료
2023.06.17
단일판매,공급계약체결
1. 공급계약 내용 : 제조장비 공급계약 체결건2. 계약금액 : 24,770백만원3. 계약상대방 : 삼성디스플레이(주)4. 계약기간 : 2023년 06월 05일~2024년 11월 30일(계약기간 종료일은 양사간의 협의에 의해 변동될 수 있습니다.)
2024년 11월 30일계약이행 완료
2023.06.26
단일판매,공급계약체결
1. 공급계약 내용 : 제조장비 공급계약 체결건2. 계약금액 : 16,520백만원3. 계약상대방 : 삼성디스플레이(주)4. 계약기간 : 2023년 06월 26일~2024년 09월 30일(계약기간 종료일은 양사간의 협의에 의해 변동될 수 있습니다.)
2024년 09월 30일계약이행 완료
2024.01.18
단일판매,공급계약체결
1. 공급계약 내용 : 제조장비 공급계약 체결건2. 계약금액 : 21,011백만원3. 계약상대방 : Samsung Display Vietnam (SDV)4. 계약기간 : 2024년 01월 17일~2024년 10월 18일(계약기간 종료일은 양사간의 협의에 의해 변동될 수 있습니다.)
2024년 10월 18일계약이행 완료
2024.08.01
단일판매, 공급계약체결
1. 공급계약 : 제조장비 공급계약 체결건2. 계약금액 : 11,834백만원3. 계약상대방 : Samsung Display Vietnam (SDV)4. 계약기간 : 2024년 07월 31일~2024년 12월 30일(계약기간 종료일은 양사간의 협의에 의해 변동될 수 있습니다.)
2024년 12월 30일계약이행 완료
2024.09.03
단일판매, 공급계약체결
1. 공급계약 : 제조장비 공급계약 체결건2. 계약금액 : 30,500백만원3. 계약상대방 : 삼성디스플레이(주)4. 계약기간 : 2024년 09월 02일~2025년 02월 28일(계약기간 종료일은 양사간의 협의에 의해 변동될 수 있습니다.)
2025년 02월 28일계약이행 완료"	"나. 단일판매 ·공급계약체결 공시의 진행상황(1) 진행상황
(기준일 : 2024년 12월 31일)
(단위: 백만원)
신고일자(정정일자)
계약내역
계약금액 총액
판매·공급금액
대금수령금액
당기
누적
당기
누적
2022.11.28
1. 공급계약 : 제조장비 공급계약 체결 건2. 계약상대방 : Xiamen Tianma Display Technology Co., Ltd.3. 계약기간 : 2022년 11월 25일~2023년 06월 19일
7,826
-
7,826
222
7,477
2023.01.17
1. 공급계약 : 제조장비 공급계약 체결 건2. 계약상대방 : Samsung Display Vietnam (SDV)3. 계약기간 : 2023년 01월 16일~2023년 11월 16일
52,197
-
52,197
-
52,197
2023.06.05 (2024.06.28)
1. 공급계약 : 제조장비 공급계약 체결 건2. 계약상대방 : 삼성디스플레이(주)3. 계약기간 : 2023년 06월 05일~2024년 11월 30일
24,770
24,770
24,770
24,585
24,585
2023.06.27 (2024.06.28)
1. 공급계약 : 제조장비 공급계약 체결 건2. 계약상대방 : 삼성디스플레이(주)3. 계약기간 : 2023년 06월 26일~2024년 09월 30일
16,520
16,520
16,520
16,520
16,520
2024.01.18
1. 공급계약 : 제조장비 공급계약 체결 건2. 계약상대방 : Samsung Display Vietnam (SDV)3. 계약기간 : 2024년 01월 17일~2024년 10월 18일
21,011
21,011
21,011
20,950
20,950
2024.08.01
1. 공급계약 : 제조장비 공급계약 체결 건2. 계약상대방 : Samsung Display Vietnam (SDV)3. 계약기간 : 2024년 07월 31일~2024년 12월 30일
11,834
11,834
11,834
10,821
10,821
2024.09.03
1. 공급계약 : 제조장비 공급계약 체결 건2. 계약상대방 : 삼성디스플레이(주)3. 계약기간 : 2024년 09월 02일~2025년 02월 28일
30,500
15,250
15,250
13,183
13,183
(2) 대금미수령 사유대금 미수령 분은 각 공급계약 내용에 의한 대금 수취 시기가 미도래한 금액입니다.(3) 향후 추진계획공시제출일 기준 미 이행된 공급계약 건은 없으며, 공급계약 상 주요 계약조건에 따라 계약 이행 및 대금 수령 예정입니다."	ok
20250814002887	넥써쓰	예	XI. 1. 공시내용 진행 및 변경사항	공시항목의 기재 누락	20250320000586	"1. 공시내용 진행 및 변경사항
해당사항 없습니다."	"1. 공시내용 진행 및 변경사항
1. 공시사항의 진행 변경상황
신고일자
제목
신고내용
신고사항의 진행상황
2024-02-07
[기재정정]단일판매ㆍ공급계약체결
계약상대방 : 주식회사 하이브아이엠계약 내용 : 던전스토커즈 퍼블리싱 계약계약기간 : 2024년 02월 07일 ~ 2029년 02월 06일
진행중
2022-04-292024-07-02
단일판매ㆍ공급계약체결
계약상대방 : Blockchain Game Partners, Inc.계약 내용 : 'Project AE' 개발 및 퍼블리싱 계약계약 금액 : 4,420,850,000원계약기간 : 2022년 04월 28일 ~ 2024년 07월 01일
2024. 07. 01 계약해지합의서 체결에 따른 계약 종료2024. 07. 01 단일판매ㆍ공급계약체결 해지 공시 완료
2024-12-122024-12-13
[기재정정]주요사항보고서(전환사채권발행결정)
사채의 종류 : 제4차 무기명식 이권부 무보증 무담보 사무 전환사채사채의 권면총액 : 20,000,000,000원 사채의 이율 : 표면이자율 0.0% / 만기이자율 8.0%납입일 : 2025년 01월 08일사채만기일 : 2030년 01월 08일전환가액 : 1주당 1,008원 전환청구기간 : 2026년 01월 08일 ~ 2029년 12월 08일
진행중
※ 공시서류작성기준일이 속하는 사업연도의 개시일부터 공시서류작성기준일까지 기간동안 공시내용의 진행ㆍ변경상황을 기재하였습니다.※ 공시서류작성기준일 이후 당사는 (주)하이브아이엠과의 던전스토커즈 퍼블리싱 계약을 해지하였으며, 관련 내용은 2025년 5월 8일 제출된
[단일판매ㆍ공급계약해지]
를 참조하시기 바랍니다. ※ 공시서류작성기준일 이후 당사는 제4회 무기명식 이권부 무보증 무담보 사모 전환사채 발행을 완료하였으며, 관련 내용은 2025년 1월 8일 제출된
[증권 발행결과(자율공시)]
를 참조하시기 바랍니다.
2. 단일판매·공급계약체결 진행상황
신고일자
계약내역
계약금액총액
판매ㆍ공급금액
대금수령금액
당기
누적
당기
누적
2024-02-07
계약상대방 : 주식회사 하이브아이엠계약 내용 : 던전스토커즈 퍼블리싱 계약계약기간 : 2024년 02월 07일 ~ 2029년 02월 06일
-
-
-
-
-
※ 계약금액 및 계약에 대한 구체적인 사항은 계약 상대방과의 비밀유지 조항에 의거하여 공시 유보 항목에 해당하여 기재를 생략합니다.※ 공시서류작성기준일이 속하는 사업연도의 개시일부터 공시서류작성기준일까지 기간동안 공시내용의 진행ㆍ변경상황을 기재하였습니다.※ 공시서류작성기준일 이후 당사는 (주)하이브아이엠과의 던전스토커즈 퍼블리싱 계약을 해지하였으며, 관련 내용은 2025년 5월 8일 제출된
[단일판매ㆍ공급계약해지]
를 참조하시기 바랍니다."	ok
20250814002870	미래아이앤지	예	VI. 3. 주주총회 등에 관한 사항	기재미흡	20250318000665	"3. 주주총회 등에 관한 사항
1. 투표제도 현황
(기준일 :
2024년 12월 31일
)
투표제도 종류
집중투표제
서면투표제
전자투표제
도입여부
배제
미도입
미도입
실시여부
-
-
-
2. 의결권 현황
(기준일 :
2024년 12월 31일
)
(단위 : 주)
구 분
주식의 종류
주식수
비고
발행주식총수(A)
보통주
28,878,608
-
우선주
-
-
의결권없는 주식수(B)
보통주
1,555,494
자사주
우선주
-
-
정관에 의하여 의결권 행사가 배제된 주식수(C)
보통주
-
-
우선주
-
-
기타 법률에 의하여의결권 행사가 제한된 주식수(D)
보통주
-
-
우선주
-
-
의결권이 부활된 주식수(E)
보통주
-
-
우선주
-
-
의결권을 행사할 수 있는 주식수(F = A - B - C - D + E)
보통주
27,323,114
-
우선주
-
-
3
. 소수주주권 및 경영권경쟁
구분
일 자
내 용
사건번호
진행경과
관련공시
1
2023-01-31
직무집행정지 등 가처분
2023카합20114
기각
- 소송등의 제기 신청(경영권분쟁소송)_2023.01.31- 소송등의 판결결정_2023.04.04
2
2023-05-12
직무집행정지 등 가처분(항고)
2023라20695
기각
- 소송등의 제기 신청(경영권분쟁소송)_2023.05.12- 소송등의 판결결정_2023.05.24
4. 주식사무
정관상 신주인수권의 내용
1. 이 회사의 주주는 신주발행에 있어서 그가 소유한 주식수에 비례하여 신주의 배정을 받을 권리를 가진다.
2. 제1항의 규정에 불구하고 다음 각호의 어느 하나에 해당하는 경우에는 주주외의 자에게 이사회 결의로 신주를 배정 할 수 있다.
1) 회사가 액면 총액 일천억원을 초과하지 않는 범위 내에서 일반공모증자 방식으로 신주를 발행하는 경우
2) 자본시장과금융투자업에관한법률 제165조의7에 따라 우리사주조합원에게 신주를 우선 배정하는 경우
3) 상법 제542조의3에 따른 주식매수선택권의 행사로 인하여 신주를 발행하는 경우
4) 회사가 액면 총액 일천억원을 초과하지 않는 범위 내에서 주식예탁증서(DR)발행에 따라 신주를 발행하는 경우
5) 회사가 액면 총액 일천억원을 초과하지 않는 범위 내에서 전략적 제휴 등을 포함한 경영상 필요로 외국인 투자촉진법에 의한 외국인투자를 위하여 신주를 발행하는 경우
6) 회사가 액면 총액 일천억원을 초과하지 않는 범위 내에서 긴급한 자금조달 및 사업확장, 전략적 제휴, 경영전략상 필요에 의해 국내외 회사를 인수하거나 국내외 회사에 투자할 때 등을 포함한 경영상의 필요로 국내외 금융기관, 법률에 근거하여 결성된 투자조합, 구조조정기금, 구조조정전문회사 또는 구조조정조합, 기타법인 및 개인에게 신주를 모집하거나 모집을 위하여 인수인에게 인수하게 하는 경우
7) 회사가 액면 총액 일천억원을 초과하지 않는 범위 내에서 경영전략상 필요에 의해 국내외 타 회사를 인수하거나 국내외 타 회사에 투자할 때 그 대가로 신주를 발행하는 경우
8) 회사가 액면 총액 일천억원을 초과하지 않는 범위 내에서 기술도입을 필요로 그 제휴회사 및 그 관계회사에 신주를 발행하는 경우
9) 주주우선공모의 방식으로 신주를 발행하는 경우
3. 제2항 각호의 어느 하나의 방식에 의해 신주를 발행할 경우에는 발행할 주식의 종류와 수 및 발행가격(증권의 발행 및 공시 등에 관한 규정 제5-18조에 따라)등은 이사회 결의로 정한다.
결 산 일
12월 31일
정기주주총회
당사 정관 제13조의 기준일로부터 3개월내
주주명부폐쇄시기
제13조 (주주명부의 폐쇄 및 기준일)
1. 이 회사는 매년 정기주주총회 개최시마다 의결권행사 기준일은 이사회 결의로 정한 날로 하며, 해당 날 최종의 주주명부에 기재되어 있는 주주를 그 결산기에 관한 정기주주총회에서 권리를 행사할 주주로 한다.
2. 이 회사는 임시주주총회의 소집 기타 필요한 경우 이사회의 결의로 정한 날에 주주명부에 기재되어 있는 주주를 그 권리를 행사할 주주로 할 수 있으며, 회사는 이사회의 결의로 정한 날의 2주간 전에 이를 공고하여야 한다.
주권의 종류
「주식ㆍ사채등의전자등록에관한법률」에 따라 주권 및 신주인수권증서에 표시되어야 할 권리가 의무적으로 전자등록됨에 따라‘주권의종류’를 기재하지 않음.
명의개서대리인
한국예탁결제원 증권대행부
주주의 특전
없음
공고게재방법
홈페이지 공고(www.miraeing.co.kr)
5. 주주총회 의사록 요약
주총일자
안건
결의내용
주요 논의내용
비고
53기 정기주주총회(2024.03.28)
ㅇ 제53기 정기주주총회 의사록1.제1호 의안 : 제53기 재무제표 승인의 건2.제2호 의안 : 정관 일부 변경의 건3.제3호 의안 : 이사 선임의 건4.제4호 의안 : 감사 선임의 건 5.제5호 의안 : 이사 보수한도 승인의 건6.제6호 의안 : 감사 보수한도 승인의 건
원안 승인원안 승인원안 승인원안 승인원안 승인원안 승인
- 주주제안 : 없음.- 결의과정 중 질의응답 등 : 없음.- 주주총회 진행과정에서 안건 내용이 일부 수정된 사항: 없음.
-
52기 정기주주총회(2023.03.29)
ㅇ 제52기 정기주주총회 의사록1.제1호의안 : 제52기 연결재무제표 및 재무제표 승인의 건2.제2호의안 : 정관 일부 변경의 건(주식병합)3.제3호의안 : 이사 보수한도 승인의 건4.제4호의안 : 감사 보수한도 승인의 건
원안 승인원안 승인원안 승인원안 승인
- 주주제안 : 없음.- 결의과정 중 질의응답 등 : 없음.- 주주총회 진행과정에서 안건 내용이 일부 수정된 사항: 없음.
-
51기 정기주주총회(2022.03.28)
ㅇ 제51기 정기주주총회 의사록1.제1호의안 : 제51기 재무제표 승인의 건2.제2호의안 : 정관 일부 변경의 건3.제3호의안 : 이사선임의 건4.제4호의안 : 감사선임의 건5.제5호의안 : 이사 보수한도 승인의 건6.제6호의안 : 감사 보수한도 승인의 건
원안 승인원안 승인원안 승인원안 승인원안 승인원안 승인
- 주주제안 : 없음.- 결의과정 중 질의응답 등 : 없음.- 주주총회 진행과정에서 안건 내용이 일부 수정된 사항: 없음.
-
50기 정기주주총회(2021.03.29)
ㅇ 제50기 정기주주총회 의사록1.제1호의안 : 제 50기 연결재무제표 및 재무제표 승인의 건2.제2호의안 : 이사 보수한도 승인의 건3.제3호의안 : 감사 보수한도 승인의 건
원안 승인원안 승인원안 승인
- 주주제안 : 없음.- 결의과정 중 질의응답 등 : 없음.- 주주총회 진행과정에서 안건 내용이 일부 수정된 사항: 없음.
-"	"3. 주주총회 등에 관한 사항
1. 투표제도 현황
(기준일 :
2024년 12월 31일
)
투표제도 종류
집중투표제
서면투표제
전자투표제
도입여부
배제
미도입
미도입
실시여부
-
-
-
2. 의결권 현황
(기준일 :
2024년 12월 31일
)
(단위 : 주)
구 분
주식의 종류
주식수
비고
발행주식총수(A)
보통주
28,878,608
-
우선주
-
-
의결권없는 주식수(B)
보통주
1,555,494
자사주
우선주
-
-
정관에 의하여 의결권 행사가 배제된 주식수(C)
보통주
-
-
우선주
-
-
기타 법률에 의하여의결권 행사가 제한된 주식수(D)
보통주
-
-
우선주
-
-
의결권이 부활된 주식수(E)
보통주
-
-
우선주
-
-
의결권을 행사할 수 있는 주식수(F = A - B - C - D + E)
보통주
27,323,114
-
우선주
-
-
3. 소수주주권 및 경영권경쟁 1) 소수주주권 행사
구분
행사자
일 자
내 용
행사목적
진행경과
관련공시
1
제이더블유에셋매니지먼트 주식회사
2023-01-31
직무집행정지 등 가처분
(2023카합20114)
이사,감사 해임을 위한 본안 소송전 가처분 신청
- 2023.01.31 접수- 2023.04.04 기각 결정
- 소송등의 제기 신청(경영권분쟁소송)_2023.01.31- 소송등의 판결결정_2023.04.04
2
제이더블유에셋매니지먼트 주식회사
2023-05-12
직무집행정지 등 가처분(항고 2023라20695)
이사,감사 해임을 위한 본안 소송전 가처분 신청
- 2023.05.12 접수- 2023.05.23 기각 결정
- 소송등의 제기 신청(경영권분쟁소송)_2023.05.12- 소송등의 판결결정_2023.05.24
2) 경영권 경쟁
구분
행사자
일 자
내 용
진행경과
회사가 취한 조치
관련공시
1
제이더블유에셋매니지먼트 주식회사
2023-01-31
직무집행정지 등 가처분
(2023카합20114)
- 2023.01.31 접수- 2023.04.04 기각 결정
소송대리인 선임
- 소송등의 제기 신청(경영권분쟁소송)_2023.01.31- 소송등의 판결결정_2023.04.04
2
제이더블유에셋매니지먼트 주식회사
2023-05-12
직무집행정지 등 가처분(항고 2023라20695)
- 2023.05.12 접수- 2023.05.23 기각 결정
소송대리인 선임
- 소송등의 제기 신청(경영권분쟁소송)_2023.05.12- 소송등의 판결결정_2023.05.24
4. 주식사무
정관상 신주인수권의 내용
1. 이 회사의 주주는 신주발행에 있어서 그가 소유한 주식수에 비례하여 신주의 배정을 받을 권리를 가진다.
2. 제1항의 규정에 불구하고 다음 각호의 어느 하나에 해당하는 경우에는 주주외의 자에게 이사회 결의로 신주를 배정 할 수 있다.
1) 회사가 액면 총액 일천억원을 초과하지 않는 범위 내에서 일반공모증자 방식으로 신주를 발행하는 경우
2) 자본시장과금융투자업에관한법률 제165조의7에 따라 우리사주조합원에게 신주를 우선 배정하는 경우
3) 상법 제542조의3에 따른 주식매수선택권의 행사로 인하여 신주를 발행하는 경우
4) 회사가 액면 총액 일천억원을 초과하지 않는 범위 내에서 주식예탁증서(DR)발행에 따라 신주를 발행하는 경우
5) 회사가 액면 총액 일천억원을 초과하지 않는 범위 내에서 전략적 제휴 등을 포함한 경영상 필요로 외국인 투자촉진법에 의한 외국인투자를 위하여 신주를 발행하는 경우
6) 회사가 액면 총액 일천억원을 초과하지 않는 범위 내에서 긴급한 자금조달 및 사업확장, 전략적 제휴, 경영전략상 필요에 의해 국내외 회사를 인수하거나 국내외 회사에 투자할 때 등을 포함한 경영상의 필요로 국내외 금융기관, 법률에 근거하여 결성된 투자조합, 구조조정기금, 구조조정전문회사 또는 구조조정조합, 기타법인 및 개인에게 신주를 모집하거나 모집을 위하여 인수인에게 인수하게 하는 경우
7) 회사가 액면 총액 일천억원을 초과하지 않는 범위 내에서 경영전략상 필요에 의해 국내외 타 회사를 인수하거나 국내외 타 회사에 투자할 때 그 대가로 신주를 발행하는 경우
8) 회사가 액면 총액 일천억원을 초과하지 않는 범위 내에서 기술도입을 필요로 그 제휴회사 및 그 관계회사에 신주를 발행하는 경우
9) 주주우선공모의 방식으로 신주를 발행하는 경우
3. 제2항 각호의 어느 하나의 방식에 의해 신주를 발행할 경우에는 발행할 주식의 종류와 수 및 발행가격(증권의 발행 및 공시 등에 관한 규정 제5-18조에 따라)등은 이사회 결의로 정한다.
결 산 일
12월 31일
정기주주총회
당사 정관 제13조의 기준일로부터 3개월내
주주명부폐쇄시기
제13조 (주주명부의 폐쇄 및 기준일)
1. 이 회사는 매년 정기주주총회 개최시마다 의결권행사 기준일은 이사회 결의로 정한 날로 하며, 해당 날 최종의 주주명부에 기재되어 있는 주주를 그 결산기에 관한 정기주주총회에서 권리를 행사할 주주로 한다.
2. 이 회사는 임시주주총회의 소집 기타 필요한 경우 이사회의 결의로 정한 날에 주주명부에 기재되어 있는 주주를 그 권리를 행사할 주주로 할 수 있으며, 회사는 이사회의 결의로 정한 날의 2주간 전에 이를 공고하여야 한다.
주권의 종류
「주식ㆍ사채등의전자등록에관한법률」에 따라 주권 및 신주인수권증서에 표시되어야 할 권리가 의무적으로 전자등록됨에 따라‘주권의종류’를 기재하지 않음.
명의개서대리인
한국예탁결제원 증권대행부
주주의 특전
없음
공고게재방법
홈페이지 공고(www.miraeing.co.kr)
5. 주주총회 의사록 요약
주총일자
안건
결의내용
주요 논의내용
비고
53기 정기주주총회(2024.03.28)
ㅇ 제53기 정기주주총회 의사록1.제1호 의안 : 제53기 재무제표 승인의 건2.제2호 의안 : 정관 일부 변경의 건3.제3호 의안 : 이사 선임의 건4.제4호 의안 : 감사 선임의 건 5.제5호 의안 : 이사 보수한도 승인의 건6.제6호 의안 : 감사 보수한도 승인의 건
원안 승인원안 승인원안 승인원안 승인원안 승인원안 승인
- 주주제안 : 없음.- 결의과정 중 질의응답 등 : 없음.- 주주총회 진행과정에서 안건 내용이 일부 수정된 사항: 없음.
-
52기 정기주주총회(2023.03.29)
ㅇ 제52기 정기주주총회 의사록1.제1호의안 : 제52기 연결재무제표 및 재무제표 승인의 건2.제2호의안 : 정관 일부 변경의 건(주식병합)3.제3호의안 : 이사 보수한도 승인의 건4.제4호의안 : 감사 보수한도 승인의 건
원안 승인원안 승인원안 승인원안 승인
- 주주제안 : 없음.- 결의과정 중 질의응답 등 : 없음.- 주주총회 진행과정에서 안건 내용이 일부 수정된 사항: 없음.
-
51기 정기주주총회(2022.03.28)
ㅇ 제51기 정기주주총회 의사록1.제1호의안 : 제51기 재무제표 승인의 건2.제2호의안 : 정관 일부 변경의 건3.제3호의안 : 이사선임의 건4.제4호의안 : 감사선임의 건5.제5호의안 : 이사 보수한도 승인의 건6.제6호의안 : 감사 보수한도 승인의 건
원안 승인원안 승인원안 승인원안 승인원안 승인원안 승인
- 주주제안 : 없음.- 결의과정 중 질의응답 등 : 없음.- 주주총회 진행과정에서 안건 내용이 일부 수정된 사항: 없음.
-
50기 정기주주총회(2021.03.29)
ㅇ 제50기 정기주주총회 의사록1.제1호의안 : 제 50기 연결재무제표 및 재무제표 승인의 건2.제2호의안 : 이사 보수한도 승인의 건3.제3호의안 : 감사 보수한도 승인의 건
원안 승인원안 승인원안 승인
- 주주제안 : 없음.- 결의과정 중 질의응답 등 : 없음.- 주주총회 진행과정에서 안건 내용이 일부 수정된 사항: 없음.
-"	ok
20250814002856	LS	예	I. 4. 주식의 총수 등 <자기주식 보유현황>	미흡사항보완기재	20250326000601	"4. 주식의 총수 등
<주식의 총수 현황>
(기준일 :
2024년 12월 31일
)
(단위 : 주, %)
구 분
주식의 종류
비고
보통주
-
합계
Ⅰ. 발행할 주식의 총수
100,000,000
-
100,000,000
-
Ⅱ. 현재까지 발행한 주식의 총수
32,200,000
-
32,200,000
-
Ⅲ. 현재까지 감소한 주식의 총수
-
-
-
-
1. 감자
-
-
-
-
2. 이익소각
-
-
-
-
3. 상환주식의 상환
-
-
-
-
4. 기타
-
-
-
-
Ⅳ. 발행주식의 총수 (Ⅱ-Ⅲ)
32,200,000
-
32,200,000
-
Ⅴ. 자기주식수
4,852,462
-
4,852,462
-
Ⅵ. 유통주식수 (Ⅳ-Ⅴ)
27,347,538
-
27,347,538
-
Ⅶ. 자기주식 보유비율
15.07
-
15.07
-
<자기주식 취득 및 처분 현황>
(기준일 :
2024년 12월 31일
)
(단위 : 주)
취득방법
주식의 종류
기초수량
변동 수량
기말수량
비고
취득(+)
처분(-)
소각(-)
배당가능이익범위이내취득
직접취득
장내 직접 취득
보통주
1,490,595
86,897
-
-
1,577,492
-
-
-
-
-
-
-
-
장외직접 취득
-
-
-
-
-
-
-
-
-
-
-
-
-
-
공개매수
-
-
-
-
-
-
-
-
-
-
-
-
-
-
소계(a)
보통주
1,490,595
86,897
-
-
1,577,492
-
-
-
-
-
-
-
-
신탁계약에 의한취득
수탁자 보유물량
-
-
-
-
-
-
-
-
-
-
-
-
-
-
현물보유물량
보통주
3,274,970
-
-
-
3,274,970
-
-
-
-
-
-
-
-
소계(b)
보통주
3,274,970
-
-
-
3,274,970
-
-
-
-
-
-
-
-
기타 취득(c)
-
-
-
-
-
-
-
-
-
-
-
-
-
-
총 계(a+b+c)
보통주
4,765,565
86,897
-
-
4,852,462
-
-
-
-
-
-
-
-
*) 2023년 11월 21일 당사 이사회에서 주주가치 제고를 위하여 자기주식 125,000주(보통주) 매입을 결정하였습니다. 상세 내용은 2023년 11월 21일에 공시한 주요사항보고서 (자기주식 취득 결정) 및 2024년 02월 26일에 공시한 자기주식취득결과보고서를 참조하시기 바랍니다.
<자기주식 직접 취득ㆍ처분 이행현황>
(기준일 :
2024년 12월 31일
)
(단위 : 주, %)
구 분
취득(처분)예상기간
예정수량(A)
이행수량(B)
이행률(B/A)
결과보고일
시작일
종료일
직접 취득
2023년 12월 12일
2024년 01월 30일
125,000
111,092
88.87
2024년 02월 26일
<자기주식 보유현황>1. 자기주식 보유현황표
(단위 : 주)
취득방법
취득(계약체결)결정 공시일자
주식종류
취득기간
취득목적
최초보유예상기간
최초취득수량
변동 수량
기말수량
비고
처분(-)
소각(-)
배당가능이익범위이내취득
직접취득
2008.12.26
보통주
-
-
-
1,157,959
-
-
1,157,959
-
2022.08.11
보통주
2022.08.17~2022.11.07
주가안정
-
308,441
-
-
308,441
-
2023.11.21
보통주
2023.12.12~2024.01.30
주가안정
-
111,092
-
-
111,092
-
신탁계약에의한 취득
2008.12.26
보통주
-
-
-
3,274,970
-
-
3,274,970
-
-
-
-
-
-
-
-
-
-
-
기타 취득
-
-
-
-
-
-
-
-
-
-
-
-
-
-
-
-
-
-
-
-
총계
4,852,462
-
-
4,852,462
-
* 2008년 7월 1일 기존의 LS전선(주)를 존속법인인 (주)LS와 신설법인인 LS전선(주) , LS 엠트론(주)로 회사를 분할. ㈜LS의 출범시점이 2008년 7월 1일이므로, 출범 이 후 자기주식 보유내역부터 기재함 2. 자기주식 보유 목적
- 주주가치 제고
3. 자기주식 취득계획
- 해당사항 없음
4. 자기주식 처분계획
- 해당사항 없음
5. 자기주식 소각계획
- 해당사항 없음 6. 기타 투자자 보호를 위해 필요한 사항
-
이사회 개최일 현재 자기주식 취득, 처분 및 소각 계획은 없으나, 추후 변경 발생 시 이사회 승인을 통해 처리할 예정입니다."	"4. 주식의 총수 등
<주식의 총수 현황>
(기준일 :
2024년 12월 31일
)
(단위 : 주, %)
구 분
주식의 종류
비고
보통주
-
합계
Ⅰ. 발행할 주식의 총수
100,000,000
-
100,000,000
-
Ⅱ. 현재까지 발행한 주식의 총수
32,200,000
-
32,200,000
-
Ⅲ. 현재까지 감소한 주식의 총수
-
-
-
-
1. 감자
-
-
-
-
2. 이익소각
-
-
-
-
3. 상환주식의 상환
-
-
-
-
4. 기타
-
-
-
-
Ⅳ. 발행주식의 총수 (Ⅱ-Ⅲ)
32,200,000
-
32,200,000
-
Ⅴ. 자기주식수
4,852,462
-
4,852,462
-
Ⅵ. 유통주식수 (Ⅳ-Ⅴ)
27,347,538
-
27,347,538
-
Ⅶ. 자기주식 보유비율
15.07
-
15.07
-
<자기주식 취득 및 처분 현황>
(기준일 :
2024년 12월 31일
)
(단위 : 주)
취득방법
주식의 종류
기초수량
변동 수량
기말수량
비고
취득(+)
처분(-)
소각(-)
배당가능이익범위이내취득
직접취득
장내 직접 취득
보통주
1,490,595
86,897
-
-
1,577,492
-
-
-
-
-
-
-
-
장외직접 취득
-
-
-
-
-
-
-
-
-
-
-
-
-
-
공개매수
-
-
-
-
-
-
-
-
-
-
-
-
-
-
소계(a)
보통주
1,490,595
86,897
-
-
1,577,492
-
-
-
-
-
-
-
-
신탁계약에 의한취득
수탁자 보유물량
-
-
-
-
-
-
-
-
-
-
-
-
-
-
현물보유물량
보통주
3,274,970
-
-
-
3,274,970
-
-
-
-
-
-
-
-
소계(b)
보통주
3,274,970
-
-
-
3,274,970
-
-
-
-
-
-
-
-
기타 취득(c)
-
-
-
-
-
-
-
-
-
-
-
-
-
-
총 계(a+b+c)
보통주
4,765,565
86,897
-
-
4,852,462
-
-
-
-
-
-
-
-
*) 2023년 11월 21일 당사 이사회에서 주주가치 제고를 위하여 자기주식 125,000주(보통주) 매입을 결정하였습니다. 상세 내용은 2023년 11월 21일에 공시한 주요사항보고서 (자기주식 취득 결정) 및 2024년 02월 26일에 공시한 자기주식취득결과보고서를 참조하시기 바랍니다.
<자기주식 직접 취득ㆍ처분 이행현황>
(기준일 :
2024년 12월 31일
)
(단위 : 주, %)
구 분
취득(처분)예상기간
예정수량(A)
이행수량(B)
이행률(B/A)
결과보고일
시작일
종료일
직접 취득
2023년 12월 12일
2024년 01월 30일
125,000
111,092
88.87
2024년 02월 26일
<자기주식 보유현황>1. 자기주식 보유현황표
(단위 : 주)
취득방법
취득(계약체결)결정 공시일자
주식종류
취득기간
취득목적
최초보유예상기간
최초취득수량
변동 수량
기말수량
비고
처분(-)
소각(-)
배당가능이익범위이내취득
직접취득
2008.12.26
보통주
-
-
-
1,157,959
-
-
1,157,959
-
2022.08.11
보통주
2022.08.17~2022.11.07
주가안정
-
308,441
-
-
308,441
-
2023.11.21
보통주
2023.12.12~2024.01.30
주가안정
-
111,092
-
-
111,092
-
신탁계약에의한 취득
2008.12.26
보통주
-
-
-
3,274,970
-
-
3,274,970
-
-
-
-
-
-
-
-
-
-
-
기타 취득
-
-
-
-
-
-
-
-
-
-
-
-
-
-
-
-
-
-
-
-
총계
4,852,462
-
-
4,852,462
-
* 2008년 7월 1일 기존의 LS전선(주)를 존속법인인 (주)LS와 신설법인인 LS전선(주) , LS 엠트론(주)로 회사를 분할. ㈜LS의 출범시점이 2008년 7월 1일이므로, 출범 이 후 자기주식 보유내역부터 기재함 2. 자기주식 보유 목적
- 유연한 재무 운용을 위한 재원 확보와 향후 배당 확대 등 다양한 방식으로 주주환원을 검토하여 주주가치를 제고하기 위함
3. 자기주식 취득계획
- 통상 시장 상황에 따라 주식이 저평가되었다고 판단되는 경우, 자기 주식 취득을 통해 주가를 안정화 시키고 적정 가치를 회복할 수 있도록 기여할 수 있으나, 현재로서는 취득과 관련된 구체적인 논의는 진행되지 않고 있음
4. 자기주식 처분계획
- 통상 투자 및 사업 확장을 지원하는 재원으로 활용하거나, 임직원 보상 재원 및 시장에서의 유동성을 확보하기 위한 방안으로 검토될 수 있으나, 현재로서는 처분과 관련된 구체적인 논의는 진행되지 않고 있음
5. 자기주식 소각계획
- 통상 장기적인 자본 운용 계획과 재무 구조, 그리고 시장 상황 등을 종합적으로 고려하여 결정해야 하므로 신중한 접근이 필요하다고 판단하고 있음. 다만 현재로서는 소각과 관련된 실행계획이나 일정은 검토하고 있지 않음6. 기타 투자자 보호를 위해 필요한 사항
-
이사회 개최일 현재 자기주식 취득, 처분 및 소각 계획은 없으나, 추후 변경 발생시 이사회 승인을 통해 처리할 예정입니다."	ok
20250814002854	농심홀딩스	예	VI. 이사회 등 회사의 기관에 관한 사항	주주총회의사록 요약(주주제안자의 안건 설명내용) 미흡기재	20250318001154	"VI. 이사회 등 회사의 기관에 관한 사항
1. 이사회에 관한 사항
가. 이사회 구성개요
당사는 상법 제383조, 상법 제542조의8 및 정관에 근거하여 이사회를 구성하고 있습니다. 이사회 구성에 대한 당사 정관의 주요 내용은 다음과 같습니다.
제30조(이사의 수)
이 회사의 이사는 3명 이상으로 하고, 사외이사는 이사총수의 4분의 1이상으로 한다.
제38조(이사회의 구성 및 권한과 소집)
① 이사회는 이사로 구성하며 이 회사 업무의 중요사항을 결의하고 이사의 직무집행을 감독한다.
② 이사회는 대표이사 또는 이사회에서 따로 정한 이사가 있을 때에는 그 이사가 회일 1일전에 각 이사 및 감사에게 통지하여 소집한다. 그러나 이사 및 감사 전원의 동의가 있을 때에는 소집절차를 생략할 수 있다.
③ 이사회의 의장은 제2항의 규정에 의한 이사회의 소집권자로 한다.
당사의 이사회는 2024년 12월 31일 현재 사내이사 3인(신동원, 신동윤, 박준) 및 사외이사 1인(이석현), 총 4인의 이사로 구성되어 있습니다. 이사회는 이사진 간 의견을 조율하고 이사회 활동을 총괄하는 역할에 적임이라고 판단되는 신동원 사내이사를 의장으로 선임하였습니다. 이사회 내 위원회와 관련하여서는, 현재 당사에서 따로 운영하고 있는 위원회는 없습니다.
나. 중요 의결사항 등
2024년 12월 31일까지 총 8회의 이사회가 개최되었으며, 주요활동내역은 다음과 같습니다.
회차
개최일자
의안내용
가결 여부
사내이사 성명
사외이사 성명
신동원
(출석률: 100%)
신동윤
(출석률: 100%)
박준
(출석률: 100%)
정희원
(출석률: 100%)
이석현
(출석률: 100%)
찬반 및 출석여부
1
2024.02.07.
1. 제21기 재무제표 및 영업보고서 승인의 건2. 계열회사와의 거래 승인의 건[보고사항]- 2023년도 내부회계관리제도 운영실태 보고- 2023년도 준법통제기준 준수여부 점검결과 보고
가결가결--
찬성찬성--
찬성찬성--
찬성찬성--
찬성찬성--
찬성찬성--
2
2024.02.26.
1. 제21기 연결재무제표 승인의 건2. 제21기 정기주주총회 소집의 건[보고사항]- 2023년도 내부회계관리제도 운영실태 평가보고
가결가결-
찬성찬성-
찬성찬성-
찬성찬성-
찬성찬성-
찬성찬성-
3
2024.02.29.
1. 제21기 정기주주총회 소집의 건
가결
찬성
찬성
찬성
찬성
찬성
4
2024.03.28
1. 이사의 직위 및 업무분장 결정의 건2. 이사보수 책정의 건
가결가결
찬성찬성
찬성찬성
찬성찬성
해당사항 없음
찬성찬성
5
2024.05.13
[보고사항]- 제22기 1분기 결산실적 보고
-
-
-
-
-
6
2024.06.27
1. 이사 보수 조정의 건
가결
찬성
찬성
찬성
찬성
7
2024.09.12
1. 농심개발(주) 주식 취득의 건
[보고사항]- 제22기 반기 결산실적 보고
가결-
찬성-
찬성-
찬성-
찬성-
8
2024.12.12
1. 계열회사와의 거래 승인의 건2. 2024년 특별성과급 지급의 건3. 제22기 정기 배당기준일 결의의 건4. 내부회계관리규정 개정의 건[보고사항]- 제22기 3분기 결산실적 보고
가결가결가결가결-
찬성찬성찬성찬성-
찬성찬성찬성찬성-
찬성찬성찬성찬성-
찬성찬성찬성찬성-
※ 2024년 3월 28일자로 정희원 사외이사가 임기만료되었습니다. 그 외 자세한 임원 변동 현황은 ""I-2. 회사의 연혁""에 있는 ""나. 경영진 및 감사의 중요한 변동""을 참조해 주시기 바랍니다.
다. 이사의 독립성
당사는 이사회 구성원 간의 견제와 균형을 위해 전체 이사총수의 4분의 1이상을 사외이사로 구성하고 있으며, 이사회로 하여금 이사의 업무집행을 감독하도록 하고 있습니다.이사는 주주총회의 승인을 통해 선임되고 있으며, 이사회에서 주주총회에 상정할 이사 후보자를 추천하고 있습니다. 이사 후보자를 추천하는 과정에서, 이사회는 후보자가 상법 제382조 제3항, 제542조의8 제2항 등 관계법령에서 요구하는 임원 자격요건에 부합하는지 살펴볼 뿐만 아니라, 법규위반으로 행정적, 사법적 제재를 받았거나 그 집행을 면제받은 경우 등도 함께 고려하여, 기업가치의 훼손 또는 주주 권익의 침해에 책임이 있는 자를 이사회 후보자로 주주총회에 추천하지 않도록 면밀히 검토하고 있습니다.
사외이사의 선임의 경우에는, 당사의 이사회에서 상기 내용을 검토할 뿐만 아니라 회사를 경영하는 고위 경영진으로서 회사의 사업내용과 관련된 풍부한 경험과 전문지식이 있는 인사를 선임하기 위해 산업계, 금융계, 학계, 법조계, 회계분야 등 다양한 분야에서 회사와 중대한 이해관계가 없고 법적 결격사유가 없는 인사를 검토하여 사외이사 후보로서 주주총회의 안건으로 상정하고 있습니다.
이러한 적법 절차에 따라 선임된 이사는 다음과 같습니다.(기준일 : 2024년 12월 31일)
성 명
추천인
선임배경
활동분야
최근 5년간의 주요직무
임기만료일
연임여부(연임횟수)
회사와의거래내역
최대주주와의관계
신동원
이사회
신동원 사내이사 후보자는 주요 회사인 농심에 입사한 후, 전략경영실 총괄, 회장 등을 역임하면서 40여년 이상을 농심그룹의 성장과 함께 해왔습니다. 또한, 후보자는 식품산업에 대한 전문적인 지식과 경륜을 바탕으로 농심 그룹의 경영전략 수립에 지속적인 공헌을 하였으며, 세계화를 이루는데 힘써왔습니다. 이에, 당사의 이사회는 동 후보자의 경영능력이 회사의 지속적 성장은 물론, 이사회의 효과적인 운영 및 의사결정 체계확립에 기여할 것이라 판단하여 사내이사 후보로 추천하였습니다.
이사회 의장
[2012년 ~ 현재]농심홀딩스 회장
2027.3.28
연임
(7)
없음
본인
신동윤
이사회
신동윤 사내이사 후보자는 그룹의 주요 회사인 율촌화학에 입사한 후, 포장 및 소재산업에 대한 깊은 이해와 높은 안목을 바탕으로 회사의 가치를 증진시키고, 그 기술력을 지속 향상시키는데 이바지 하여왔습니다. 또한, 회사경영을 통해 전략과 비전에 대한 깊은 이해를 가지고 있습니다. 이에, 당사의 이사회는 동 후보자의 경영능력이 회사의 지속적 성장에 기여할 것이라 판단하여 사내이사 후보로 추천하였습니다.
사내이사
[2009년 ~ 현재]농심홀딩스 부회장
2027.3.28
연임
(5)
없음
친인척
박준
이사회
박준 사내이사 후보자는 주요 자회사인 (주)농심에 1981년 입사한 이후, 1999년부터 2011년까지 국제 담당 이사를 거쳐 국제사업총괄 사장으로 근무하면서 (주)농심의 세계화를 촉진하는데 이바지하였습니다. 더욱이, 동 후보자는 2012년부터 2023년까지 (주)농심의 대표이사를 역임하며 사업전반에 대한 다년간의 경험과 지식을 바탕으로 회사 발전에 기여해 왔습니다. 당사의 이사회는 후보자의 글로벌 경험과 경영능력이 이사회 운영 및 효과적인 의사결정 체계 확립에 기여할 것이라 판단하였으며, 이에 후보 추천하게 되었습니다.
대표이사
[2016년 ~ 2023년]농심 대표이사 부회장[2023년 ~ 현재]농심홀딩스 대표이사 부회장
2026.3.29
-
없음
없음
이석현
이사회
이석현 사외이사 후보자는 서울대학교 법과대학을 졸업하고, 서울대학교 법학박사 과정까지 수료한 후, 미국 뉴욕으로 건너가 Columbia Law School에서 LL.M. 과정까지 끝마쳤습니다. 민법학에 깊은 이해도를 가지고 있는 변호사이자, 미국 변호사 자격도 가지고 있으며, 다양한 사건을 경험하면서 기업법무(M&A, 합작투자, 도산 및 구조조정 등), 공정거래업무, 국제거래 및 국제분쟁 해결 업무 등의 사안에 대해 전문적인 경험을 쌓았습니다. 당사의 이사회는 이석현 사외이사 후보자가 당사의 준법경영 강화 및 이사회의 전문성과 투명성, 독립성을 높이는데 기여할 것이라 판단하였으며, 이에 후보 추천하였습니다.
사외이사
[2006년 ~ 현재]법무법인 케이씨엘 변호사
2025.3.26
-
없음
없음
※ 2024년 3월 28일자로 정희원 사외이사가 임기만료되었습니다. 그 외 자세한 임원 변동 현황은 ""I-2. 회사의 연혁""에 있는 ""나. 경영진 및 감사의 중요한 변동""을 참조해 주시기 바랍니다.
라. 사외이사 및 그 변동현황
(단위 : 명)
이사의 수
사외이사 수
사외이사 변동현황
선임
해임
중도퇴임
4
1
-
-
-
※ 해당 표는 2024년 3월 28일 제21기 정기주주총회 결과입니다.※ 공시서류작성기준일이 속하는 사업연도의 개시일부터 공시서류제출일까지 기간동안 주주총회에서 사외이사가 선임되거나, 임기만료 외의 사유로 해임 또는 중도퇴임한 바가 없습니다.
마. 사외이사의 전문성
(1) 사외이사 직무수행 지원조직 현황
- 당사는 별도의 지원조직 없이 재무부서에서 사외이사의 직무수행을 보조하고 있습니다.
부서명
직원수(명)
직위(근속연수)
주요 활동내역
재무부서
1
주임(4년)
이사회 운영 및 사외이사 직무수행 지원
(2) 사외이사 교육실시 현황
교육일자
교육실시주체
참석 사외이사
불참시 사유
주요 교육내용
2024.12.12
기획부서
이석현 사외이사
불참자 없음
이사회 및 감사위원회가 알아야 할 효과적인 국내외 공시 감독 및 현황
- 상기 사외이사 교육실시 현황은 담당자가 외부 세미나 참석 후 사외이사의 직무 수행에 필요한 내용에 대해 전달교육을 실시한 것으로, ESG 공시 현황, 회사의 부정행위와 이사회의 역할, 기업지배구조 보고서 공시 개선방안 및 글로벌 이사회의 공시감독 현황, 기업밸류업프로그램 공시와 이사회의 역할 등의 내용을 포함하고 있습니다.
- 당사는 사외이사가 이사회 개최 전 해당 안건 내용을 충분히 검토할 수 있도록 사전에 자료를 제공하고 필요시 별도의 설명회를 개최하고 있으며, 기타 사내 주요 현안 및 요청사항 등에 대해서도 수시로 정보를 제공하고 있습니다.- 당사는 사외이사에게 경영, 리더쉽, 인문학 등을 수강할 수 있는 온라인 및 모바일 교육 컨텐츠를 제공하고 있습니다.- 당사의 2023년도 사외이사 교육 실시내역은 다음과 같습니다.
교육일자
교육실시주체
참석 사외이사
불참시 사유
주요 교육내용
2023년 09월 11일
기획부서
정희원 사외이사 이석현 사외이사
불참자 없음
2023년 상장회사 주주총회 운영현황 분석 및 시사점 보고
2. 감사제도에 관한 사항
가. 감사에 관한 사항
당사는 자산총액 1천억원 이상인 상장회사로서 상법 제542조의10 제1항에 따라 상근감사 제도를 운용하고 있습니다. 2024년 12월 31일 현재, 주주총회 결의에 의하여 선임된 상근감사 1명이 감사업무를 수행하고 있습니다.
나. 감사의 인적사항
성명
직위
주요경력
비고
홍영규
상근감사
(1) 1986년 고려대학교 경영학과 졸업(2) 2008년~2015년 (주)LG화학 상무ㆍ전무(3) 2016년~2020년 LG디스플레이(주) 전무(4) 2021년~현재 (주)농심홀딩스 상근감사
-
다. 감사의 독립성
당사의 감사는 상법 등 관련 법령상의 절차 및 선출기준을 준수하여 선출되고 있습니다. 또한 주주총회에서 최종적으로 선임될 시, 발행주식총수의 3/100을 초과하는 주식을 가진 주주의 초과 주식에 대한 의결권 제한 등으로 선임시의 독립성을 확보하고 있으며, 감사에게 회계 및 업무감사, 이사회 출석 의견 진술권, 임시총회 소집 청구권 등의 권한을 주는 방법으로 업무상 독립성 또한 보장하고 있습니다.이를 바탕으로, 당사의 감사는 책임관련 규정 및 내부회계관리규정에 따라 이사회 및 주요 경영회의에 참석하고 있으며, 규정에 의한 자료요구 및 주요 업무의 보고를 받는 등, 정기 또는 수시로 회사의 회계업무와 이사의 직무집행을 독립적으로 감사하고 있습니다.
선출기준 관련 주요 법령
법령의 충족여부
비고
상법
제542조의8 제2항 제1호 ~ 제4호
충족
-
제542조의8 제2항 제6호
충족
-
제542조의10 제1항
충족
-
제542조의10 제2항 제2호 ~ 제3호
충족
-
라. 감사의 주요 활동내용
회차
개최일자
의안내용
출석여부
1
2024.02.07.
1. 제21기 재무제표 및 영업보고서 승인의 건2. 계열회사와의 거래 승인의 건[보고사항]- 2023년도 내부회계관리제도 운영실태 보고- 2023년도 준법통제기준 준수여부 점검결과 보고
출석
2
2024.02.26.
1. 제21기 연결재무제표 승인의 건2. 제21기 정기주주총회 소집의 건[보고사항]- 2023년도 내부회계관리제도 운영실태 평가보고
출석
3
2024.02.29.
1. 제21기 정기주주총회 소집의 건
출석
4
2024.03.28
1. 이사의 직위 및 업무분장 결정의 건2. 이사보수 책정의 건
출석
5
2024.05.13
[보고사항]- 제22기 1분기 결산실적 보고
출석
6
2024.06.27
1. 이사 보수 조정의 건
출석
7
2024.09.12
1. 농심개발(주) 주식 취득의 건
[보고사항]- 제22기 반기 결산실적 보고
출석
8
2024.12.12
1. 계열회사와의 거래 승인의 건2. 2024년 특별성과급 지급의 건3. 제22기 정기 배당기준일 결의의 건4. 내부회계관리규정 개정의 건[보고사항]- 제22기 3분기 결산실적 보고
출석
마. 감사 교육 실시 내역
교육일자
교육실시주체
주요 교육내용
2024년 02월 22일
상장회사 감사회
행동주의 펀드 및 소수주주의 주주권 행사와 기업의 대응
2024년 06월 27일
상장회사 감사회
감사위원회 운영사례를 통해 본 감사의 역할
2024년 09월 06일
한영회계법인
EY한영 회계투명성 세미나
2024년 09월 26일
상장회사 감사회
2024년도 결산감사 대비 주요이슈
2024년 11월 05일
안진회계법인
이사회 및 감사위원회를 위한 국내외 공시 감독 및 현황
- 당사는 감사에게 경영, 리더쉽, 인문학 등을 수강할 수 있는 온라인 ·모바일 교육 컨텐츠를 제공하고 있습니다.
바. 감사 지원조직 현황
부서(팀)명
직원수(명)
직위(근속연수)
주요 활동내역
기획부서
1
선임(10년 9개월)
감사 직무수행 지원
사. 준법지원인 현황
당사는 자산총액 5천억원 이상인 상장회사로서, 상법 제542조의13에 따라 준법지원인을 선임하여 준법통제기준 준수여부를 점검하게 하고있으며, 당사에서 활동하고 있는 준법지원인의 인적사항 및 주요경력은 다음과 같습니다.
성 명
한명호
생년월일
1972.8.16.
현 직
농심홀딩스 준법지원인
법정자격요건 충족여부
충족(관련 업무 경력 10년 이상)
주요경력
2005 ~ 2018 (주)농심 법무 관련업무 수행
이사회결의일
2022.12.19.
결 격 사 유
해당사항 없음
기 타 사 항
해당사항 없음
아. 준법지원인 등의 주요 활동내역 및 그 처리결과
당사는 사업을 영위함에 있어 관련 법규를 준수할 뿐만 아니라, 준법 ·윤리경영 관련 리스크 관리 및 예방을 위해 별도의 준법통제기준을 마련하고 그에 따른 준법지원 활동을 지속적으로 전개하고 있습니다.
- 2024년도 주요 활동내역 및 그 처리결과
1. 준법교육 및 훈련 프로그램의 운영
당사의 준법지원인은 임직원이 취급 업무와 관련된 법적 위험을 사전에 파악하고 적절하게 대처할 수 있도록 하기 위하여, 전 임직원을 대상으로 연 1회 이상 준법 교육 및 훈련 프로그램을 실시하고 있습니다. 2024년의 주된 활동은 다음과 같습니다. ※ 온라인 준법교육 실시 : 2024년 5월 9일 (목) ~ 5월 30일 (목) / 전 임직원
2. 일상적인 준법지원
당사의 임직원들은 준법지원인을 통하여 상시적인 법적 자문을 받고 있으며, 계약체결 등 법적 위험과 밀접한 관련이 있는 업무를 수행할 경우에는 사전에 준법지원인과 협의함으로써 관련 리스크 발생을 예방할 수 있도록 하고 있습니다.
3. 준법통제기준 준수여부 점검결과 보고
당사의 준법지원인은 매년마다 회사의 준법지원통제기준의 적정성 및 준수여부를 점검하고 그 결과를 이사회에 참석하여 보고하고 있습니다. 2024년 준법통제기준 준수여부 점검결과 보고는
2025년 2월 10일 이사회에서 보고되었습니다.
- 2023년도 주요 활동내역 및 그 처리결과
1. 준법교육 및 훈련 프로그램의 운영
당사의 준법지원인은 임직원이 취급 업무와 관련된 법적 위험을 사전에 파악하고 적절하게 대처할 수 있도록 하기 위하여, 전 임직원을 대상으로 연 1회 이상 준법 교육 및 훈련 프로그램을 실시하고 있습니다. 2023년 주된 활동은 다음과 같습니다.※ 온라인 준법교육 실시 : 2023년 5월 23일 (화) ~ 6월 13일 (화) / 전 임직원
2. 일상적인 준법지원
당사의 임직원들은 준법지원인을 통하여 상시적인 법적 자문을 받고 있으며, 계약체결 등 법적 위험과 밀접한 관련이 있는 업무를 수행할 경우에는 사전에 준법지원인과 협의함으로써 관련 리스크 발생을 예방할 수 있도록 하고 있습니다.
3. 준법통제기준 준수여부 점검결과 보고
당사의 준법지원인은 매년마다 회사의 준법지원통제기준의 적정성 및 준수여부를 점검하고 그 결과를 이사회에 참석하여 보고하고 있습니다. 2023년 준법통제기준 준수여부 점검결과 보고는 2024년 2월 7일 이사회에서 보고되었습니다.
자. 준법지원인 등 지원조직 현황
부서(팀)명
직원수(명)
직위(근속연수)
주요 활동내역
총무부서
1
주임(2개월)
준법지원인 직무수행 지원
3. 주주총회 등에 관한 사항
가. 투표제도 현황
(기준일 :
2024년 12월 31일
)
투표제도 종류
집중투표제
서면투표제
전자투표제
도입여부
배제
미도입
도입
실시여부
-
-
제21기(2024년도) 정기주총
나. 소수주주권의 행사여부
공시대상기간인 최근 3사업연도(2022년~현재) 기간 중 소수주주권 행사가 있었습니다. 내용은 다음과 같습니다.
소수주주권 종류(내용)
행사자
행사목적
안건 및 안건의 내용
목적사항 포함여부
거부사유
진행경과
주주제안권
박영옥 외 14인
상법에 따른 소액주주 권리행사
현금배당 제안
(보통주 1주당 4,000원)
O
-
- `23.1.27 제안접수- `23.3.29 정기주총 제1-2호 의안으로 상정, 부결 되었음
정관 일부변경(액면분할) 제안
(액면가 : 주당 5,000원 → 500원)
O
-
- `23.1.27 제안접수- `23.3.29 정기주총 제5호 의안으로 상정, 부결 되었음
다. 경영권 경쟁 발생여부
공시대상기간인 최근 3사업연도(2022년~현재) 기간 중 경영권 경쟁이 발생하지 않았습니다.
라. 의결권 현황
(기준일 :
2024년 12월 31일
)
(단위 : 주)
구 분
주식의 종류
주식수
비고
발행주식총수(A)
보통주
4,637,790
-
-
-
-
의결권없는 주식수(B)
보통주
-
-
-
-
-
정관에 의하여 의결권 행사가 배제된 주식수(C)
보통주
-
-
-
-
-
기타 법률에 의하여의결권 행사가 제한된 주식수(D)
보통주
-
-
-
-
-
의결권이 부활된 주식수(E)
보통주
-
-
-
-
-
의결권을 행사할 수 있는 주식수(F = A - B - C - D + E)
보통주
4,637,790
-
-
-
-
마. 주식사무
2024년 12월 31일 현재 당사 정관상의 주식의 발행 및 배정의 내용과 주식의 사무에 관련된 주요사항은 다음과 같습니다.
정관상주식의 발행 및 배정의 내용
제10조(주식의 발행 및 배정)①이 회사가 이사회의 결의로 신주를 발행하는 경우 다음 각 호의 방식에 의한다.1. 주주에게 그가 가진 주식 수에 따라서 신주를 배정하기 위하여 신주인수의 청약을 할 기회를 부여하는 방식2. 발행주식총수의 100분의 30을 초과하지 않는 범위 내에서 신기술의 도입, 재무구조의 개선 등 회사의 경영상 목적을 달성하기 위하여 필요한 경우 제1호 외의 방법으로 특정한 자(이 회사의 주식을 소유한 자를 포함한다)에게 신주를 배정하기 위하여 신주인수의 청약을 할 기회를 부여하는 방식3. 발행주식총수의 100분의 30을 초과하지 않는 범위 내에서 제1호 외의 방법으로 불특정 다수인(이 회사의 주식을 소유한 자를 포함한다)에게 신주인수의 청약을 할 기회를 부여하고 이에 따라 청약을 한 자에 대하여 신주를 배정하는 방식4. 독점규제 및 공정거래에 관한 법률(이하 “공정거래법”이라 함) 소정의 지주회사 요건을 충족하기 위해 또는 지주사업을 원활하게 수행하기 위해, 공정거래법상의 자회사 주식을 추가로 취득하거나 또는 자회사 이외의 다른 회사를 공정거래법상 이 회사의 자회사로 편입시킬 필요가 있어, 자회사 또는 다른 회사의 주주들로부터 당해 회사의 발행주식을 현물출자 받는 경우 당해 회사의 주식을 보유한 주주들에게 신주를 배정하는 방식②제1항 제3호의 방식으로 신주를 배정하는 경우에는 이사회의 결의로 다음 각 호의 어느 하나에 해당하는 방식으로 신주를 배정하여야 한다.1. 신주인수의 청약을 할 기회를 부여하는 자의 유형을 분류하지 아니하고 불특정 다수의 청약자에게 신주를 배정하는 방식2. 관계 법령에 따라 우리사주조합원에 대하여 신주를 배정하고 청약되지 아니한 주식까지 포함하여 불특정 다수인에게 신주인수의 청약을 할 기회를 부여하는 방식3. 주주에 대하여 우선적으로 신주인수의 청약을 할 수 있는 기회를 부여하고 청약되지 아니한 주식이 있는 경우 이를 불특정 다수인에게 신주를 배정받을 기회를 부여하는 방식4. 투자매매업자 또는 투자중개업자가 인수인 또는 주선인으로서 마련한 수요예측 등 관계 법규에서 정하는 합리적인 기준에 따라 특정한 유형의 자에게 신주인수의 청약을 할 수 있는 기회를 부여하는 방식③제1항 제2호 내지 제4호에 따라 신주를 배정하는 경우 상법 제416조 제1호, 제2호, 제3호 및 제4호에서 정하는 사항을 그 납입기일의 2주 전까지 주주에게 통지하거나 공고하여야 한다. 다만, 자본시장과 금융투자업에 관한 법률 제165조의9에 따라 주요사항보고서를 금융위원회 및 거래소에 공시함으로써 그 통지 및 공고를 갈음할 수 있다.④제1항 각호의 어느 하나의 방식에 의해 신주를 발행할 경우에는 발행할 주식의 종류와 수 및 발행가격 등은 이사회의 결의로 정한다.⑤회사는 신주를 배정하는 경우 그 기일까지 신주인수의 청약을 하지 아니하거나 그 가액을 납입하지 아니한 주식이 발생하는 경우에 그 처리방법은 발행가액의 적정성등 관련 법령에서 정하는 바에 따라 이사회의 결의로 정한다.⑥회사는 신주를 배정하면서 발생하는 단주에 대한 처리방법은 이사회의 결의로 정한다.⑦회사는 제1항 제1호에 따라 신주를 배정하는 경우에는 주주에게 신주인수권증서를 발행하여야 한다.
결산일
12월 31일
정기주주총회
3개월 이내
주주명부폐쇄기간
-
기준일
의결권 : 12월 31일배당권 : 이사회 결의로 결정
주권의 종류
-
명의개서대리인
한국예탁결제원 부산광역시 남구 문현금융로 40 (문현동, 부산국제금융센터)
공고방법
http://www.nongshimholdings.com (예비공고: 매일경제신문)
※ 2024년 3월 28일 제21기 정기주주총회에서 정관이 개정됨에 따라, 배당기준일이 12월 31일에서 이사회 결의로 결정되는 날로 바뀌었습니다.※「주식ㆍ사채 등의 전자등록에 관한 법률」시행으로 인해 주주명부폐쇄기간을 설정하지 않으며, 주권의 종류도 표시하지 않습니다.
바. 주주총회 의사록 요약
주총정보
안 건
결의내용
주요 논의내용
제 21 기 정기주총(2024.03.28.)
1. 제21기 재무제표 및 연결재무제표 승인의 건
가 결
주주가치 향상 대책 필요성 제기
2. 정관 일부 변경의 건
가 결
-
3-1. 사내이사 선임의 건(신동원)
가 결
-
3-2. 사내이사 선임의 건(신동윤)
가 결
-
4. 감사 선임의 건
가 결
-
5. 이사 보수한도 승인의 건
가 결
-
6. 감사 보수한도 승인의 건
가 결
-
제 20 기정기주총(2023.03.29.)
1-1. 제20기 재무제표 및 연결재무제표 승인의 건 ㄴ현금배당 주당 2,500원
가 결
회사 재무구조 및 손익현황 고려,지속 가능한 배당규모 결정 필요
1-2. 제20기 재무제표 및 연결재무제표 승인의 건 ㄴ현금배당 주당 4,000원 (주주제안)
부 결
배당규모 증대의 필요성 제기
2. 이사 선임의 건
가 결
-
3. 이사 보수한도 승인의 건
가 결
-
4. 감사 보수한도 승인의 건
가 결
-
5. 정관 일부변경(액면분할)의 건 (주주제안)
부 결
주식 1/10 액면분할 필요성 제기
제 19 기정기주총(2022.03.30.)
1. 제19기 재무제표 및 연결재무제표 승인의 건
가 결
-
2. 이사 선임의 건
가 결
-
3. 이사 보수한도 승인의 건
가 결
-
4. 감사 보수한도 승인의 건
가 결
-"	"VI. 이사회 등 회사의 기관에 관한 사항
1. 이사회에 관한 사항
가. 이사회 구성개요
당사는 상법 제383조, 상법 제542조의8 및 정관에 근거하여 이사회를 구성하고 있습니다. 이사회 구성에 대한 당사 정관의 주요 내용은 다음과 같습니다.
제30조(이사의 수)
이 회사의 이사는 3명 이상으로 하고, 사외이사는 이사총수의 4분의 1이상으로 한다.
제38조(이사회의 구성 및 권한과 소집)
① 이사회는 이사로 구성하며 이 회사 업무의 중요사항을 결의하고 이사의 직무집행을 감독한다.
② 이사회는 대표이사 또는 이사회에서 따로 정한 이사가 있을 때에는 그 이사가 회일 1일전에 각 이사 및 감사에게 통지하여 소집한다. 그러나 이사 및 감사 전원의 동의가 있을 때에는 소집절차를 생략할 수 있다.
③ 이사회의 의장은 제2항의 규정에 의한 이사회의 소집권자로 한다.
당사의 이사회는 2024년 12월 31일 현재 사내이사 3인(신동원, 신동윤, 박준) 및 사외이사 1인(이석현), 총 4인의 이사로 구성되어 있습니다. 이사회는 이사진 간 의견을 조율하고 이사회 활동을 총괄하는 역할에 적임이라고 판단되는 신동원 사내이사를 의장으로 선임하였습니다. 이사회 내 위원회와 관련하여서는, 현재 당사에서 따로 운영하고 있는 위원회는 없습니다.
나. 중요 의결사항 등
2024년 12월 31일까지 총 8회의 이사회가 개최되었으며, 주요활동내역은 다음과 같습니다.
회차
개최일자
의안내용
가결 여부
사내이사 성명
사외이사 성명
신동원
(출석률: 100%)
신동윤
(출석률: 100%)
박준
(출석률: 100%)
정희원
(출석률: 100%)
이석현
(출석률: 100%)
찬반 및 출석여부
1
2024.02.07.
1. 제21기 재무제표 및 영업보고서 승인의 건2. 계열회사와의 거래 승인의 건[보고사항]- 2023년도 내부회계관리제도 운영실태 보고- 2023년도 준법통제기준 준수여부 점검결과 보고
가결가결--
찬성찬성--
찬성찬성--
찬성찬성--
찬성찬성--
찬성찬성--
2
2024.02.26.
1. 제21기 연결재무제표 승인의 건2. 제21기 정기주주총회 소집의 건[보고사항]- 2023년도 내부회계관리제도 운영실태 평가보고
가결가결-
찬성찬성-
찬성찬성-
찬성찬성-
찬성찬성-
찬성찬성-
3
2024.02.29.
1. 제21기 정기주주총회 소집의 건
가결
찬성
찬성
찬성
찬성
찬성
4
2024.03.28
1. 이사의 직위 및 업무분장 결정의 건2. 이사보수 책정의 건
가결가결
찬성찬성
찬성찬성
찬성찬성
해당사항 없음
찬성찬성
5
2024.05.13
[보고사항]- 제22기 1분기 결산실적 보고
-
-
-
-
-
6
2024.06.27
1. 이사 보수 조정의 건
가결
찬성
찬성
찬성
찬성
7
2024.09.12
1. 농심개발(주) 주식 취득의 건[보고사항]- 제22기 반기 결산실적 보고
가결-
찬성-
찬성-
찬성-
찬성-
8
2024.12.12
1. 계열회사와의 거래 승인의 건2. 2024년 특별성과급 지급의 건3. 제22기 정기 배당기준일 결의의 건4. 내부회계관리규정 개정의 건[보고사항]- 제22기 3분기 결산실적 보고
가결가결가결가결-
찬성찬성찬성찬성-
찬성찬성찬성찬성-
찬성찬성찬성찬성-
찬성찬성찬성찬성-
※ 2024년 3월 28일자로 정희원 사외이사가 임기만료되었습니다. 그 외 자세한 임원 변동 현황은 ""I-2. 회사의 연혁""에 있는 ""나. 경영진 및 감사의 중요한 변동""을 참조해 주시기 바랍니다.
다. 이사의 독립성
당사는 이사회 구성원 간의 견제와 균형을 위해 전체 이사총수의 4분의 1이상을 사외이사로 구성하고 있으며, 이사회로 하여금 이사의 업무집행을 감독하도록 하고 있습니다.이사는 주주총회의 승인을 통해 선임되고 있으며, 이사회에서 주주총회에 상정할 이사 후보자를 추천하고 있습니다. 이사 후보자를 추천하는 과정에서, 이사회는 후보자가 상법 제382조 제3항, 제542조의8 제2항 등 관계법령에서 요구하는 임원 자격요건에 부합하는지 살펴볼 뿐만 아니라, 법규위반으로 행정적, 사법적 제재를 받았거나 그 집행을 면제받은 경우 등도 함께 고려하여, 기업가치의 훼손 또는 주주 권익의 침해에 책임이 있는 자를 이사회 후보자로 주주총회에 추천하지 않도록 면밀히 검토하고 있습니다.
사외이사의 선임의 경우에는, 당사의 이사회에서 상기 내용을 검토할 뿐만 아니라 회사를 경영하는 고위 경영진으로서 회사의 사업내용과 관련된 풍부한 경험과 전문지식이 있는 인사를 선임하기 위해 산업계, 금융계, 학계, 법조계, 회계분야 등 다양한 분야에서 회사와 중대한 이해관계가 없고 법적 결격사유가 없는 인사를 검토하여 사외이사 후보로서 주주총회의 안건으로 상정하고 있습니다.
이러한 적법 절차에 따라 선임된 이사는 다음과 같습니다.(기준일 : 2024년 12월 31일)
성 명
추천인
선임배경
활동분야
최근 5년간의 주요직무
임기만료일
연임여부(연임횟수)
회사와의거래내역
최대주주와의관계
신동원
이사회
신동원 사내이사 후보자는 주요 회사인 농심에 입사한 후, 전략경영실 총괄, 회장 등을 역임하면서 40여년 이상을 농심그룹의 성장과 함께 해왔습니다. 또한, 후보자는 식품산업에 대한 전문적인 지식과 경륜을 바탕으로 농심 그룹의 경영전략 수립에 지속적인 공헌을 하였으며, 세계화를 이루는데 힘써왔습니다. 이에, 당사의 이사회는 동 후보자의 경영능력이 회사의 지속적 성장은 물론, 이사회의 효과적인 운영 및 의사결정 체계확립에 기여할 것이라 판단하여 사내이사 후보로 추천하였습니다.
이사회 의장
[2012년 ~ 현재]농심홀딩스 회장
2027.3.28
연임
(7)
없음
본인
신동윤
이사회
신동윤 사내이사 후보자는 그룹의 주요 회사인 율촌화학에 입사한 후, 포장 및 소재산업에 대한 깊은 이해와 높은 안목을 바탕으로 회사의 가치를 증진시키고, 그 기술력을 지속 향상시키는데 이바지 하여왔습니다. 또한, 회사경영을 통해 전략과 비전에 대한 깊은 이해를 가지고 있습니다. 이에, 당사의 이사회는 동 후보자의 경영능력이 회사의 지속적 성장에 기여할 것이라 판단하여 사내이사 후보로 추천하였습니다.
사내이사
[2009년 ~ 현재]농심홀딩스 부회장
2027.3.28
연임
(5)
없음
친인척
박준
이사회
박준 사내이사 후보자는 주요 자회사인 (주)농심에 1981년 입사한 이후, 1999년부터 2011년까지 국제 담당 이사를 거쳐 국제사업총괄 사장으로 근무하면서 (주)농심의 세계화를 촉진하는데 이바지하였습니다. 더욱이, 동 후보자는 2012년부터 2023년까지 (주)농심의 대표이사를 역임하며 사업전반에 대한 다년간의 경험과 지식을 바탕으로 회사 발전에 기여해 왔습니다. 당사의 이사회는 후보자의 글로벌 경험과 경영능력이 이사회 운영 및 효과적인 의사결정 체계 확립에 기여할 것이라 판단하였으며, 이에 후보 추천하게 되었습니다.
대표이사
[2016년 ~ 2023년]농심 대표이사 부회장[2023년 ~ 현재]농심홀딩스 대표이사 부회장
2026.3.29
-
없음
없음
이석현
이사회
이석현 사외이사 후보자는 서울대학교 법과대학을 졸업하고, 서울대학교 법학박사 과정까지 수료한 후, 미국 뉴욕으로 건너가 Columbia Law School에서 LL.M. 과정까지 끝마쳤습니다. 민법학에 깊은 이해도를 가지고 있는 변호사이자, 미국 변호사 자격도 가지고 있으며, 다양한 사건을 경험하면서 기업법무(M&A, 합작투자, 도산 및 구조조정 등), 공정거래업무, 국제거래 및 국제분쟁 해결 업무 등의 사안에 대해 전문적인 경험을 쌓았습니다. 당사의 이사회는 이석현 사외이사 후보자가 당사의 준법경영 강화 및 이사회의 전문성과 투명성, 독립성을 높이는데 기여할 것이라 판단하였으며, 이에 후보 추천하였습니다.
사외이사
[2006년 ~ 현재]법무법인 케이씨엘 변호사
2025.3.26
-
없음
없음
※ 2024년 3월 28일자로 정희원 사외이사가 임기만료되었습니다. 그 외 자세한 임원 변동 현황은 ""I-2. 회사의 연혁""에 있는 ""나. 경영진 및 감사의 중요한 변동""을 참조해 주시기 바랍니다.
라. 사외이사 및 그 변동현황
(단위 : 명)
이사의 수
사외이사 수
사외이사 변동현황
선임
해임
중도퇴임
4
1
-
-
-
※ 해당 표는 2024년 3월 28일 제21기 정기주주총회 결과입니다.※ 공시서류작성기준일이 속하는 사업연도의 개시일부터 공시서류제출일까지 기간동안 주주총회에서 사외이사가 선임되거나, 임기만료 외의 사유로 해임 또는 중도퇴임한 바가 없습니다.
마. 사외이사의 전문성
(1) 사외이사 직무수행 지원조직 현황
- 당사는 별도의 지원조직 없이 재무부서에서 사외이사의 직무수행을 보조하고 있습니다.
부서명
직원수(명)
직위(근속연수)
주요 활동내역
재무부서
1
주임(4년)
이사회 운영 및 사외이사 직무수행 지원
(2) 사외이사 교육실시 현황
교육일자
교육실시주체
참석 사외이사
불참시 사유
주요 교육내용
2024.12.12
기획부서
이석현 사외이사
불참자 없음
이사회 및 감사위원회가 알아야 할 효과적인 국내외 공시 감독 및 현황
- 상기 사외이사 교육실시 현황은 담당자가 외부 세미나 참석 후 사외이사의 직무 수행에 필요한 내용에 대해 전달교육을 실시한 것으로, ESG 공시 현황, 회사의 부정행위와 이사회의 역할, 기업지배구조 보고서 공시 개선방안 및 글로벌 이사회의 공시감독 현황, 기업밸류업프로그램 공시와 이사회의 역할 등의 내용을 포함하고 있습니다.- 당사는 사외이사가 이사회 개최 전 해당 안건 내용을 충분히 검토할 수 있도록 사전에 자료를 제공하고 필요시 별도의 설명회를 개최하고 있으며, 기타 사내 주요 현안 및 요청사항 등에 대해서도 수시로 정보를 제공하고 있습니다.- 당사는 사외이사에게 경영, 리더쉽, 인문학 등을 수강할 수 있는 온라인 및 모바일 교육 컨텐츠를 제공하고 있습니다.- 당사의 2023년도 사외이사 교육 실시내역은 다음과 같습니다.
교육일자
교육실시주체
참석 사외이사
불참시 사유
주요 교육내용
2023년 09월 11일
기획부서
정희원 사외이사 이석현 사외이사
불참자 없음
2023년 상장회사 주주총회 운영현황 분석 및 시사점 보고
2. 감사제도에 관한 사항
가. 감사에 관한 사항
당사는 자산총액 1천억원 이상인 상장회사로서 상법 제542조의10 제1항에 따라 상근감사 제도를 운용하고 있습니다. 2024년 12월 31일 현재, 주주총회 결의에 의하여 선임된 상근감사 1명이 감사업무를 수행하고 있습니다.
나. 감사의 인적사항
성명
직위
주요경력
비고
홍영규
상근감사
(1) 1986년 고려대학교 경영학과 졸업(2) 2008년~2015년 (주)LG화학 상무ㆍ전무(3) 2016년~2020년 LG디스플레이(주) 전무(4) 2021년~현재 (주)농심홀딩스 상근감사
-
다. 감사의 독립성
당사의 감사는 상법 등 관련 법령상의 절차 및 선출기준을 준수하여 선출되고 있습니다. 또한 주주총회에서 최종적으로 선임될 시, 발행주식총수의 3/100을 초과하는 주식을 가진 주주의 초과 주식에 대한 의결권 제한 등으로 선임시의 독립성을 확보하고 있으며, 감사에게 회계 및 업무감사, 이사회 출석 의견 진술권, 임시총회 소집 청구권 등의 권한을 주는 방법으로 업무상 독립성 또한 보장하고 있습니다.이를 바탕으로, 당사의 감사는 책임관련 규정 및 내부회계관리규정에 따라 이사회 및 주요 경영회의에 참석하고 있으며, 규정에 의한 자료요구 및 주요 업무의 보고를 받는 등, 정기 또는 수시로 회사의 회계업무와 이사의 직무집행을 독립적으로 감사하고 있습니다.
선출기준 관련 주요 법령
법령의 충족여부
비고
상법
제542조의8 제2항 제1호 ~ 제4호
충족
-
제542조의8 제2항 제6호
충족
-
제542조의10 제1항
충족
-
제542조의10 제2항 제2호 ~ 제3호
충족
-
라. 감사의 주요 활동내용
회차
개최일자
의안내용
출석여부
1
2024.02.07.
1. 제21기 재무제표 및 영업보고서 승인의 건2. 계열회사와의 거래 승인의 건[보고사항]- 2023년도 내부회계관리제도 운영실태 보고- 2023년도 준법통제기준 준수여부 점검결과 보고
출석
2
2024.02.26.
1. 제21기 연결재무제표 승인의 건2. 제21기 정기주주총회 소집의 건[보고사항]- 2023년도 내부회계관리제도 운영실태 평가보고
출석
3
2024.02.29.
1. 제21기 정기주주총회 소집의 건
출석
4
2024.03.28
1. 이사의 직위 및 업무분장 결정의 건2. 이사보수 책정의 건
출석
5
2024.05.13
[보고사항]- 제22기 1분기 결산실적 보고
출석
6
2024.06.27
1. 이사 보수 조정의 건
출석
7
2024.09.12
1. 농심개발(주) 주식 취득의 건[보고사항]- 제22기 반기 결산실적 보고
출석
8
2024.12.12
1. 계열회사와의 거래 승인의 건2. 2024년 특별성과급 지급의 건3. 제22기 정기 배당기준일 결의의 건4. 내부회계관리규정 개정의 건[보고사항]- 제22기 3분기 결산실적 보고
출석
마. 감사 교육 실시 내역
교육일자
교육실시주체
주요 교육내용
2024년 02월 22일
상장회사 감사회
행동주의 펀드 및 소수주주의 주주권 행사와 기업의 대응
2024년 06월 27일
상장회사 감사회
감사위원회 운영사례를 통해 본 감사의 역할
2024년 09월 06일
한영회계법인
EY한영 회계투명성 세미나
2024년 09월 26일
상장회사 감사회
2024년도 결산감사 대비 주요이슈
2024년 11월 05일
안진회계법인
이사회 및 감사위원회를 위한 국내외 공시 감독 및 현황
- 당사는 감사에게 경영, 리더쉽, 인문학 등을 수강할 수 있는 온라인 ·모바일 교육 컨텐츠를 제공하고 있습니다.
바. 감사 지원조직 현황
부서(팀)명
직원수(명)
직위(근속연수)
주요 활동내역
기획부서
1
선임(10년 9개월)
감사 직무수행 지원
사. 준법지원인 현황
당사는 자산총액 5천억원 이상인 상장회사로서, 상법 제542조의13에 따라 준법지원인을 선임하여 준법통제기준 준수여부를 점검하게 하고있으며, 당사에서 활동하고 있는 준법지원인의 인적사항 및 주요경력은 다음과 같습니다.
성 명
한명호
생년월일
1972.8.16.
현 직
농심홀딩스 준법지원인
법정자격요건 충족여부
충족(관련 업무 경력 10년 이상)
주요경력
2005 ~ 2018 (주)농심 법무 관련업무 수행
이사회결의일
2022.12.19.
결 격 사 유
해당사항 없음
기 타 사 항
해당사항 없음
아. 준법지원인 등의 주요 활동내역 및 그 처리결과
당사는 사업을 영위함에 있어 관련 법규를 준수할 뿐만 아니라, 준법 ·윤리경영 관련 리스크 관리 및 예방을 위해 별도의 준법통제기준을 마련하고 그에 따른 준법지원 활동을 지속적으로 전개하고 있습니다.
- 2024년도 주요 활동내역 및 그 처리결과
1. 준법교육 및 훈련 프로그램의 운영
당사의 준법지원인은 임직원이 취급 업무와 관련된 법적 위험을 사전에 파악하고 적절하게 대처할 수 있도록 하기 위하여, 전 임직원을 대상으로 연 1회 이상 준법 교육 및 훈련 프로그램을 실시하고 있습니다. 2024년의 주된 활동은 다음과 같습니다. ※ 온라인 준법교육 실시 : 2024년 5월 9일 (목) ~ 5월 30일 (목) / 전 임직원
2. 일상적인 준법지원
당사의 임직원들은 준법지원인을 통하여 상시적인 법적 자문을 받고 있으며, 계약체결 등 법적 위험과 밀접한 관련이 있는 업무를 수행할 경우에는 사전에 준법지원인과 협의함으로써 관련 리스크 발생을 예방할 수 있도록 하고 있습니다.
3. 준법통제기준 준수여부 점검결과 보고
당사의 준법지원인은 매년마다 회사의 준법지원통제기준의 적정성 및 준수여부를 점검하고 그 결과를 이사회에 참석하여 보고하고 있습니다. 2024년 준법통제기준 준수여부 점검결과 보고는 2025년 2월 10일 이사회에서 보고되었습니다.
- 2023년도 주요 활동내역 및 그 처리결과
1. 준법교육 및 훈련 프로그램의 운영
당사의 준법지원인은 임직원이 취급 업무와 관련된 법적 위험을 사전에 파악하고 적절하게 대처할 수 있도록 하기 위하여, 전 임직원을 대상으로 연 1회 이상 준법 교육 및 훈련 프로그램을 실시하고 있습니다. 2023년 주된 활동은 다음과 같습니다.※ 온라인 준법교육 실시 : 2023년 5월 23일 (화) ~ 6월 13일 (화) / 전 임직원
2. 일상적인 준법지원
당사의 임직원들은 준법지원인을 통하여 상시적인 법적 자문을 받고 있으며, 계약체결 등 법적 위험과 밀접한 관련이 있는 업무를 수행할 경우에는 사전에 준법지원인과 협의함으로써 관련 리스크 발생을 예방할 수 있도록 하고 있습니다.
3. 준법통제기준 준수여부 점검결과 보고
당사의 준법지원인은 매년마다 회사의 준법지원통제기준의 적정성 및 준수여부를 점검하고 그 결과를 이사회에 참석하여 보고하고 있습니다. 2023년 준법통제기준 준수여부 점검결과 보고는 2024년 2월 7일 이사회에서 보고되었습니다.
자. 준법지원인 등 지원조직 현황
부서(팀)명
직원수(명)
직위(근속연수)
주요 활동내역
총무부서
1
주임(2개월)
준법지원인 직무수행 지원
3. 주주총회 등에 관한 사항
가. 투표제도 현황
(기준일 :
2024년 12월 31일
)
투표제도 종류
집중투표제
서면투표제
전자투표제
도입여부
배제
미도입
도입
실시여부
-
-
제21기(2024년도) 정기주총
나. 소수주주권의 행사여부
공시대상기간인 최근 3사업연도(2022년~현재) 기간 중 소수주주권 행사가 있었습니다. 내용은 다음과 같습니다.
소수주주권 종류(내용)
행사자
행사목적
안건 및 안건의 내용
목적사항 포함여부
거부사유
진행경과
주주제안권
박영옥 외 14인
상법에 따른 소액주주 권리행사
현금배당 제안
(보통주 1주당 4,000원)
O
-
- `23.1.27 제안접수- `23.3.29 정기주총 제1-2호 의안으로 상정, 부결 되었음
정관 일부변경(액면분할) 제안
(액면가 : 주당 5,000원 → 500원)
O
-
- `23.1.27 제안접수- `23.3.29 정기주총 제5호 의안으로 상정, 부결 되었음
다. 경영권 경쟁 발생여부
공시대상기간인 최근 3사업연도(2022년~현재) 기간 중 경영권 경쟁이 발생하지 않았습니다.
라. 의결권 현황
(기준일 :
2024년 12월 31일
)
(단위 : 주)
구 분
주식의 종류
주식수
비고
발행주식총수(A)
보통주
4,637,790
-
-
-
-
의결권없는 주식수(B)
보통주
-
-
-
-
-
정관에 의하여 의결권 행사가 배제된 주식수(C)
보통주
-
-
-
-
-
기타 법률에 의하여의결권 행사가 제한된 주식수(D)
보통주
-
-
-
-
-
의결권이 부활된 주식수(E)
보통주
-
-
-
-
-
의결권을 행사할 수 있는 주식수(F = A - B - C - D + E)
보통주
4,637,790
-
-
-
-
마. 주식사무
2024년 12월 31일 현재 당사 정관상의 주식의 발행 및 배정의 내용과 주식의 사무에 관련된 주요사항은 다음과 같습니다.
정관상주식의 발행 및 배정의 내용
제10조(주식의 발행 및 배정)①이 회사가 이사회의 결의로 신주를 발행하는 경우 다음 각 호의 방식에 의한다.1. 주주에게 그가 가진 주식 수에 따라서 신주를 배정하기 위하여 신주인수의 청약을 할 기회를 부여하는 방식2. 발행주식총수의 100분의 30을 초과하지 않는 범위 내에서 신기술의 도입, 재무구조의 개선 등 회사의 경영상 목적을 달성하기 위하여 필요한 경우 제1호 외의 방법으로 특정한 자(이 회사의 주식을 소유한 자를 포함한다)에게 신주를 배정하기 위하여 신주인수의 청약을 할 기회를 부여하는 방식3. 발행주식총수의 100분의 30을 초과하지 않는 범위 내에서 제1호 외의 방법으로 불특정 다수인(이 회사의 주식을 소유한 자를 포함한다)에게 신주인수의 청약을 할 기회를 부여하고 이에 따라 청약을 한 자에 대하여 신주를 배정하는 방식4. 독점규제 및 공정거래에 관한 법률(이하 “공정거래법”이라 함) 소정의 지주회사 요건을 충족하기 위해 또는 지주사업을 원활하게 수행하기 위해, 공정거래법상의 자회사 주식을 추가로 취득하거나 또는 자회사 이외의 다른 회사를 공정거래법상 이 회사의 자회사로 편입시킬 필요가 있어, 자회사 또는 다른 회사의 주주들로부터 당해 회사의 발행주식을 현물출자 받는 경우 당해 회사의 주식을 보유한 주주들에게 신주를 배정하는 방식②제1항 제3호의 방식으로 신주를 배정하는 경우에는 이사회의 결의로 다음 각 호의 어느 하나에 해당하는 방식으로 신주를 배정하여야 한다.1. 신주인수의 청약을 할 기회를 부여하는 자의 유형을 분류하지 아니하고 불특정 다수의 청약자에게 신주를 배정하는 방식2. 관계 법령에 따라 우리사주조합원에 대하여 신주를 배정하고 청약되지 아니한 주식까지 포함하여 불특정 다수인에게 신주인수의 청약을 할 기회를 부여하는 방식3. 주주에 대하여 우선적으로 신주인수의 청약을 할 수 있는 기회를 부여하고 청약되지 아니한 주식이 있는 경우 이를 불특정 다수인에게 신주를 배정받을 기회를 부여하는 방식4. 투자매매업자 또는 투자중개업자가 인수인 또는 주선인으로서 마련한 수요예측 등 관계 법규에서 정하는 합리적인 기준에 따라 특정한 유형의 자에게 신주인수의 청약을 할 수 있는 기회를 부여하는 방식③제1항 제2호 내지 제4호에 따라 신주를 배정하는 경우 상법 제416조 제1호, 제2호, 제3호 및 제4호에서 정하는 사항을 그 납입기일의 2주 전까지 주주에게 통지하거나 공고하여야 한다. 다만, 자본시장과 금융투자업에 관한 법률 제165조의9에 따라 주요사항보고서를 금융위원회 및 거래소에 공시함으로써 그 통지 및 공고를 갈음할 수 있다.④제1항 각호의 어느 하나의 방식에 의해 신주를 발행할 경우에는 발행할 주식의 종류와 수 및 발행가격 등은 이사회의 결의로 정한다.⑤회사는 신주를 배정하는 경우 그 기일까지 신주인수의 청약을 하지 아니하거나 그 가액을 납입하지 아니한 주식이 발생하는 경우에 그 처리방법은 발행가액의 적정성등 관련 법령에서 정하는 바에 따라 이사회의 결의로 정한다.⑥회사는 신주를 배정하면서 발생하는 단주에 대한 처리방법은 이사회의 결의로 정한다.⑦회사는 제1항 제1호에 따라 신주를 배정하는 경우에는 주주에게 신주인수권증서를 발행하여야 한다.
결산일
12월 31일
정기주주총회
3개월 이내
주주명부폐쇄기간
-
기준일
의결권 : 12월 31일배당권 : 이사회 결의로 결정
주권의 종류
-
명의개서대리인
한국예탁결제원 부산광역시 남구 문현금융로 40 (문현동, 부산국제금융센터)
공고방법
http://www.nongshimholdings.com (예비공고: 매일경제신문)
※ 2024년 3월 28일 제21기 정기주주총회에서 정관이 개정됨에 따라, 배당기준일이 12월 31일에서 이사회 결의로 결정되는 날로 바뀌었습니다.※「주식ㆍ사채 등의 전자등록에 관한 법률」시행으로 인해 주주명부폐쇄기간을 설정하지 않으며, 주권의 종류도 표시하지 않습니다.
바. 주주총회 의사록 요약
주총정보
안 건
결의내용
주요 논의내용
제 21 기 정기주총(2024.03.28.)
1. 제21기 재무제표 및 연결재무제표 승인의 건
가 결
(안건내용)현금배당 주당 2,500원(결의과정 중 질의응답)배당금액을 증액하여 주주가치를 증대시켜 줄 수 있는지에 대한 질의가 있었음. 회사는, 별도 재무제표 기준으로 당기순이익의 50%이상 배당을 하고 있기 때문에 무리한 배당은 어려우며, 배당수입이 수입원의 전부인 회사의 특성상, 자회사로부터의 배당수입의 증가 및 추가 수입원의 발굴 등 손익구조 개선ㆍ 회사의 성장이 선행되어야 함을 설명하고, 향후 성장재원 확보 등을 위한 적정한 규모의 재원보유가 필요하다는 설명을 하였음.
2. 정관 일부 변경의 건
가 결
(안건내용)배당기준일 명시내용을 삭제하고, 이사회 결의 시 배당기준일을 결정하도록 관련 규정을 정비
3-1. 사내이사 선임의 건(신동원)
가 결
(안건내용)사내이사 후보자 신동원
3-2. 사내이사 선임의 건(신동윤)
가 결
(안건내용)사내이사 후보자 신동윤
4. 감사 선임의 건
가 결
(안건내용)상근감사 후보자 홍영규
5. 이사 보수한도 승인의 건
가 결
(안건내용)최고한도액 4,000 백만원
6. 감사 보수한도 승인의 건
가 결
(안건내용)최고한도액 500 백만원
제 20 기정기주총(2023.03.29.)
1-1. 제20기 재무제표 및 연결재무제표 승인의 건 ㄴ현금배당 주당 2,500원 (이사회)
가 결
(주주제안자의 안건설명)농심홀딩스는 2003년 7월 창립이래로 한 해도 빠짐없이 주주들을 위하여 배당을 지속하여 왔음. 다만, 창립이래로 20여년간 회사의 이익잉여금 및 주요 자회사들의 이익도 꾸준히 성장하여 왔으므로, 회사의 사회적 평판ㆍ브랜드 가치ㆍ주주환원 정책의 측면에서 보았을 때 배당금 증액의 여력이 있다고 생각함. 이에 1주당 4,000원의 배당금 증액을 제안함.회사는, 배당금액이 주주님들의 기대에 미흡할 수 있겠으나, 제20기 정기주총에서는 배당금액을 기존보다 25% 증액한 1주당 2,500원으로 설정하였고.현재 재무구조 및 손익현황을 고려할 때, 향후에도 꾸준히 배당을 하기 위해서는 지속 가능할 수 있는 배당규모의 결정이 필요함을 설명하였음.그 결과 이사회 안이 가결되고, 주주제안은 부결되었음.
1-2. 제20기 재무제표 및 연결재무제표 승인의 건 ㄴ현금배당 주당 4,000원 (주주제안)
부 결
2. 이사 선임의 건
가 결
(안건내용)사내이사 후보자 박준
3. 이사 보수한도 승인의 건
가 결
(안건내용)최고한도액 4,000 백만원
4. 감사 보수한도 승인의 건
가 결
(안건내용)최고한도액 500 백만원
5. 정관 일부변경(액면분할)의 건 (주주제안)
부 결
(주주제안자의 안건설명)현행 1주당 5,000원인 주식의 액면가를 1주당 500원으로 낮추고자 함. 액면분할을 통해 더 많은 사람들이 환금성 결여의 부담 없이 진입할 수 있도록 유도함으로써, 회사 주식의 일평균 거래량의 증가와 주식가치의 재평가를 꾀하고자 함. 이를 위하여 1/10액면분할을 위한 정관변경을 제안함.회사는, 현재 주가수준이 일반 주주의 유입을 저해할 정도가 아니라고 판단하였기 때문에, 현 상황에서의 액면분할은 그 실익이 불분명하고 신중한 검토가 필요함을 주주들에게 설명하였음.그 결과 주주제안이 부결되었음.
제 19 기정기주총(2022.03.30.)
1. 제19기 재무제표 및 연결재무제표 승인의 건
가 결
(안건내용)현금배당 주당 2,000원
2. 이사 선임의 건
가 결
(안건내용)사외이사 후보자 이석현
3. 이사 보수한도 승인의 건
가 결
(안건내용)최고한도액 4,000 백만원
4. 감사 보수한도 승인의 건
가 결
(안건내용)최고한도액 500 백만원"	ok
20250814002772	화천기계	예	VI. 3. 나. 소수주주권 마. 주주총회의사록 요약	미흡기재	20250312000312	"나. 소수주주권
당기보고서 작성기준일 현재 당사에 소수주주권이 행사된 사실이 없습니다."	"나. 소수주주권
공시대상기간 중 당사에 행사된 소수주주권 내용은 다음과 같습니다.
행사자
주요내용
목적사항포함여부
거부사유
진행경과
주식회사 보아스에셋
1. 임시 주주총회 소집요구 -. 기존 이사. 감사 해임 및 신임 이사, 감사 선임
-
-
-. 2022.07.11 내용증명(등기우편) 접수-. 2022.07.26 임시총회소집허가 청구 (2022비합30288)-. 2022.10.17 임시총회소집허가 청구 기각
2. 임시 주주총회 소집요구 -. 보통주 1주당 3,500원 배당
-
-
-. 2022.08.04 임시총회소집요구 내용증명 접수-. 2022.08.10 분기배당 부적법성에 대해 회신-. 2022.08.18 임시총회소집허가 청구 (2022비합30341)-. 2022.10.17 임시총회소집허가 청구 기각
3. 이사 유지청구권 청구
-
-
-. 2022.08.22 내용증명 접수-. 2022.08.29 내용증명에 대해 이메일 답변
4. 임시 주주총회 소집요구 -. 기존 이사. 감사 해임 및 신임 이사, 감사 선임 -. 정관 변경(서면투표제 및 집중투표제 인정)
-
-
-. 2022.11.01 임시주총 소집요구 내용증명 접수
5. 검사인 선임청구권
-
-
-. 2022.12.15 검사인 선임 청구 (2022비합30466) 심문기일 : 2023.01.11(수)-. 2023.02.15 검사인 선임 청구 기각
6. 정기주총 목적사항 주주제안 -. 감사 김성진 선임의 건 -. 보통주 1주당 2,000원 배당
O
-
-. 2023.01.30 등기우편 접수-. 2023.02.08 주주제안 접수내용 이사회 보고-. 2023.03.03 주주총회 소집결의 이사회-. 2023.03.23 정기주주총회 안건 상정 (주주제안 안건 부결)
7. 검사인 선임청구권
-
-
-. 2023.03.17 주주총회 검사인 신청 (2023비합30067)-. 2023.03.20 검사인 선임 결정"	ok_sub
20250814002770	에이비온	예	XI. 1. 가. 단일판매·공급계약체결 공시의 진행상황-향후 추진계획	미기재 및 미흡기재	20250320001527	"1. 공시내용 진행 및 변경사항
가
. 단일판매·공급계약체결 공시의 진행상황
(단위: 천원)
신고일자
계약내역
계약금액총액
판매·공급금액
대금수령금액
당기
누적
당기
누적
2024.04.11
-계약명: 항체 해독 플랫폼 연구 기술 개발-계약상대방: 국방과학연구소-계약기간: 2024.04.11~2026.10.31-주요 계약조건: 항체 해독 플랫폼 최종 결과물 납품
1,736,363
331,349
331,349
736,363
736,363
-향후 추진계획 : 2026년까지 계약에 따라 공급 일정 준수 예정"	"가. 단일판매·공급계약체결 공시의 진행상황
(단위: 천원)
신고일자
계약내역
계약금액총액
판매·공급금액
대금수령금액
당기
누적
당기
누적
2024.04.11
-계약명: 항체 해독 플랫폼 연구 기술 개발-계약상대방: 국방과학연구소-계약기간: 2024.04.11~2026.10.31-주요 계약조건: 항체 해독 플랫폼 최종 결과물 납품
1,736,363
331,349
331,349
736,363
736,363
-향후 추진계획 : 계약기간인 2026년까지 계약에 따라 기술개발과업을 지속적으로 수행하고, 계약 조건에 따라 정기적으로 대금을 수령할 예정입니다. 현재까지 추가적인 계약 변경이나 확대 계획은 없습니다.-향후 추진 과정에서 변동될 가능성 : 기술개발 진행과정에서 연구 일정, 과업 범위, 계약 상대방의 요청 등에 따라 개발일정이나 대금 지급 일정이 변동될 가능성이 있습니다. 다만, 현재로서는 구체적으로 확정된 변경사항은 없습니다."	ok
20250814002739	일성아이에스	예	I. 4. 주식의 총수 등	자기주식 보유현황 미흡기재, 자기주식 보고서 미흡기재	20250814002850		"4. 주식의 총수 등
가. 주식의 총수 현황
(기준일 :
2024년 12월 31일
)
(단위 : 주, %)
구 분
주식의 종류
비고
보통주식
종류주식
합계
Ⅰ. 발행할 주식의 총수
40,000,000
-
40,000,000
-
Ⅱ. 현재까지 발행한 주식의 총수
13,300,000
-
13,300,000
-
Ⅲ. 현재까지 감소한 주식의 총수
-
-
-
-
1. 감자
-
-
-
-
2. 이익소각
-
-
-
-
3. 상환주식의 상환
-
-
-
-
4. 기타
-
-
-
-
Ⅳ. 발행주식의 총수 (Ⅱ-Ⅲ)
13,300,000
-
13,300,000
-
Ⅴ. 자기주식수
6,484,327
-
6,484,327
-
Ⅵ. 유통주식수 (Ⅳ-Ⅴ)
6,815,673
-
6,815,673
-
Ⅶ. 자기주식 보유비율
48.75
-
48.75
-
나. 자기주식 취득 및 처분 현황
(기준일 :
2024년 12월 31일
)
(단위 : 주)
취득방법
주식의 종류
기초수량
변동 수량
기말수량
비고
취득(+)
처분(-)
소각(-)
배당가능이익범위이내취득
직접취득
장내 직접 취득
보통주식
1,444,505
-
-
-
1,444,505
-
종류주식
-
-
-
-
-
-
장외직접 취득
보통주식
-
-
-
-
-
-
종류주식
-
-
-
-
-
-
공개매수
보통주식
-
-
-
-
-
-
종류주식
-
-
-
-
-
-
소계(a)
보통주식
1,444,505
-
-
-
1,444,505
-
종류주식
-
-
-
-
-
-
신탁계약에 의한취득
수탁자 보유물량
보통주식
-
-
-
-
-
-
종류주식
-
-
-
-
-
-
현물보유물량
보통주식
4,550,492
-
-
-
4,550,492
-
종류주식
-
-
-
-
-
-
소계(b)
보통주식
4,550,492
-
-
-
4,550,492
-
종류주식
-
-
-
-
-
-
기타 취득(c)
보통주식
489,330
-
-
-
489,330
-
종류주식
-
-
-
-
-
-
총 계(a+b+c)
보통주식
6,484,327
-
-
-
6,484,327
-
종류주식
-
-
-
-
-
-
다. 자기주식 보유현황
1. 자기주식 보유현황
(단위 : 주)
취득방법
취득(계약체결)결정 공시일자
주식종류
취득기간
취득목적
최초보유예상기간
최초취득수량
변동 수량
기말수량
비고
처분(-)
소각(-)
배당가능이익범위이내취득
직접취득
2007.04.30
보통주
2007.05.04~2007.08.03
주주가치 제고
최종 취득일로부터 6개월 이상
188,520
-
-
188,520
주1)
2010.07.06
보통주
2010.07.07~2010.10.06
자사 주식가격의 안정
최종 취득일로부터 6개월 이상
205,000
-
-
205,000
2010.08.10
보통주
2010.08.11~2010.11.10
자사 주식가격의 안정
최종 취득일로부터 6개월 이상
220,000
-
-
220,000
2010.09.13
보통주
2010.09.14~2010.12.13
자사 주식가격의 안정
최종 취득일로부터 6개월 이상
350,000
-
-
350,000
2010.11.16
보통주
2010.11.17~2011.02.16
자사 주식가격의 안정
최종 취득일로부터 6개월 이상
350,000
-
-
350,000
2011.01.26
보통주
2011.01.27~2011.04.26
자사 주식가격의 안정
최종 취득일로부터 6개월 이상
116,355
-
-
116,355
2011.07.07
보통주
2011.07.08~2011.10.07
자사 주식가격의 안정
최종 취득일로부터 6개월 이상
184,500
-
-
184,500
2011.09.29
보통주
2011.09.30~2011.12.29
자사 주식가격의 안정
최종 취득일로부터 6개월 이상
215,000
-
-
215,000
2012.06.04
보통주
2012.06.05~2012.09.04
자사 주식가격의 안정
최종 취득일로부터 6개월 이상
105,315
-
-
105,315
2013.04.15
보통주
2013.04.16~2013.07.15
거래량 부족으로 인한 자기주식 취득
최종 취득일로부터 6개월 이상
121,030
-
-
121,030
2013.10.11
보통주
2013.10.14~2014.01.13
거래량 부족으로 인한 자기주식 취득
최종 취득일로부터 6개월 이상
3,305
-
-
3,305
2019.10.17
보통주
2019.10.18~2019.10.18
유통주식수 확대를 통한 시장안정화
-
-
(950,000)
-
(950,000)
2022.02.09
보통주
2022.02.10~2022.05.09
주가 안정 및 주주가치 제고
최종 취득일로부터 6개월 이상
254,675
-
-
254,675
신탁계약에의한 취득
2006.04.17
보통주
2006.04.19~2007.04.18
자사주 가격안정
-
2,500
-
-
2,500
2008.02.14
보통주
2008.02.14~2008.08.13
주가 안정 및 주주가치 제고
-
976,620
-
-
976,620
2008.06.12
보통주
2008.06.12~2008.12.11
주가 안정 및 주주가치 제고
-
2,174,340
-
-
2,174,340
2009.02.20
보통주
2009.02.20~2009.08.19
경영합리화
-
798,545
-
-
798,545
2023.02.13
보통주
2023.02.13~2023.08.11
주가 안정 및 주주가치 제고
-
598,487
-
-
598,487
기타 취득
-
-
-
기타
-
1,150
-
-
1,150
2010.02.05
-
2010.05.26~2010.05.26
흡수합병에 따른 자기주식처분 및
피합병회사의 자사주식보유분 증가
-
2,660,190
(2,091,220)
-
568,970
2012.06.04
-
2012.06.05~2012.09.04
단수주식 취득
-
5
-
-
5
2013.04.15
-
2013.04.16~2013.07.15
단수주식 취득
-
5
-
-
5
2023.02.13
-
2023.02.13~2023.08.11
단수주식 취득
-
5
-
-
5
총계
9,525,547
(3,041,220)
-
6,484,327
-
주1)
2023년 4월 보통주에 대한 5:1의 액면분할을 시행하여, 해당 최초취득수량 및 기말수량은 액면분할로 인한 수량 증가가 반영된 수치임(분할 전 액면가: 5,000원 / 분할 후 액면가: 1,000원)
2. 자기주식 보유 목적
주주가치 제고와 주가 안정을 위한 목적으로 취득
3. 자기주식 취득계획
현재 회사는 자기주식 취득에 대한 계획은 없습니다. 다만, 주주가치 제고 및 주가 안정이 필요하다고 판단되는 경우 이를 검토하여 관련 법령에 따라 진행할 예정입니다.
4. 자기주식 처분계획
현재 회사는 자기주식 처분 계획은 없습니다. 다만, 주주가치 제고, 기타 경영상 처분이 필요하다고 판단되는 경우 검토후에 진행할 예정입니다.5. 자기주식 소각계획현재 회사는 자기주식 소각에 대한 계획은 없습니다. 다만, 주주가치 제고 등을 위해 자기주식의 소각이 필요하다고 판단되는 경우 법령 및 내부검토 절차를 거쳐 진행할 예정입니다."	"err: document.xml 오류: <?xml version=""1.0"" encoding=""UTF-8"" standalone=""yes""?><result>"
20250814002715	창해에탄올	예	I. 다. 자기주식 보유 목적·취득계획·처분계획·소각계획	미흡기재	20250411000444	"I. 회사의 개요
1. 회사의 개요
가. 연결대상 종속회사 개황
(단위 : 사)
구분
연결대상회사수
주요종속회사수
기초
증가
감소
기말
상장
-
-
-
-
-
비상장
3
1
-
4
-
합계
3
1
-
4
-
※상세 현황은 '상세표-1. 연결대상 종속회사 현황(상세)' 참조
※ 주요 종속회사 여부 판단기준 : 최근사업연도말 자산총액 750억원 이상이거나, 직전사업연도 별도재무제표상 자산총액이 지배회사 별도재무제표상 자산총액의 10%이상
- 연결대상회사의 변동내용
구 분
자회사
사 유
신규연결
PT ORGANIC FEED INDONESIA
지분취득
-
-
연결제외
-
-
-
-
나. 회사의 법적 ·상업적 명칭당사의 명칭은 주식회사 창해에탄올이며, 영문으로는 Changhae Ethanol Co., Ltd. 라 합니다. 약식으로 표기할 경우 (주)창해에탄올이라 표기합니다.다. 설립일자 및 존속기간당사는 1966년 6월 16일 설립되어, 2004년 1월 1일 상호를 보해산업 주식회사에서 주식회사 창해에탄올로 변경하였습니다.라. 본사의 주소, 전화번호, 홈페이지 주소- 주소 : 전북 전주시 덕진구 원만성로 15- 전화번호 : 063-214-7800- 홈페이지 : http://www.chethanol.com마. 회사사업 영위의 근거가 되는 법률보고서 제출일 현재 당사가 생산하는 주제품인 주정 제조와 관련하여 ""주세법"" 의 적용을 받고있습니다.바. 중소기업 해당여부
중소기업 해당 여부
미해당
벤처기업 해당 여부
미해당
중견기업 해당 여부
해당
사. 주요 사업의 내용 당사는 주정 제조를 주사업으로 하고 사료 및 임대업 등을 부수적 사업으로 영위하고있습니다. 기타 자세한 사항은 동 보고서 'Ⅱ. 사업의 내용'을 참조하시기 바랍니다.
아. 회사의 주권상장(또는 등록ㆍ지정)여부 및 특례상장에 관한 사항
주권상장(또는 등록ㆍ지정)현황
주권상장(또는 등록ㆍ지정)일자
특례상장 유형
코스닥시장 상장
2014년 07월 30일
해당사항 없음
2. 회사의 연혁
가. 회사의 본점소재지 및 그 변경 (1) 본점소재지
일 자
소재지
비고
1966. 06
전남 순천시 팔마로 191 (구주소 : 전남 순천시 덕암동 169)
설립 시 본점
2003. 05
전북 전주시 덕진구 원만성로 15 (구주소 : 전주시 덕진구 팔복동3가 829)
합병으로 인한 본점 이전
(2) 지점, 영업소, 사무소 등의 설치 및 폐쇄
일 자
소재지
비고
2002. 05
서울사무소 개설 (서울시 서초구 효령로 67길 20)
-
2002. 08
서울사무소 이전 (서울시 서초구 고무래로10길 14)
-
2003. 07
서울사무소 이전 (서울시 강남구 테헤란로 39길 47 백상빌딩)
-
2016. 02
서울사무소 이전 (서울시 강남구 언주로 97길 8 창해가빌딩)
-
2017. 02
익산사무소 개설 (전라북도 익산시 중앙로 150)
(주)전라주정 흡수합병
2020. 12
군산바이오실증센터 개설 (전라북도 군산시 산단동서로 334)
-
나. 경영진 및 감사의 중요한 변동
변동일자
주총종류
선임
임기만료또는 해임
신규
재선임
2019년 03월 28일
정기주총
-
대표이사 임성우 사내이사 임우석
-
2020년 03월 24일
정기주총
사외이사 신수원
-
사외이사 심재돈
2021년 03월 29일
정기주총
-
대표이사 이연희
-
2022년 03월 23일
정기주총
-
대표이사 임성우사내이사 임우석
-
2023년 03월 29일
정기주총
사외이사 한동연
-
사외이사 신수원
2024년 03월 26일
정기주총
감사 유철근
대표이사 이연희
감사 임창규
보고기간 종료일 현재 당사의 이사회는 사내이사 3인(임성우, 이연희, 임우석), 사외이사 1인(한동연) 총 4인의 이사로 구성되어 있습니다.
3. 자본금 변동사항
- 자본금 변동추이
(단위 : 원, 주)
종류
구분
당기말
제58기(2023년말)
제57기(2022년말)
보통주
발행주식총수
9,190,885
9,190,885
9,190,885
액면금액
500
500
500
자본금
4,595,442,500
4,595,442,500
4,595,442,500
우선주
발행주식총수
-
-
-
액면금액
-
-
-
자본금
-
-
-
기타
발행주식총수
-
-
-
액면금액
-
-
-
자본금
-
-
-
합계
자본금
4,595,442,500
4,595,442,500
4,595,442,500
4. 주식의 총수 등
가. 주식의 총수 현황
(기준일 :
2024년 12월 31일
)
(단위 : 주, %)
구 분
주식의 종류
비고
보통주
우선주
합계
Ⅰ. 발행할 주식의 총수
100,000,000
-
100,000,000
-
Ⅱ. 현재까지 발행한 주식의 총수
9,190,885
-
9,190,885
-
Ⅲ. 현재까지 감소한 주식의 총수
-
-
-
-
1. 감자
-
-
-
-
2. 이익소각
-
-
-
-
3. 상환주식의 상환
-
-
-
-
4. 기타
-
-
-
-
Ⅳ. 발행주식의 총수 (Ⅱ-Ⅲ)
9,190,885
-
9,190,885
-
Ⅴ. 자기주식수
1,603,534
-
1,603,534
-
Ⅵ. 유통주식수 (Ⅳ-Ⅴ)
7,587,351
-
7,587,351
-
Ⅶ. 자기주식 보유비율
17.45
-
17.45
-
나. 자기주식 취득 및 처분 현황
(기준일 :
2024년 12월 31일
)
(단위 : 주)
취득방법
주식의 종류
기초수량
변동 수량
기말수량
비고
취득(+)
처분(-)
소각(-)
배당가능이익범위이내취득
직접취득
장내 직접 취득
보통주
500,000
-
-
-
500,000
-
우선주
-
-
-
-
-
-
장외직접 취득
보통주
-
-
-
-
-
-
우선주
-
-
-
-
-
-
공개매수
보통주
-
-
-
-
-
-
우선주
-
-
-
-
-
-
소계(a)
보통주
500,000
-
-
-
500,000
-
우선주
-
-
-
-
-
-
신탁계약에 의한취득
수탁자 보유물량
보통주
-
-
-
-
-
-
우선주
-
-
-
-
-
-
현물보유물량
보통주
356,770
-
-
-
356,770
-
우선주
-
-
-
-
-
-
소계(b)
보통주
356,770
-
-
-
356,770
-
우선주
-
-
-
-
-
-
기타 취득(c)
보통주
746,764
-
-
-
746,764
-
우선주
-
-
-
-
-
-
총 계(a+b+c)
보통주
1,603,534
-
-
-
1,603,534
-
우선주
-
-
-
-
-
-
다. 자기주식 보유현황1. 자기주식 보유현황
(단위 : 주)
취득방법
취득(계약체결)결정 공시일자
주식종류
취득기간
취득목적
최초보유예상기간
최초취득수량
변동 수량
기말수량
비고
처분(-)
소각(-)
배당가능이익범위이내취득
직접취득
2016년 05월 04일
보통주
2016년 05월 09일 - 2016년 05월 24일
주가 안정 및 주주가치 제고
-
120,000
-
-
120,000
-
2017년 10월 27일
보통주
2017년 10월 30일 - 2017년 12월 20일
주가 안정 및 주주가치 제고
-
110,000
-
-
110,000
-
2018년 01월 18일
보통주
2018년 01월 23일 - 2018년 03월 14일
주가 안정 및 주주가치 제고
-
120,000
-
-
120,000
-
2018년 08월 17일
보통주
2018년 08년 20일 - 2018년 10월 08일
주가 안정 및 주주가치 제고
-
150,000
-
-
150,000
-
신탁계약에의한 취득
2019년 05월 20일
보통주
2019년 05월 20일 - 2019년 11월 19일
주가 안정 및 주주가치 제고
-
208,825
-
-
208,825
-
2020년 03월 18일
보통주
2020년 03월 18일 - 2020년 09월 17일
주가 안정 및 주주가치 제고
-
147,945
-
-
147,945
-
기타 취득
-
보통주
-
합병에 따른 신주 취득
-
746,764
-
-
746,764
-
-
-
-
-
-
-
-
-
-
-
총계
1,603,534
-
-
1,603,534
-
2. 자기주식 보유 목적
주주에 대한 부(富)의 환원을 통한 주주가치 제고
3. 자기주식 취득계획
공시서류 작성 기준일 현재 취득계획은 없습니다. 다만, 주주가치 제고를 위한 다양한 방법을 검토할 계획입니다.
4. 자기주식 처분계획
향후 경영 환경 및 주주환원 정책 등을 고려하여, 필요시 검토 예정입니다.
5. 자기주식 소각계획
향후 경영 환경 및 주주환원 정책 등을 고려하여, 필요시 검토 예정입니다.
5. 정관에 관한 사항
- 정관 변경 이력
정관변경일
해당주총명
주요변경사항
변경이유
2020년 03월 24일
제54기 정기주주총회
- 사업목적 추가
사업영역확대
2024년 03월 26일
제58기 정기주주총회
- 제16조의 2(주주명부의 작성 비치) 신설의 건
- 제45조 (감사의 선임·해임) 변경의 건
상법개정에따른 변경
- 사업목적 현황
구 분
사업목적
사업영위 여부
1
주정 및 소주의 제조 및 판매
영위
2
조림원예, 과수 및 약초류의 재배
미영위
3
식품, 보관업, 양식업
미영위
4
산지개발, 토석 채취업
미영위
5
부동산 임대업
영위
6
임대업
영위
7
기술자문, 용역, 연구개발
영위
8
바이오에탄올, 무수에탄올 제조 및 판매, 유통
영위
9
사료의 제조 및 판매
영위
10
의약외품(손소독제, 소독용 에탄올 등) 제조 및 판매업
미영위
11
식품첨가물 제조 및 판매업
미영위
12
통신판매업 및 전자상거래업
미영위"	"I. 회사의 개요
1. 회사의 개요
가. 연결대상 종속회사 개황
(단위 : 사)
구분
연결대상회사수
주요종속회사수
기초
증가
감소
기말
상장
-
-
-
-
-
비상장
3
1
-
4
-
합계
3
1
-
4
-
※상세 현황은 '상세표-1. 연결대상 종속회사 현황(상세)' 참조
※ 주요 종속회사 여부 판단기준 : 최근사업연도말 자산총액 750억원 이상이거나, 직전사업연도 별도재무제표상 자산총액이 지배회사 별도재무제표상 자산총액의 10%이상
- 연결대상회사의 변동내용
구 분
자회사
사 유
신규연결
PT ORGANIC FEED INDONESIA
지분취득
-
-
연결제외
-
-
-
-
나. 회사의 법적 ·상업적 명칭당사의 명칭은 주식회사 창해에탄올이며, 영문으로는 Changhae Ethanol Co., Ltd. 라 합니다. 약식으로 표기할 경우 (주)창해에탄올이라 표기합니다.다. 설립일자 및 존속기간당사는 1966년 6월 16일 설립되어, 2004년 1월 1일 상호를 보해산업 주식회사에서 주식회사 창해에탄올로 변경하였습니다.라. 본사의 주소, 전화번호, 홈페이지 주소- 주소 : 전북 전주시 덕진구 원만성로 15- 전화번호 : 063-214-7800- 홈페이지 : http://www.chethanol.com마. 회사사업 영위의 근거가 되는 법률보고서 제출일 현재 당사가 생산하는 주제품인 주정 제조와 관련하여 ""주세법"" 의 적용을 받고있습니다.바. 중소기업 해당여부
중소기업 해당 여부
미해당
벤처기업 해당 여부
미해당
중견기업 해당 여부
해당
사. 주요 사업의 내용 당사는 주정 제조를 주사업으로 하고 사료 및 임대업 등을 부수적 사업으로 영위하고있습니다. 기타 자세한 사항은 동 보고서 'Ⅱ. 사업의 내용'을 참조하시기 바랍니다.
아. 회사의 주권상장(또는 등록ㆍ지정)여부 및 특례상장에 관한 사항
주권상장(또는 등록ㆍ지정)현황
주권상장(또는 등록ㆍ지정)일자
특례상장 유형
코스닥시장 상장
2014년 07월 30일
해당사항 없음
2. 회사의 연혁
가. 회사의 본점소재지 및 그 변경 (1) 본점소재지
일 자
소재지
비고
1966. 06
전남 순천시 팔마로 191 (구주소 : 전남 순천시 덕암동 169)
설립 시 본점
2003. 05
전북 전주시 덕진구 원만성로 15 (구주소 : 전주시 덕진구 팔복동3가 829)
합병으로 인한 본점 이전
(2) 지점, 영업소, 사무소 등의 설치 및 폐쇄
일 자
소재지
비고
2002. 05
서울사무소 개설 (서울시 서초구 효령로 67길 20)
-
2002. 08
서울사무소 이전 (서울시 서초구 고무래로10길 14)
-
2003. 07
서울사무소 이전 (서울시 강남구 테헤란로 39길 47 백상빌딩)
-
2016. 02
서울사무소 이전 (서울시 강남구 언주로 97길 8 창해가빌딩)
-
2017. 02
익산사무소 개설 (전라북도 익산시 중앙로 150)
(주)전라주정 흡수합병
2020. 12
군산바이오실증센터 개설 (전라북도 군산시 산단동서로 334)
-
나. 경영진 및 감사의 중요한 변동
변동일자
주총종류
선임
임기만료또는 해임
신규
재선임
2019년 03월 28일
정기주총
-
대표이사 임성우 사내이사 임우석
-
2020년 03월 24일
정기주총
사외이사 신수원
-
사외이사 심재돈
2021년 03월 29일
정기주총
-
대표이사 이연희
-
2022년 03월 23일
정기주총
-
대표이사 임성우사내이사 임우석
-
2023년 03월 29일
정기주총
사외이사 한동연
-
사외이사 신수원
2024년 03월 26일
정기주총
감사 유철근
대표이사 이연희
감사 임창규
보고기간 종료일 현재 당사의 이사회는 사내이사 3인(임성우, 이연희, 임우석), 사외이사 1인(한동연) 총 4인의 이사로 구성되어 있습니다.
3. 자본금 변동사항
- 자본금 변동추이
(단위 : 원, 주)
종류
구분
당기말
제58기(2023년말)
제57기(2022년말)
보통주
발행주식총수
9,190,885
9,190,885
9,190,885
액면금액
500
500
500
자본금
4,595,442,500
4,595,442,500
4,595,442,500
우선주
발행주식총수
-
-
-
액면금액
-
-
-
자본금
-
-
-
기타
발행주식총수
-
-
-
액면금액
-
-
-
자본금
-
-
-
합계
자본금
4,595,442,500
4,595,442,500
4,595,442,500
4. 주식의 총수 등
가. 주식의 총수 현황
(기준일 :
2024년 12월 31일
)
(단위 : 주, %)
구 분
주식의 종류
비고
보통주
우선주
합계
Ⅰ. 발행할 주식의 총수
100,000,000
-
100,000,000
-
Ⅱ. 현재까지 발행한 주식의 총수
9,190,885
-
9,190,885
-
Ⅲ. 현재까지 감소한 주식의 총수
-
-
-
-
1. 감자
-
-
-
-
2. 이익소각
-
-
-
-
3. 상환주식의 상환
-
-
-
-
4. 기타
-
-
-
-
Ⅳ. 발행주식의 총수 (Ⅱ-Ⅲ)
9,190,885
-
9,190,885
-
Ⅴ. 자기주식수
1,603,534
-
1,603,534
-
Ⅵ. 유통주식수 (Ⅳ-Ⅴ)
7,587,351
-
7,587,351
-
Ⅶ. 자기주식 보유비율
17.45
-
17.45
-
나. 자기주식 취득 및 처분 현황
(기준일 :
2024년 12월 31일
)
(단위 : 주)
취득방법
주식의 종류
기초수량
변동 수량
기말수량
비고
취득(+)
처분(-)
소각(-)
배당가능이익범위이내취득
직접취득
장내 직접 취득
보통주
500,000
-
-
-
500,000
-
우선주
-
-
-
-
-
-
장외직접 취득
보통주
-
-
-
-
-
-
우선주
-
-
-
-
-
-
공개매수
보통주
-
-
-
-
-
-
우선주
-
-
-
-
-
-
소계(a)
보통주
500,000
-
-
-
500,000
-
우선주
-
-
-
-
-
-
신탁계약에 의한취득
수탁자 보유물량
보통주
-
-
-
-
-
-
우선주
-
-
-
-
-
-
현물보유물량
보통주
356,770
-
-
-
356,770
-
우선주
-
-
-
-
-
-
소계(b)
보통주
356,770
-
-
-
356,770
-
우선주
-
-
-
-
-
-
기타 취득(c)
보통주
746,764
-
-
-
746,764
-
우선주
-
-
-
-
-
-
총 계(a+b+c)
보통주
1,603,534
-
-
-
1,603,534
-
우선주
-
-
-
-
-
-
다. 자기주식 보유현황1. 자기주식 보유현황
(단위 : 주)
취득방법
취득(계약체결)결정 공시일자
주식종류
취득기간
취득목적
최초보유예상기간
최초취득수량
변동 수량
기말수량
비고
처분(-)
소각(-)
배당가능이익범위이내취득
직접취득
2016년 05월 04일
보통주
2016년 05월 09일 - 2016년 05월 24일
주가 안정 및 주주가치 제고
-
120,000
-
-
120,000
-
2017년 10월 27일
보통주
2017년 10월 30일 - 2017년 12월 20일
주가 안정 및 주주가치 제고
-
110,000
-
-
110,000
-
2018년 01월 18일
보통주
2018년 01월 23일 - 2018년 03월 14일
주가 안정 및 주주가치 제고
-
120,000
-
-
120,000
-
2018년 08월 17일
보통주
2018년 08년 20일 - 2018년 10월 08일
주가 안정 및 주주가치 제고
-
150,000
-
-
150,000
-
신탁계약에의한 취득
2019년 05월 20일
보통주
2019년 05월 20일 - 2019년 11월 19일
주가 안정 및 주주가치 제고
-
208,825
-
-
208,825
-
2020년 03월 18일
보통주
2020년 03월 18일 - 2020년 09월 17일
주가 안정 및 주주가치 제고
-
147,945
-
-
147,945
-
기타 취득
-
보통주
-
합병에 따른 신주 취득
-
746,764
-
-
746,764
-
-
-
-
-
-
-
-
-
-
-
총계
1,603,534
-
-
1,603,534
-
2. 자기주식 보유 목적
당사는 주가의 안정과 장기적인 주주가치 제고를 목적으로 자기주식을 보유하고 있습니다. 자기주식은 시장에서의 직접 취득 및 회사의 합병 과정에서 취득한 주식을 포함하며, 이를 통해 주식 수급 안정, 주주 신뢰 강화, 기업가치 향상 등의 효과를 도모하고 있습니다. 또한 필요 시 경영 전략 및 자본정책의 유연성을 확보하기 위한 수단으로 활용하고자 합니다.
3. 자기주식 취득계획
공시서류 작성 기준일 현재 구체적인 자기주식 취득계획은 없습니다. 다만, 향후 주가 추이, 자본구조, 경영환경 및 재무상태 등을 종합적으로 고려하여 주주가치 제고에 기여할 수 있는 다양한 방안을 지속적으로 검토할 계획입니다. 이에 따라 이사회 결의 등을 거쳐 적정 시기에 자기주식을 추가로 취득할 가능성이 있습니다.
4. 자기주식 처분계획
현재 구체적으로 확정된 처분계획은 없으나, 향후 회사의 경영환경 변화, 재무구조 개선 필요성, 자금수요, 주주환원 정책 및 시장 상황 등을 종합적으로 고려하여 적정한 시기에 자기주식 처분을 검토할 예정입니다. 처분 시에는 관계 법령 및 내부 의사결정 절차를 준수할 것입니다.
5. 자기주식 소각계획
현재 확정된 소각계획은 없으나, 주주환원 정책, 주가 수준, 경영전략, 재무상태, 시장 상황 등을 종합적으로 고려하여 필요시 자기주식 소각을 추진할 수 있습니다. 소각 결정 시에는 이사회 결의를 거쳐 법령에 따라 공시하고, 주주가치 제고에 실질적인 효과가 나타날 수 있도록 신중하게 검토할 예정입니다.
5. 정관에 관한 사항
- 정관 변경 이력
정관변경일
해당주총명
주요변경사항
변경이유
2020년 03월 24일
제54기 정기주주총회
- 사업목적 추가
사업영역확대
2024년 03월 26일
제58기 정기주주총회
- 제16조의 2(주주명부의 작성 비치) 신설의 건
- 제45조 (감사의 선임·해임) 변경의 건
상법개정에따른 변경
- 사업목적 현황
구 분
사업목적
사업영위 여부
1
주정 및 소주의 제조 및 판매
영위
2
조림원예, 과수 및 약초류의 재배
미영위
3
식품, 보관업, 양식업
미영위
4
산지개발, 토석 채취업
미영위
5
부동산 임대업
영위
6
임대업
영위
7
기술자문, 용역, 연구개발
영위
8
바이오에탄올, 무수에탄올 제조 및 판매, 유통
영위
9
사료의 제조 및 판매
영위
10
의약외품(손소독제, 소독용 에탄올 등) 제조 및 판매업
미영위
11
식품첨가물 제조 및 판매업
미영위
12
통신판매업 및 전자상거래업
미영위"	ok
20250814002714	엑스플러스	예	Ⅵ. 3. 주주총회 등에 관한 사항	금융감독원의 기재 미흡사항 정정요구	20250529000566	"3. 주주총회 등에 관한 사항
가. 투표제도 현황
(기준일 :
2024년 12월 31일
)
투표제도 종류
집중투표제
서면투표제
전자투표제
도입여부
배제
도입
미도입
실시여부
-
실시
-
나. 소수주주권의 행사여부
행사자
일자
소수주주권
행사목적
진행경과
이상도외 1명
2025.01.13
주주제안
- 감사 정혜경 해임의 건 (소수주주 제안)- 감사 장지유 선임의 건 (소수주주 제안)
임시주주총회 안건으로 상정되었으나 출석주주 전원의 반대와 의결정족수 불충족으로 '부결'처리 됨.
다. 경영권 경쟁관련 사항
공시대상기간 중 경영권 경쟁에 관한 사항은 소수주주의 회계장부 등 열람등사 가처분 신청 및 임시주주총회 소집허가 신청이 있었으나 작성기준일 현재 일부 소취하 및 종결되었습니다.
라. 의결권 현황
(기준일 :
2024년 12월 31일
)
(단위 : 주)
구 분
주식의 종류
주식수
비고
발행주식총수(A)
보통주
89,731,157
-
-
-
-
의결권없는 주식수(B)
보통주
781
자기주식
-
-
-
정관에 의하여 의결권 행사가 배제된 주식수(C)
-
-
-
-
-
-
기타 법률에 의하여의결권 행사가 제한된 주식수(D)
-
-
-
-
-
-
의결권이 부활된 주식수(E)
-
-
-
-
-
-
의결권을 행사할 수 있는 주식수(F = A - B - C - D + E)
보통주
89,730,376
-
-
-
-
마. 주식사무
정관상 신주인수권의 내용
제9조(신주인수권)
① 주주는 그가 소유한 주식의 수에 비례하여 신주의 배정을 받을 권리를 갖는다.
② 회사는 제1항의 규정에도 불구하고 다음 각 호의 어느 하나에 해당하는 경우 이사회의 결의로 주주 외의 자에게 신주를 배정할 수 있다.1. 발행주식총수의 100분의 50을 초과하지 않는 범위 내에서 자본시장과 금융투자업에 관한법률 제165조의6에 따라 일반공모증자 방식으로 신주를 발행하는 경우
2. 「상법」 제542조의3에 따른 주식매수선택권의 행사로 인하여 신주를 발행하는 경우
3. 발행하는 주식총수의 100분의 20범위 내에서 우리사주조합원에게 주식을 우선배정하는 경우
4. 발행주식총수의 100분의 30을 초과하지 않는 범위 내에서 사업상 중요한 기술도입, 연구개발, 생산·판매·자본제휴, 재무구조의 개선 등 경영상 목적을 위하여 국내 외 금융기관, 기관투자자, 일반법인 및 개인투자자(기존 주주를 포함함)에게 신주를 발행하는 경우
5. 발행주식총수의 100분의 30을 초과하지 않는 범위내에서「자본시장과 금융투자업에 관한 법률」제165조의16의 규정에 의하여 주식예탁증서(DR) 발행에 따라 신주를 발행하는 경우
6. 회사가 경영상 필요로 외국인투자촉진법에 의한 외국인 투자를 위하여 신주를 발행하는 경우
7. 발행주식총수의 100분의 30을 초과하지 않는 범위 내에서 긴급한 자금조달을 위하여 국내외 금융기관 또는 기관투자자, 일반법인 및 개인투자자(기존주주포함) 등에게 신주를 발행하는 경우
8. 근로자복지기본법 제39조의 규정에 의한 우리사주매수선택권의 행사로 인하여 신주를 발행하는 경우
9. 주권을 시장에 상장하기 위하여 신주를 모집하거나 인수인에게 인수하게 하는 경우
10. 우리사주조합원에게 신주를 배정하는 경우
③ 제2항에 따라 주주외의 자에게 신주를 배정하는 경우 상법 제416조제1호, 제2호, 제2호의2, 제3호 및 제4호에서 정하는 사항을 그 납입기일의 2주 전까지 주주에게 통지하거나 공고하여야 한다.
④ 제2항 각 호 중 어느 하나의 규정에 의해 신주를 발행할 경우 발행할 주식의 종류와 수 및 발행가격 등은 이사회의 결의로 정한다.
⑤ 신주인수권의 포기 또는 상실에 따른 주식과 신주배정에서 발생한 단주에 대한 처리방법은 이사회의 결의로 정한다.
결산일
12월 31일
주주명부폐쇄시기
매년 1월 1일부터 1월 7일까지
명의개서대리인
국민은행 증권대행부
주주의 특전
-
※ '주식ㆍ사채 등의 전자등록에 관한 법률'에 따라 주권 및 신주인수권증서에 표시 되어야 할 권리가 의무적으로 전자등록됨에 따라 '주권의 종류'를 기재하지 않음.
바. 주주총회 의사록 요약
주총일자
안건
결의내용
비고
2022.03.29 (정기주주총회)
제1호 의안 : 제2기 재무제표 승인의 건제2호 의안 : 정관 일부 변경의 건제3호 의안 : 이사 보수한도 승인의 건제4호 의안 : 감사 보수한도 승인의 건
원안대로 승인 원안대로 승인 원안대로 승인 원안대로 승인
-
2023.03.31 (정기주주총회)
제1호 의안 : 제3기 재무제표 승인의 건 / 현금배당 지급의 건제2호 의안 : 이사 보수한도 승인의 건제3호 의안 : 감사 보수한도 승인의 건
원안대로 승인 원안대로 승인 원안대로 승인
-
2023.11.03 (임시주주총회)
제1호 의안 : 정관 변경의 건제2호 의안 : 이사 선임의 건제3호 의안 : 감사 선임의 건
원안대로 승인 원안대로 승인 원안대로 승인
-
2024.03.28 (정기주주총회)
제1호 의안 : 제4기(2023년) 재무제표 승인의 건제2호 의안 : 정관 변경의 건제3호 의안 : 이사 선임의 건제4호 의안 : 이사 보수한도 승인의 건제5호 의안 : 감사 보수한도 승인의 건
원안대로 승인 원안대로 승인 원안대로 승인 원안대로 승인 원안대로 승인
-
2024.08.19 (임시주주총회)
제1호 의안 : 정관 변경의 건제2호 의안 : 이사 선임의 건제3호 의안 : 감사 선임의 건
부결부결부결
-
2025.01.13(임시주주총회)
제1호 의안 : 감사 정혜경 해임의 건(소수주주 제안)제2호 의안 : 감사 장지유 선임의 건(소수주주 제안)
부결부결
-"	"3. 주주총회 등에 관한 사항
가. 투표제도 현황
(기준일 :
2024년 12월 31일
)
투표제도 종류
집중투표제
서면투표제
전자투표제
도입여부
배제
도입
미도입
실시여부
-
실시
-
나. 소수주주권(1) 소수주주권 행사내역
행사자
소수주주권 내용
행사목적
진행경과
이상도외 1명
회계장부 등 열람등사 가처분 신청 (2024.10.11)
상법 제466조 제1항에 의거 회계의 장부와 서류의 열람 또는 등사 청구
1. 행사자의 회계장부 열람등사 가처분 신청 (2024.10.11)
이상도외 1명
주주총회 소집허가 신청 (2024.10.24)
상법 제366조 제1항에 의거 임시총회의 소집을 청구
1. 임시주주총회 개최를 위한 기준일 설정 (2024.11.18)2. 임시주주총회 소집결의 (2024.11.18)3. 임시주주총회 소집공고 (2024.12.24)4. 의결권 대리행사권유 참고서류 공시 (2024.12.24)5. 임시주주총회 개최 (2025.01.13)
이상도외 1명
주주총회 소집허가 신청 취하 (2024.11.29)
-
-
(2) 주주제안권 행사내역(소수주주에 의한 소집청구)
행사자
안건
목적사항 포함여부
거부사유
진행경과
이상도외 1명
1. 감사 정혜경 해임의 건 (소수주주 제안)2. 감사 장지유 선임의 건 (소수주주 제안)
예
-
1. 소수주주에 의한 임시주주총회 소집청구 (2024.10.24)2. 임시주주총회 개최 (2025.01.13)- 감사 정혜경 해임의 건 (행사자 제안)- 감사 장지유 선임의 건 (행사자 제안)3. 출석주주 전원의 반대와 의결정족수 불충족으로 안건이 부결되었습니다.[찬성주식수 : 0주 / 반대주식수 : 32,851,163주(감사 해임 시 의결권 제한 3%룰 적용 16,605,165주)]
다. 경영권 경쟁
일자
내용
2024.10.11
회계장부 열람등사 가처분 신청
2024.10.24
주주총회 소집허가 신청
2024.11.18
임시주주총회 개최를 위한 기준일 설정 (기준일 : 2024.12.03)
2024.11.18
주주총회 소집결의 공시
2024.11.29
주주총회 소집허가 신청 취하
2024.12.24
주주총회 소집공고 공시
2024.12.24
의결권 대리행사권유 참고서류 공시
2025.01.13
임시주주총회 개최- 출석주주 전원의 반대와 의결정족수 불충족으로 안건 부결
라. 의결권 현황
(기준일 :
2024년 12월 31일
)
(단위 : 주)
구 분
주식의 종류
주식수
비고
발행주식총수(A)
보통주
89,731,157
-
-
-
-
의결권없는 주식수(B)
보통주
781
자기주식
-
-
-
정관에 의하여 의결권 행사가 배제된 주식수(C)
-
-
-
-
-
-
기타 법률에 의하여의결권 행사가 제한된 주식수(D)
-
-
-
-
-
-
의결권이 부활된 주식수(E)
-
-
-
-
-
-
의결권을 행사할 수 있는 주식수(F = A - B - C - D + E)
보통주
89,730,376
-
-
-
-
마. 주식사무
정관상 신주인수권의 내용
제9조(신주인수권)
① 주주는 그가 소유한 주식의 수에 비례하여 신주의 배정을 받을 권리를 갖는다.
② 회사는 제1항의 규정에도 불구하고 다음 각 호의 어느 하나에 해당하는 경우 이사회의 결의로 주주 외의 자에게 신주를 배정할 수 있다.1. 발행주식총수의 100분의 50을 초과하지 않는 범위 내에서 자본시장과 금융투자업에 관한법률 제165조의6에 따라 일반공모증자 방식으로 신주를 발행하는 경우
2. 「상법」 제542조의3에 따른 주식매수선택권의 행사로 인하여 신주를 발행하는 경우
3. 발행하는 주식총수의 100분의 20범위 내에서 우리사주조합원에게 주식을 우선배정하는 경우
4. 발행주식총수의 100분의 30을 초과하지 않는 범위 내에서 사업상 중요한 기술도입, 연구개발, 생산·판매·자본제휴, 재무구조의 개선 등 경영상 목적을 위하여 국내 외 금융기관, 기관투자자, 일반법인 및 개인투자자(기존 주주를 포함함)에게 신주를 발행하는 경우
5. 발행주식총수의 100분의 30을 초과하지 않는 범위내에서「자본시장과 금융투자업에 관한 법률」제165조의16의 규정에 의하여 주식예탁증서(DR) 발행에 따라 신주를 발행하는 경우
6. 회사가 경영상 필요로 외국인투자촉진법에 의한 외국인 투자를 위하여 신주를 발행하는 경우
7. 발행주식총수의 100분의 30을 초과하지 않는 범위 내에서 긴급한 자금조달을 위하여 국내외 금융기관 또는 기관투자자, 일반법인 및 개인투자자(기존주주포함) 등에게 신주를 발행하는 경우
8. 근로자복지기본법 제39조의 규정에 의한 우리사주매수선택권의 행사로 인하여 신주를 발행하는 경우
9. 주권을 시장에 상장하기 위하여 신주를 모집하거나 인수인에게 인수하게 하는 경우
10. 우리사주조합원에게 신주를 배정하는 경우
③ 제2항에 따라 주주외의 자에게 신주를 배정하는 경우 상법 제416조제1호, 제2호, 제2호의2, 제3호 및 제4호에서 정하는 사항을 그 납입기일의 2주 전까지 주주에게 통지하거나 공고하여야 한다.
④ 제2항 각 호 중 어느 하나의 규정에 의해 신주를 발행할 경우 발행할 주식의 종류와 수 및 발행가격 등은 이사회의 결의로 정한다.
⑤ 신주인수권의 포기 또는 상실에 따른 주식과 신주배정에서 발생한 단주에 대한 처리방법은 이사회의 결의로 정한다.
결산일
12월 31일
주주명부폐쇄시기
매년 1월 1일부터 1월 7일까지
명의개서대리인
국민은행 증권대행부
주주의 특전
-
※ '주식ㆍ사채 등의 전자등록에 관한 법률'에 따라 주권 및 신주인수권증서에 표시 되어야 할 권리가 의무적으로 전자등록됨에 따라 '주권의 종류'를 기재하지 않음.
바. 주주총회 의사록 요약
주총일자
안건
결의내용
주요 논의내용
2022.03.29 (정기주주총회)
제1호 의안 : 제2기 재무제표 승인의 건제2호 의안 : 정관 일부 변경의 건제3호 의안 : 이사 보수한도 승인의 건제4호 의안 : 감사 보수한도 승인의 건
원안대로 승인 원안대로 승인 원안대로 승인 원안대로 승인
영업성과 설명정관변경 배경 및 내용 설명이사 보수한도 심의 및 내역 설명감사 보수한도 심의 및 내역 설명
2023.03.31 (정기주주총회)
제1호 의안 : 제3기 재무제표 승인의 건 / 현금배당 지급의 건제2호 의안 : 이사 보수한도 승인의 건제3호 의안 : 감사 보수한도 승인의 건
원안대로 승인 원안대로 승인 원안대로 승인
영업성과 및 배당 관련 설명이사 보수한도 심의 및 내역 설명감사 보수한도 심의 및 내역 설명
2023.11.03 (임시주주총회)
제1호 의안 : 정관 변경의 건제2호 의안 : 이사 선임의 건제3호 의안 : 감사 선임의 건
원안대로 승인 원안대로 승인 원안대로 승인
정관변경 배경 및 내용 설명후보자 추천사유 설명후보자 추천사유 설명
2024.03.28 (정기주주총회)
제1호 의안 : 제4기(2023년) 재무제표 승인의 건제2호 의안 : 정관 변경의 건제3호 의안 : 이사 선임의 건제4호 의안 : 이사 보수한도 승인의 건제5호 의안 : 감사 보수한도 승인의 건
원안대로 승인 원안대로 승인 원안대로 승인 원안대로 승인 원안대로 승인
영업성과 설명정관변경 배경 및 내용 설명후보자 추천사유 설명이사 보수한도 심의 및 내역 설명감사 보수한도 심의 및 내역 설명
2024.08.19 (임시주주총회)
제1호 의안 : 정관 변경의 건제2호 의안 : 이사 선임의 건제3호 의안 : 감사 선임의 건
부결부결부결
모든 안건에 대해서 찬성의결이 상법 및 당사 정관에서 규정한 결의요건에 부합하지 못하였으므로, 모든 안건을 부결처리하였습니다.
2025.01.13(임시주주총회)
제1호 의안 : 감사 정혜경 해임의 건(소수주주 제안)제2호 의안 : 감사 장지유 선임의 건(소수주주 제안)
부결부결
소수주주 소집청구에 대한 임시주주총회 안건으로, 출석주주 전원의 반대와 의결정족수 불충족으로 부결되었습니다."	ok
20250814002709	시디즈	여	Ⅰ 4. 주식의 총수 등	미흡기재	20250328002350		"4. 주식의 총수 등
주식의 총수 현황
(기준일 :
2024년 12월 31일
)
(단위 : 주, %)
구 분
주식의 종류
비고
보통주
우선주
합계
Ⅰ. 발행할 주식의 총수
8,000,000
-
8,000,000
-
Ⅱ. 현재까지 발행한 주식의 총수
2,000,000
-
2,000,000
-
Ⅲ. 현재까지 감소한 주식의 총수
-
-
-
-
1. 감자
-
-
-
-
2. 이익소각
-
-
-
-
3. 상환주식의 상환
-
-
-
-
4. 기타
-
-
-
-
Ⅳ. 발행주식의 총수 (Ⅱ-Ⅲ)
2,000,000
-
2,000,000
-
Ⅴ. 자기주식수
321,042
-
321,042
-
Ⅵ. 유통주식수 (Ⅳ-Ⅴ)
1,678,958
-
1,678,958
-
Ⅶ. 자기주식 보유비율
16.05
-
16.05
-
1. 자기주식 보유현황 : 다음의 표에 따라 기재한다.
자기주식 보유현황
(단위 : 주)
취득방법
취득(계약체결)결정 공시일자
주식종류
취득기간
취득목적
최초보유예상기간
최초취득수량
변동 수량
기말수량
비고
처분(-)
소각(-)
배당가능이익범위이내취득
직접취득
-
-
-
-
-
-
-
-
-
-
-
-
-
-
-
-
-
-
-
-
신탁계약에의한 취득
2012.04.30
보통주
2012.04.30~2013.04.29
자기주식의 가격 안정
-
97,620
-
-
98,132
-
2013.11.01
보통주
2013.11.01~2013.11.13
자기주식의 가격 안정
-
125,110
-
-
222,730
-
기타 취득
2014.04.29
보통주
2013.11.14~2014.04.28
자기주식의 가격 안정
-
97,000
-
-
319,730
-
2014.10.31
보통주
2014.04.29~2014.10.30
자기주식의 가격 안정
-
800
-
-
320,530
-
-
보통주
-
-
-
512
-
-
512
-
총계
321,042
-
-
321,042
-
2. 자기주식 보유 목적
- 주가 안정
3. 자기주식 취득계획
- 현재 자기주식의 추가 취득을 검토하고 있지 않으나 향후 당사의 주가가 불안한 모습을 보인다면 추가 취득을 검토할 가능성이 있음.
4. 자기주식 취득 및 처분(소각 포함)계획
- 자기주식의 처분관련 현재 검토되고 있는 사항은 업으나 향후 당사가 대규모 투자를 결정하거나 기타 경영상 필요하다고 판단하는 경우 자기주식의 처분을 검토할 가능성이 있음"	"err: document.xml 오류: <?xml version=""1.0"" encoding=""UTF-8"" standalone=""yes""?><result>"
20250814002679	솔디펜스	여	XI. 1. 2. 단일판매·공급계약 (2) 대금 미수령 사유 (3) 향후 추진계획	미기재	20250410002409	"1. 공시내용 진행 및 변경사항
1. 공시내용 진행 및 변경사항
신고일자
제 목
신고내용
신고사항의 진행사항
2022.04.22
단일판매 공급계약 체결
-. 계약명 : 전술정보통신체계(TICN) 4차양산 회로카드조립체 외 6종 -. 계약금액 : 5,758,187,800 -. 계약상대 : 한화시스템㈜ -. 계약기간 : 2022-04-22 ~ 2023-11-24
-. 사업 종료
2023.09.04
단일판매 공급계약 체결
-. 계약명 : 회로카드조립체 -. 계약금액 : 1,875,166,278 -. 계약상대 : (주)코리아디펜스인더스트리 -. 계약기간 : 2023-09-01 ~ 2025-03-28
-. 확정단가 수정발주
2024.02.28
단일판매 공급계약 체결
-. 계약명 : 소형무장헬기 2차 양산사업 회로카드조립체, 제어/그래픽용 외 4종 -. 계약금액 : 8,329,2021,200 -. 계약상대 : 한화시스템주식회사 -. 계약기간 : 24-02-26 ~ 26-12-31
-. 단가변경에 따른 계약금액 변경
2024.03.26
주요사항보고서(유상증자결정)
-. 주금납입금액 : 2,500,001,200 -. 주금납입일 : 2024년 04월 02일 -. 상장예정일 : 2024년 04월 23일
-. 유상증자 완료
2024.03.26
주요사항보고서(유상증자결정)
-. 주금납입금액 : 2,500,001,200원 -. 주금납입일 : 2025년 02월 28일 -. 상장예정일 : 2025년 03월 27일
-. 납입완료 (2025년 02월 28일)
2024.07.01
단일판매 공급계약 체결
-. 계약명 : 자주도하사업 -. 계약금액 : 3,193,863,000 -. 계약상대 : 한화에어로스페이스㈜ -. 계약기간 : 2024-07-01 ~ 2027-07-05
-. 진행중
2024.07.09
단일판매 공급계약 체결
-. 계약명 : FA-50 SMFD 회로카드조립체, 주제어반 외 1종 -. 계약금액 : 1,317,650,000 -. 계약상대 : 한화시스템주식회사 -. 계약기간 : 24-07-09 ~ 25-01-14
-. 납품완료
2024.07.17
단일판매 공급계약 체결
-. 계약명 : KF-21 임무컴퓨터(MC) 최초양산 -. 계약금액 : 4,565,344,260 -. 계약상대 : 한화시스템주식회사 -. 계약기간 : 2024-07-17 ~ 2026-04-30
-. 진행중
2024.11.20
단일판매 공급계약 체결
-. 계약명 : 회로카드조립체 -. 계약금액 : 2,800,881,276 -. 계약상대 : ㈜코리아디펜스인더스트리 -. 계약기간 : 2024-11-20 ~ 2025-11-30
-. 진행중
2. 단일판매·공급계약
(1) 진행상황
신고일자
계약내역
계약금액 총액
판매ㆍ공급금액
대금수령금액
당기
누적
당기
누적
2023-09-04
-. 계약명 : 회로카드조립체 -. 계약상대방 : ㈜코리아디펜스인더스트리 -. 계약기간 : 23.09.01 ~ 25.06.30
확정 계약금액 : 1,875,166,278
395,604,700
395,604,700
395,604,700
395,604,700
2024-02-28
-. 계약명 : 소형무장헬기 2차 양산사업 회로카드조립체, 제어/그래픽용 외 4종 -. 계약상대방 : 한화시스템주식회사 -. 계약기간 : 24.02.26 ~26.12.31
조건부 계약금액 : 8,329,201,200
1,666,014,000
1,666,014,000
1,666,014,000
1,666,014,000
2024-07-01
-. 계약명 : 자주도하사업 -. 계약상대방 : 한화에어로스페이스(주) -. 계약기간 : 24.07.01 ~ 27.07.05
조건부 계약금액 : 3,193,863,000
447,140,820
447,140,820
447,140,820
447,140,820
2024-07-09
-. 계약명 : FA50 SMFD 회로카드조립체, 주제어반 외 1종 -. 계약상대방 : 한화시스템주식회사 -. 계약기간 : 24.07.09 ~ 25.01.14
확정 계약금액 : 1,317,650,000
1,317,650,000
1,317,650,000
1,317,650,000
1,317,650,000
2024-07-17
-. 계약명 : KF-21 임무컴퓨터(MC) 최초양산 -. 계약상대방 : 한화시스템주식회사 -. 계약기간 : 24.07.17 ~ 26.04.30
조건부 계약금액 : 4,565,344,260
-
-
-
-
2024-11-20
-. 계약명 : 회로카드조립체 -. 계약상대방 : ㈜코리아디펜스인더스트리 -. 계약기간 : 24.11.20 ~ 25.11.30
확정 계약금액 : 2,800,881,276
1,499,341,813
1,499,341,813
1,499,341,813
1,499,341,813
(2) 대금 미수령 사유 -. 해당사항 없음(3) 향후 추진계획 -. 기존 중장기 매출계획대비 변동사항 없음"	"1. 공시내용 진행 및 변경사항
1. 공시내용 진행 및 변경사항
신고일자
제 목
신고내용
신고사항의 진행사항
2022.04.22
단일판매 공급계약 체결
-. 계약명 : 전술정보통신체계(TICN) 4차양산 회로카드조립체 외 6종 -. 계약금액 : 5,758,187,800 -. 계약상대 : 한화시스템㈜ -. 계약기간 : 2022-04-22 ~ 2023-11-24
-. 사업 종료
2023.09.04
단일판매 공급계약 체결
-. 계약명 : 회로카드조립체 -. 계약금액 : 1,875,166,278 -. 계약상대 : (주)코리아디펜스인더스트리 -. 계약기간 : 2023-09-01 ~ 2025-03-28
-. 확정단가 수정발주
2024.02.28
단일판매 공급계약 체결
-. 계약명 : 소형무장헬기 2차 양산사업 회로카드조립체, 제어/그래픽용 외 4종 -. 계약금액 : 8,329,2021,200 -. 계약상대 : 한화시스템주식회사 -. 계약기간 : 24-02-26 ~ 26-12-31
-. 단가변경에 따른 계약금액 변경
2024.03.26
주요사항보고서(유상증자결정)
-. 주금납입금액 : 2,500,001,200 -. 주금납입일 : 2024년 04월 02일 -. 상장예정일 : 2024년 04월 23일
-. 유상증자 완료
2024.03.26
주요사항보고서(유상증자결정)
-. 주금납입금액 : 2,500,001,200원 -. 주금납입일 : 2025년 02월 28일 -. 상장예정일 : 2025년 03월 27일
-. 납입완료 (2025년 02월 28일)
2024.07.01
단일판매 공급계약 체결
-. 계약명 : 자주도하사업 -. 계약금액 : 3,193,863,000 -. 계약상대 : 한화에어로스페이스㈜ -. 계약기간 : 2024-07-01 ~ 2027-07-05
-. 진행중
2024.07.09
단일판매 공급계약 체결
-. 계약명 : FA-50 SMFD 회로카드조립체, 주제어반 외 1종 -. 계약금액 : 1,317,650,000 -. 계약상대 : 한화시스템주식회사 -. 계약기간 : 24-07-09 ~ 25-01-14
-. 납품완료
2024.07.17
단일판매 공급계약 체결
-. 계약명 : KF-21 임무컴퓨터(MC) 최초양산 -. 계약금액 : 4,565,344,260 -. 계약상대 : 한화시스템주식회사 -. 계약기간 : 2024-07-17 ~ 2026-04-30
-. 진행중
2024.11.20
단일판매 공급계약 체결
-. 계약명 : 회로카드조립체 -. 계약금액 : 2,800,881,276 -. 계약상대 : ㈜코리아디펜스인더스트리 -. 계약기간 : 2024-11-20 ~ 2025-11-30
-. 진행중
2. 단일판매·공급계약
(1) 진행상황
신고일자
계약내역
계약금액 총액
판매ㆍ공급금액
대금수령금액
당기
누적
당기
누적
2023-09-04
-. 계약명 : 회로카드조립체 -. 계약상대방 : ㈜코리아디펜스인더스트리 -. 계약기간 : 23.09.01 ~ 25.06.30
확정 계약금액 : 1,875,166,278
395,604,700
395,604,700
395,604,700
395,604,700
2024-02-28
-. 계약명 : 소형무장헬기 2차 양산사업 회로카드조립체, 제어/그래픽용 외 4종 -. 계약상대방 : 한화시스템주식회사 -. 계약기간 : 24.02.26 ~26.12.31
조건부 계약금액 : 8,329,201,200
1,666,014,000
1,666,014,000
1,666,014,000
1,666,014,000
2024-07-01
-. 계약명 : 자주도하사업 -. 계약상대방 : 한화에어로스페이스(주) -. 계약기간 : 24.07.01 ~ 27.07.05
조건부 계약금액 : 3,193,863,000
447,140,820
447,140,820
447,140,820
447,140,820
2024-07-09
-. 계약명 : FA50 SMFD 회로카드조립체, 주제어반 외 1종 -. 계약상대방 : 한화시스템주식회사 -. 계약기간 : 24.07.09 ~ 25.01.14
확정 계약금액 : 1,317,650,000
1,317,650,000
1,317,650,000
1,317,650,000
1,317,650,000
2024-07-17
-. 계약명 : KF-21 임무컴퓨터(MC) 최초양산 -. 계약상대방 : 한화시스템주식회사 -. 계약기간 : 24.07.17 ~ 26.04.30
조건부 계약금액 : 4,565,344,260
-
-
-
-
2024-11-20
-. 계약명 : 회로카드조립체 -. 계약상대방 : ㈜코리아디펜스인더스트리 -. 계약기간 : 24.11.20 ~ 25.11.30
확정 계약금액 : 2,800,881,276
1,499,341,813
1,499,341,813
1,499,341,813
1,499,341,813
(2) 대금 미수령 사유
[KF-21 임무컴퓨터(MC) 최초양산]
: 계약서상 공급 이행 기한이 도래하지 않아 대금수령 전으로, 대금지급조건에 따라 대금수령 진행 예정입니다. (3) 향후 추진계획
신고일자
계약내역
예정사항
향후 추진계획
공급 이행
대금수령
2023-09-04
회로카드조립체
-
-
해당 수주 전량 납품 완료
2024-02-28
소형무장헬기 2차 양산사업
2027년 1월까지 매월 정기 납품
세금계산서 발행 후 10,20,말일 대금 수령
27년 1월까지 매월 정기수량 납품계획
2024-07-01
자주도하사업
2027년 6월까지 매월 정기 납품
세금계산서 발행 후 10,20,말일 대금 수령
27년 6월까지 매월 정기수량 납품계획
2024-07-09
FA50 SMFD 회로카드조립체
-
-
해당 수주 전량 납품 완료
2024-07-17
KF-21 임무컴퓨터(MC)
2025년 하반기 중 납품 계획
세금계산서 발행 후 10,20,말일 대금 수령
2024-11-20
회로카드조립체
2025년 8월 중 공급이행
세금계산서 발행 후 10,20,말일 대금 수령
25년 8월 잔량 납품"	ok
20250814002660	현대차증권	예	Ⅵ 3. 주주총회 등에 관한 사항	기재 누락	20250320001241	"3. 주주총회 등에 관한 사항
가. 투표제도 현황
- 당사 이사회는 2017년 3월 17일 의결권 행사에 있어 주주 편의를 제고하기 위하여 상법 제368조의4(전자적 방법에 의한 의결권의 행사)에 따라 전자투표제를 채택하였으며 제63기 정기주주총회부터 전자투표제를 시행하였습니다. 한편, 당사는 집중투표제 및 서면투표제를 채택하고 있지 않습니다.
(기준일 :
2024년 12월 31일
)
투표제도 종류
집중투표제
서면투표제
전자투표제
도입여부
배제
미도입
도입
실시여부
미실시
미실시
제63기 정기주주총회부터 실시
나. 의결권 현황
(기준일 :
2024년 12월 31일
)
(단위 : 주)
구 분
주식의 종류
주식수
비고
발행주식총수(A)
보통주
31,712,562
-
우선주
7,042,728
-
의결권없는 주식수(B)
보통주
-
-
우선주
7,042,728
-
정관에 의하여 의결권 행사가 배제된 주식수(C)
보통주
-
-
우선주
-
-
기타 법률에 의하여의결권 행사가 제한된 주식수(D)
보통주
-
-
우선주
-
-
의결권이 부활된 주식수(E)
보통주
-
-
우선주
-
-
의결권을 행사할 수 있는 주식수(F = A - B - C - D + E)
보통주
31,712,562
-
우선주
-
-"	"3. 주주총회 등에 관한 사항
가. 투표제도 현황
- 당사 이사회는 2017년 3월 17일 의결권 행사에 있어 주주 편의를 제고하기 위하여 상법 제368조의4(전자적 방법에 의한 의결권의 행사)에 따라 전자투표제를 채택하였으며 제63기 정기주주총회부터 전자투표제를 시행하였습니다. 한편, 당사는 집중투표제 및 서면투표제를 채택하고 있지 않습니다.
(기준일 :
2024년 12월 31일
)
투표제도 종류
집중투표제
서면투표제
전자투표제
도입여부
배제
미도입
도입
실시여부
미실시
미실시
제63기 정기주주총회부터 실시
나. 의결권 현황
(기준일 :
2024년 12월 31일
)
(단위 : 주)
구 분
주식의 종류
주식수
비고
발행주식총수(A)
보통주
31,712,562
-
우선주
7,042,728
-
의결권없는 주식수(B)
보통주
-
-
우선주
7,042,728
-
정관에 의하여 의결권 행사가 배제된 주식수(C)
보통주
-
-
우선주
-
-
기타 법률에 의하여의결권 행사가 제한된 주식수(D)
보통주
-
-
우선주
-
-
의결권이 부활된 주식수(E)
보통주
-
-
우선주
-
-
의결권을 행사할 수 있는 주식수(F = A - B - C - D + E)
보통주
31,712,562
-
우선주
-
-
다. 소수주주권 행사여부
- 제71기 (당기)
행사자
소수주주권 내용
목적사항포함여부
거부사유
진행경과
강ㅇㅇ
주주제안권(2025.02.05)- 현금배당 500원/주당 - 이사 보수한도 감액
포함
-
- 제안 접수일 : 2025.02.05- 해당 안건들은 제71기 정기주주총회(2025.03.27)에 상정되었으며, '현금배당 500원/주당' 안건은 주주총회에서 부결, '이사 보수한도는 제안사항을 회사에서 받아들여 감액한 이사 보수한도 30억원으로 상정하여' 가결 되었음
라. 주주총회의사록 요약
주총일자
안 건
결의 내용
주요 논의내용
제71기정기주주총회(2025.03.27)
제1-1호의안 : 제71기(2024.01.01~2024.12.31) 재무제표 (이익잉여금처분계산서 제외) 승인의 건제1-2호 의안 : 제71기 이익잉여금처분계산서 승인의 건 제1-2-1호 : 현금배당 : 보통주 주당 180원, 우선주 주당 418원 (회사 안) 제1-2-2호 : 현금배당 : 유상증자 전 기준 보통주 주당 500원, 우선주 주당 500원 (주주제안)제2호의안 : 정관 일부 변경의 건제3호의안 : 이사 선임의 건 제3-1호 : 양영근 제3-2호 : 윤석남 제3-3호 : 이종실제4호의안 : 감사위원이 되는 사외이사 선임의 건 (강장구)제5호의안 : 감사위원 선임의 건 제5-1호 : 윤석남 제5-2호 : 이종실제6호의안 : 이사 보수한도 승인의 건
제1-1호의안원안 가결제1-2호의안(회사 안)원안 가결(주주제안)제1-2-1호 가결에 따라 자동부결제2호의안원안 가결제3호의안원안 가결제4호의안원안 가결제5호의안원안 가결제6호의안원안 가결
<연결기준>- 자산총계 : 119,920억, 부채총계 : 106,899억, 자본총계 : 13,021억- 영업수익 : 17,956억, 영업이익 : 547억, 당기순이익 : 362억<별도기준>- 자산총계 : 114,240억, 부채총계 : 101,296억, 자본총계 : 12,944억- 영업수익 : 17,679억, 영업이익 : 546억, 당기순이익 : 363억- 배당내역 : 현금배당, 총 141억원(1주당: 보통주 180원, 우선주 418원)- 배당내역 : 현금배당, 총 194억원(1주당: 보통주 500원, 우선주 500원)- 금융회사의 지배구조에 관한 법률 일부개정(`24.1.2) 및 시행(`24.7.3) 으로 이사회 내 내부통제위원회 설치 의무화를 위한 정관 일부 개정- 사내이사 : 양영근 (신규선임, 3년)- 사외이사 : 윤석남 (재선임, 2년)- 사외이사 : 이종실 (재선임, 3년)- 감사위원이 되는 사외이사 : 강장구 (재선임, 2년)- 감사위원 : 윤석남 (재선임, 2년)- 감사위원 : 이종실 (재선임, 3년)- 이사 보수 한도 : 30억
제70기정기주주총회(2024.03.21)
제1호의안 : 제70기(2023.01.01~2023.12.31) 재무제표 승인의 건제2호의안 : 이사 선임의 건 제2-1호 : 배형근 제2-2호 : 윤석남제3호의안 : 감사위원이 되는 사외이사 선임의 건 (강장구)제4호의안 : 감사위원 선임의 건 (윤석남)제5호의안 : 이사 보수한도 승인의 건
원안 가결
<연결기준>- 자산총계 : 115,853억, 부채총계 : 103,075억, 자본총계 : 12,778억- 영업수익 : 15,822억, 영업이익 : 652억, 당기순이익 : 535억<별도기준>- 자산총계 : 109,725억, 부채총계 : 97,026억, 자본총계 : 12,699억- 영업수익 : 15,686억, 영업이익 : 654억, 당기순이익 : 540억- 배당내역 : 현금배당, 총 156억원(1주당: 보통주 400원, 우선주 418원)- 사내이사 : 배형근 (신규선임, 3년)- 사외이사 : 윤석남 (재선임, 1년)- 감사위원이 되는 사외이사 : 강장구 (재선임, 1년)- 감사위원 : 윤석남 (재선임, 1년)- 이사 보수 한도 : 45억
제69기정기주주총회(2023..03.23)
제1호의안 : 제69기(2022.01.01~2022.12.31) 재무제표 승인의 건제2호의안 : 정관 일부 변경의 건제3호의안 : 이사 선임의 건 제3-1호 : 최병철 제3-2호 : 도신규제4호의안 : 이사 보수한도 승인의 건
원안 가결
<연결기준>- 자산총계 : 102,331억, 부채총계 : 90,084억, 자본총계 : 12,246억- 영업수익 : 11,860억, 영업이익 : 1,146억, 당기순이익 : 871억<별도기준>- 자산총계 : 94,318억, 부채총계 : 82,155억, 자본총계 : 12,162억- 영업수익 : 11,478억, 영업이익 : 1,070억, 당기순이익 : 802억- 배당내역 : 현금배당, 총 204억원(1주당: 보통주 550원, 우선주 418원)- 주주권리 보호를 위한 배당기준일 설정 변경 반영- 사내이사 : 최병철 (재선임, 3년)- 사내이사 : 도신규 (신규선임, 3년)- 이사 보수 한도 : 45억
마. 주식 사무
정관상신주인수권의내용
제9조 (주식의 발행 및 배정) ① 이 회사가 이사회 또는 이사회로부터 위임받은 위원회의 결의로 신주를 발행하는 경우 다음 각 호의 방식에 의한다.
1. 주주에게 그가 가진 주식 수에 따라서 신주를 배정하기 위하여 신주인수의
청약을 할 기회를 부여하는 방식
2. 발행주식총수의 100분의 50을 초과하지 않는 범위 내에서 신기술의 도입, 재무구조의 개선 등 회사의 경영상 목적을 달성하기 위하여 필요한 경우 제1호 외의 방법으로 특정한 자(이 회사의 주주를 포함한다)에게 신주를 배정하기 위하여 신주인수의 청약을 할 기회를 부여하는 방식
3. 발행주식총수의 100분의 50을 초과하지 않는 범위 내에서 제1호 외의 방법으로 불특정 다수인(이 회사의 주주를 포함한다)에게 신주인수의 청약을 할 기회를 부여하고 이에 따라 청약을 한 자에 대하여 신주를 배정하는 방식
② 제1항 제3호의 방식으로 신주를 배정하는 경우에는 이사회 또는 이사회로부터 위임받은 위원회 결의로 다음 각 호의 어느 하나에 해당하는 방식으로 신주를 배정하여야 한다.
1. 신주인수의 청약을 할 기회를 부여하는 자의 유형을 분류하지 아니하고 불특정 다수의 청약자에게 신주를 배정하는 방식
2. 관계 법령에 따라 우리사주조합원에 대하여 신주를 배정하고 청약되지 아니한 주식까지 포함하여 불특정 다수인에게 신주인수의 청약을 할 기회를 부여하는 방식
3. 주주에 대하여 우선적으로 신주인수의 청약을 할 수 있는 기회를 부여하고 청약되지 아니한 주식이 있는 경우 이를 불특정 다수인에게 신주를 배정받을 기회를 부여하는 방식
4. 투자매매업자 또는 투자중개업자가 인수인 또는 주선인으로서 마련한 수요예측 등 관계 법규에서 정하는 합리적인 기준에 따라 특정한 유형의 자에게 신주인수의 청약을 할 수 있는 기회를 부여하는 방식
③ 제1항 제2호 및 제3호에 따라 신주를 배정하는 경우 상법 제416조제1호, 제2호, 제2호의2, 제3호 및 제4호에서 정하는 사항을 그 납입기일의 2주 전까지 주주에게 통지하거나 공고하여야 한다. 다만, 자본시장과 금융투자업에 관한 법률 제165조의9에 따라 주요사항보고서를 금융위원회 및 거래소에 공시함으로써 그 통지 및 공고를 갈음할 수 있다.
④ 제1항 각호의 어느 하나의 방식에 의해 신주를 발행할 경우에는 발행할 주식의 종류와 수 및 발행가격 등은 이사회 또는 이사회로부터 위임받은 위원회의 결의로 정한다.
⑤ 회사는 신주를 배정하는 경우 그 기일까지 신주인수의 청약을 하지 아니하거나 그 가액을 납입하지 아니한 주식이 발생하는 경우에 그 처리방법은 발행가액의 적정성 등 관련 법령에서 정하는 바에 따라 이사회 또는 이사회로부터 위임받은 위원회의 결의로 정한다.
⑥ 회사는 신주를 배정하면서 발생하는 단주에 대한 처리방법은 이사회 또는 이사회로부터 위임받은 위원회의 결의로 정한다.
⑦ 회사는 제1항 제1호에 따라 신주를 배정하는 경우에는 주주에게 신주인수권증서를 발행하여야 한다.
결 산 일
12월 31일
정기주주총회
매 사업년도 종료후 3개월 이내
주주명부폐쇄시기
매년 1월 1일부터 1월 7일까지
주식 및 신주인수권증서에 표시되어야 할 권리의 전자등록
주권 및 신주인수권증서를 발행하는 대신 전자등록기관의 전자등록계좌부에 주식 및 신주인수권증서에 표시되어야 할 권리를 전자등록한다.
명의개서대리인
한국예탁결제원
주주의 특전
없 음
공고
회사 홈페이지 (https://www.hmsec.com)※ 전산장애로 홈페이지 공고 불가시 : 한국경제신문"	ok
20250814002587	다원시스	예	XI. 1. 공시내용 진행 및 변경사항	미기재사항 보완제출	20250320000919	"1. 공시내용 진행 및 변경사항
- 당사는 작성기준일 현재 한국거래소 등을 통해 공시한 사항의 주요내용이 변경된 사실 이 없습니다."	"1. 공시내용 진행 및 변경사항
가. 공시사항의 진행ㆍ변경사항
신고일자
제 목
신고내용
신고사항의 진행사항
2018-12-28
투자판단 관련 주요경영사항
1. 제목: 간선형전기동차(EMU-150) 150량 구매 낙찰자 선정2. 주요내용 - 거래처 : 한국철도공사 - 낙찰금액 : 246,818,181,818 (VAT 제외) - 확인일자 : 2018-12-28 - 납품기한 : 계약체결일로부터 2021년 8월 31일까지
1. 본 계약 낙찰에 따른 단일판매ㆍ공급계약 체결 - 최초공시 : 2019.01.02 - 최종공시 : 2024.12.03
2020-06-04
투자판단 관련 주요경영사항
1. 제목: 4호선 신조전동차(210칸) 구매 낙찰자 선정2. 주요내용 - 거래처 : 서울교통공사 - 낙찰금액 : 245,181,818,181원(VAT제외) - 확인일자 : 2020-06-04 - 납품기한 : 계약체결일로부터 2024년 5월 5일까지
1. 본 계약 낙찰에 따른 단일판매ㆍ공급계약 체결 - 최초공시 : 2020.06.15 - 최종공시 : 2025.04.11
2021-12-07
투자판단 관련 주요경영사항
1. 제목: 5,8호선 신조전동차(298칸) 구매 낙찰자 선정2. 주요내용 - 거래처 : 서울교통공사 - 낙찰금액 : 331,181,818,182원(VAT제외) - 확인일자 : 2021-12-07 - 납품기한 : 계약체결일로부터 2025년 6월 30일까지
1. 본 계약 낙찰에 따른 단일판매ㆍ공급계약 체결 - 최초공시 : 2021.12.15 - 최종공시 : 2025.06.30
2022-05-30
투자판단 관련 주요경영사항
1. 제목: 인천도시철도 1호선 검단연장선 및 서울도시철도 7호선 청라연장선 전기동차 제작구매2. 주요내용 - 거래처 : 인천광역시 도시철도건설본부 - 낙찰금액 : 88,818,181,818원(VAT제외) - 확인일자 : 2022-05-30 - 납품기한 : 계약체결일로부터 2027년 12월 31일까지
1. 본 계약 낙찰에 따른 단일판매ㆍ공급계약 체결 - 최초공시 : 2022.06.09 - 최종공시 : 2025.02.12
2023-01-19
투자판단 관련 주요경영사항
1. 제목: 용인경량전철 운영 및 유지보수 우선협상대상자 선정2. 주요내용 - 발주처 : 용인경량전철주식회사 - 계약금액 : 238,502,000,000원 - 확인일자 : 2023-01-18 - 계약기간 : 운영 개시일로부터 10년
1. 본 사업을 위한 별도 법인을 설립 및 출자하여 진행중에 있습니다.
2023-11-20
투자판단 관련 주요경영사항
1. 제목: 5,7호선 신조전동차(216칸) 구매 낙찰자 선정2. 주요내용 - 거래처 : 서울교통공사 - 낙찰금액 : 217,963,636,363원(VAT제외) - 확인일자 : 2023-11-20 - 납품기한 : 계약체결일로부터 2027년 8월 13일까지
1. 본 계약 낙찰에 따른 단일판매ㆍ공급계약 체결 - 최초공시 : 2023.12.01
2024-04-26
투자판단 관련 주요경영사항
1. 제목: EMU-150 116량 구매 낙찰자 선정2. 주요내용 - 거래처 : 한국철도공사 - 낙찰금액 : 220,818,181,818원(VAT제외) - 확인일자 : 2024-04-26 - 납품기한 : 계약체결일로부터 2028년 1월 31일까지
1. 본 계약 낙찰에 따른 단일판매ㆍ공급계약 체결 - 최초공시 : 2024.04.30
2024-07-30
투자판단 관련주요경영사항
1. 제목: 도봉산~옥정 광역철도 전동차 제작구매 낙찰자 선정2. 주요내용 - 거래처 : 경기도청 북부청사 - 낙찰금액 : 49,881,818,181원(VAT제외) - 확인일자 : 2024-07-30 - 납품기한 : 계약체결 후 1,440일 이내
1. 본 계약 낙찰에 따른 단일판매ㆍ공급계약 체결 - 최초공시 : 2024.08.06
2024-12-23
투자판단 관련주요경영사항
1. 제목: 도시철도 9호선 전동차 24칸 제작구매 낙찰자 선정2. 주요내용 - 거래처 : 서울특별시 도시기반시설본부 - 낙찰금액 : 35,952,700,000원(VAT제외) - 확인일자 : 2024-12-23 - 납품기한 : 계약 후 1,580일 이내
1. 본 계약 낙찰에 따른 단일판매ㆍ공급계약 체결 - 최초공시 : 2024.12.27
나. 단일판매ㆍ공급계약체결 공시한 계약 진행상황
(1) 진행상황 (기준일 : 2024년 12월 31일)
(단위 : 백만원)
신고일자
계약내역
판매ㆍ공급금액
대금수령액
계약명
계약상대방
계약기간
계약금액
당기
누적
당기
누적
2011-08-162023-08-29(정정)
국제핵융합실험로(ITER:International Thermonuclear Experimental Reactor)초전도자석 전원장치 공급
한국핵융합에너지연구원
2011.08.12~2026.06.30
68,392
818
67,368
818
67,368
2019-01-022024-12-03(정정)
간선형전기동차(EMU-150) 150량 구매
한국철도공사
2018.12.31~2026.06.25
246,890
20,064
207,320
7,059
171,362
2019-05-292023-12-27(정정)
신안산선 북선전철 민간투자사업 철도차량제작 및 공급
(주)포스코건설
2019.05.28~2026.12.09
174,749
3,921
61,370
3,921
61,370
2019-11-202025-06-16(정정)
간선형전기동차(EMU-150) 208량 구매
한국철도공사
2019.11.20~(-)
364,021
-
223,407
-
233,407
2020-06-152025-04-11(정정)
4호선 신조전동차(210칸) 구매
서울교통공사
2020.06.15~2025.08.28
279,338
46,599
206,401
27,705
177,293
2021-12-152025-06-30(정정)
5,8호선 신조전동차(298칸) 구매
서울교통공사
2021.12.15~2027.06.30
339,405
-
174,878
-
174,878
2022-06-092025-02-12(정정)
인천도시철도 1호선 검단연장선 및 서울도시철도 7호선 청라연장선 전기동차 제작구매
인천광역시도시철도건설본부 관리부
2022.06.09~2027.12.31
101,217
19,000
47,181
19,000
47,181
2023-12-01
5,7호선 신조전동차(216칸) 구매
각 수요기관(서울교통공사, 경기도부천시, 인천교통공사)
2023.12.01~2027.08.13
217,964
24,695
24,832
24,695
24,832
2024-04-30
EMU-150 116량
한국철도공사
2024.04.26~2028.01.31
220,818
-
-
-
-
2024-08-06
도봉산~옥정 광역철도 전동차 제작구매
경기도청 북부청사
2024.08.08~2028.07.18
49,882
22,727
22,727
22,727
22,727
2024-12-27
도시철도 9호선 전동차 24칸 제작구매
서울특별시도시기반시설본부
2024.12.26~2029.04.24
35,953
-
-
-
-
※ 상기 신고일자는 최초 공시 일자 및 최종 정정 공시 일자입니다.※ 상기 '계약금액', '판매ㆍ공급금액', '대금수령액'은 부가세 제외 금액입니다.(2) 대금 미수령 사유 - 현재 사업 수행 중이거나, 계약서상 대금지급조건 기한이 도래하지 않아 대금수령 전으로 각 계약별 대금지급조건에 따라 대금수령 진행 예정입니다.(3) 향후 추진계획 - 당사는 체결된 계약에 따라 납품 및 대금을 수령할 예정이며 향후 계약내역과 관련하여 변동사항이 생길 경우에는 「단일판매ㆍ공급계약체결 」정정공시를 통해 안내할 예정입니다."	ok
20250814002553	쌍방울	여	XI. 그 밖에 투자자 보호를 위하여 필요한 사항	금융감독원의 기재 누락사항 정정요구	20250321001840	"XI. 그 밖에 투자자 보호를 위하여 필요한 사항
1. 공시내용 진행 및 변경사항
일자
보고서명
비고
2024.02.23
정정) 단일판매 공급계약체결
-
2024.02.29
매출액또는손익구조30%이상변경
-
2024.03.14
주주총회소집결의주주총회집중일개최사유신고주주총회소집공고의결권대리행사권유참고서류
-
2024.03.21
감사보고서제출사업보고서 제출
-
2024.03.29
정기주주총회결과
-
2024.05.16
1분기보고서 제출
-
2024.07.17
횡령·배임사실확인
2024.07.22
감자결정주주총회소집결의주주명부폐쇄기간또는 기준일설정
-
2024.08.14
반기보고서정정)주주총회소집결의주주총회소집공고의결권대리행사권유참고서류
-
2024.08.27
정정)감자결정정정)주주총회소집공고정정)의결권대리행사권유참고서류
-
2024.09.20
임시주주총회결과
-
2. 우발부채 등에 관한 사항
당기말 현재 금융기관과 당좌차월 등의 약정한도액, 사용액, 미사용잔액 등의 내용은 다음과 같습니다.
(원화단위 : 천원)
금융기관명
구 분
한도액
사용액
미사용액
농협은행
매출채권담보대출(*1)
3,000,000
-
3,000,000
외국환한도(*2)(*3)
USD 3,000,000
USD 618,293
USD 2,381,707
국민은행
원화회전대출(*4)
950,000
950,000
-
원화회전대출(*4)
950,000
950,000
-
한국투자증권㈜
한도대출
20,000,000
-
20,000,000
중국건설은행
일반자금대출
CNY 18,000,000
CNY 16,800,000
CNY 1,200,000
중국공상은행
일반자금대출
CNY 14,500,000
CNY 8,000,000
CNY 6,500,000
원화합계
24,900,000
1,900,000
23,000,000
외화합계
USD 3,000,000
USD 407,754
USD 2,592,246
CNY 29,500,000
CNY 29,500,000
CNY 0
(*1) 매출채권담보대출 관련하여 연결실체의 정기예금 3,000,000천원이 질권설정되어 있습니다(주석 6, 31 참조).(*2) 당분기말 현재 수입신용장개설약정과 관련하여 지급보증 개설액(L/C Open 금액) USD 841,612이 존재합니다.(*3) 동 외국환한도대출과 관련하여 연결실체의 정기예금 USD 3,000,000이 질권설정되어 있습니다(주석 6, 31 참조).(*4) 동 원화회전대출과 관련하여 연결실체의 정기예금 2,000,000천원이 질권설정되어 있습니다(주석 6, 31 참조).
(2) 당분기말 현재 당사가 피고로 계류되어 있는 소송사건은 없습니다.
(3) 횡령ㆍ배임연결실체는 전 임원의 횡령, 배임 및 특정경제범죄가중처벌등에관한법률 위반 등의 혐의로 공소 제기된 사실을 인지하고 2023년 7월 11일 한국거래소에 해당 사실을 공시하였습니다. 총 혐의발생금액은 13,481백만원이며 이 중 부당대여금 3,000백만원은 2020년 1월 20일 대여 후 2020년 4월 14일 전액 회수되었으며, 2023년 7월 5일 기소된 2,000백만원(횡령)은 2020년 3월 23일 유출 후 2020년 9월 4일 전액회수하여, 미회수된 기타 배임, 횡령 관련 금액은 8,481백만원입니다. 2024년 7월 12일 상기 미회수된 기타 배임, 횡령 관련 금액 8,481백만원 중 334백만원에 대한 1심 판결이 있었으며, 나머지 금액은 소송 진행 중입니다.(4) 주권 매매거래정지 및 개선기간의 부여상기 횡령, 배임 사건으로 인한 한국거래소의 상장폐지 결정(2023년 9월 15일)에 대하여 연결실체는 상장폐지 관련 이의신청(2023년 10월 13일)을 하였으며, 한국증권거래소는 유가증권시장 상장공시위원회의 심의(2023년 12월 22일)를 거쳐 2024년 12월 22일까지 개선기간 부여를 결정하였으며, 동 개선기간 중에는 연결실체 발행 주권의 매매거래정지가 지속됨을 결정하였습니다.
(5) 견질 또는 담보용 어음ㆍ수표 현황 -해당사항 없습니다.
3. 제재 등과 관련된 사항
<표1>
단기매매차익 발생 및 환수현황
(대상기간 : 2011.01.01. ~ 2024.12.31.)
(단위 : 건, 원)
증권선물위원회(금융감독원장)으로부터 통보받은단기매매차익 현황
단기매매차익 환수 현황
단기매매차익 미환수 현황
건수
3
2
1
총액
54,593,371
2,450,153
52,143,218
<표2>
단기매매차익 미환수 현황
(대상기간 : 2011.01.01. ~ 2024.12.31.)
(단위 : 원)
차익취득자와 회사의 관계
단기매매차익발생사실통보일
단기매매차익 통보금액
환수금액
미환수금액
반환청구여부
반환청구조치계획
제척기간
공시여부
차익 취득시
작성일 현재
임원
퇴직
2013년 03월 27일
52,143,218
-
52,143,218
반환청구요청
내용증명 발송 및 민사소소진행(지급명령)
2013년 03월 27일 ~ 2013년 06월 27일
-
합 계 (
1
건)
52,143,218
-
52,143,218
※ 해당 법인의 주주(주권 외의 지분증권이나 증권예탁증권을 소유한 자를 포함)는 그 법인으로 하여금 단기매매차익을 얻은 자에게 단기매매차익의 반환청구를 하도록 요구할 수 있으며, 그 법인이 요구를 받은 날부터 2개월 이내에 그 청구를 하지 아니하는 경우에는 그 주주는 그 법인을 대위(代位)하여 청구할 수 있다(자본시장법시행령 제197조)
※ 해당 법인의 주주(주권 외의 지분증권이나 증권예탁증권을 소유한 자를 포함)는 그 법인으로 하여금 단기매매차익을 얻은 자에게 단기매매차익의 반환청구를 하도록 요구할 수 있으며, 그 법인이 요구를 받은 날부터 2개월 이내에 그 청구를 하지 아니하는 경우에는 그 주주는 그 법인을 대위(代位)하여 청구할 수 있다(자본시장법시행령 제197조)
(2) 기타
- 마스크 관련 단일판매 공급계약 변경 공시로 인하여 불성실 공시법인 지정(2024.03.15) 되었습니다. (최초 124억 → 변경 25억)
- 공시위반제재금으로(14,000,000원) 대체 하여 불성실 공시법인 지정에 따른 벌점은 부과 되지 않았습니다.
4. 작성기준일 이후 발생한 주요사항 등 기타사항
(1) 당사의 최대주주인 주식회사 광림은 2025년 1월 20일을 기준일로 하여 소유하고있는 보통주식 632,297주(지분율 12.04%)를 주식회사 세계프라임개발에 매도하였습니다. 이에 따라 2025년 1월 20일자로 당사의 최대주주가 주식회사 광림에서 주식회사 세계프라임개발로 변경되었습니다.(2) 당사는 2025년 1월 9일 이사회에서 주식회사 광림이 보유하고 있는 주식회사 비비안의 보통주식 1,145,340주(지분율 3.85%)를 주당 914원에 매수하기로 결의하였으며, 2025년 1월 23일에 주식회사 광림과 주식 양수도 계약을 체결하였습니다. 또한, 2025년 2월 3일에 주식회사 광림이 보유한 주식을 양수함에 따라 주식 매수 이후지분율은 17.31%로 변경되었습니다.(3) 주권 매매거래정지 및 개선기간의 부여당사는 횡령, 배임 사건으로 인한 한국거래소의 상장폐지 결정(2023년 9월 15일)에 대하여 상장폐지 관련 이의신청(2023년 10월 13일)을 하였습니다. 한국증권거래소는 유가증권시장 상장공시위원회의 심의(2023년 12월 22일)를 거쳐 개선기간을 부여하였으며, 당사는 2025년 1월 2일에 개선계획 이행내역서 등을 제출하였습니다. 한국증권거래소는 2025년 1월 23일 및 2월 11일 유가증권시장 상장공시위원회를 개최하여 개선계획 이행 및 상장폐지 여부를 심의하였으며, 2025년 2월 11일에상장폐지가 결정되었습니다. 거래소의 상장폐지 결정에 대하여 당사는 2025년 2월 12일 효력정지 가처분 신청을 접수하였습니다.
(4) 외국지주회사의 자회사 현황- 해당사항 없음"	"XI. 그 밖에 투자자 보호를 위하여 필요한 사항
1. 공시내용 진행 및 변경사항
가. 전 임원의 배임 횡령으로 인한 상장 폐지 사유 발생의 건
1) 당사 2023년 7월 7일 전 임원의 배임 횡령으로 인한 상장 폐지의 사유가 발생하였으며 이로 인하여 주식이 거래정지 되었습니다. 이후 기업심의위원회에서 상장적격성실질심사를 진행하였으며 2023년 9월 15일 상장폐지를 결정하였습니다. 이에 당 연결실체는 2023년 10월 13일 상장폐지에 대한 이의신청서를 접수하였으며 2023년 12월 22일 2024년 12월 22일까지의 개선기간을 부여 받았습니다.2) 공시기간 이후 제출일 현재 기준으로 당사는 2025년 1월 2일 개선계획 이행 내역서 등을 기업심의위원회에 제출하였으며 이후 2025년 2월 11일 상장공시위원회 개최 결과 상장폐지가 결정되었으며 당사는 2025년 2월 12일 상장폐지에 결정에 대한 효력정지 가처분 신청을 진행하였습니다.
나. 횡령ㆍ배임 혐의발생의 건
1) 당사는 현재 2건의 횡령, 배임에 관한 공시를 진행 한 바 있습니다.
공시일자
내용
금액
비고
2023.07.11
전 회장 김00 횡령 및 배임의 건 피소
13,481,354,166
2024.07.17
전 회장 김00 횡령 배임등의 혐의에 대한 판결 결과
325,950,843
주1)
주1) 상기 판결에 대한 공시는 당사 횡령, 배임 공시 관련 일부 판결 금액이며 이를 제외한 재판은 현재 진행중에 있습니다.(횡령 등 금액 13,481,353,166원 중 일부 판결 325,950,843원) 유죄 판결된 326백만원은 2025년 1월 17일 회수하였습니다.
다. 단일판매 공급계약 체결의 건
1) 당사는 2020년 3월 5일 단일판매 공급계약 채결 공시를 진행한 바 있습니다.
공시일자
내용
계약금액총액
판매ㆍ공급 금액
대금수령금액
비고
당기
누적
당기
누적
2020.03.05
TRY미세초'방역마스크 공급계약(KF94등급)
12,411,000,000
-
12,411,000,000
-
12,411,000,000
2024.02.23
TRY미세초'방역마스크 공급계약(KF94등급) 계약금액 변경
2,540,559,510
-
2,540,559,510
-
2,540,559,510
주1)
주1) 단일판매, 공급계약의 계약금액 변경으로 공시를 진행하였으며 보고일 현재 계약은 완료돠었습니다. 해당 계약의 변경으로 인하여 2024년 3월 18일 불성실공시 법인으로 지정되었으며 재재금 14백만원을 납부하였습니다.
2. 우발부채 등에 관한 사항
당기말 현재 금융기관과 당좌차월 등의 약정한도액, 사용액, 미사용잔액 등의 내용은 다음과 같습니다.
(원화단위 : 천원)
금융기관명
구 분
한도액
사용액
미사용액
농협은행
매출채권담보대출(*1)
3,000,000
-
3,000,000
외국환한도(*2)(*3)
USD 3,000,000
USD 618,293
USD 2,381,707
국민은행
원화회전대출(*4)
950,000
950,000
-
원화회전대출(*4)
950,000
950,000
-
한국투자증권㈜
한도대출
20,000,000
-
20,000,000
중국건설은행
일반자금대출
CNY 18,000,000
CNY 16,800,000
CNY 1,200,000
중국공상은행
일반자금대출
CNY 14,500,000
CNY 8,000,000
CNY 6,500,000
원화합계
24,900,000
1,900,000
23,000,000
외화합계
USD 3,000,000
USD 407,754
USD 2,592,246
CNY 29,500,000
CNY 29,500,000
CNY 0
(*1) 매출채권담보대출 관련하여 연결실체의 정기예금 3,000,000천원이 질권설정되어 있습니다(주석 6, 31 참조).(*2) 당분기말 현재 수입신용장개설약정과 관련하여 지급보증 개설액(L/C Open 금액) USD 841,612이 존재합니다.(*3) 동 외국환한도대출과 관련하여 연결실체의 정기예금 USD 3,000,000이 질권설정되어 있습니다(주석 6, 31 참조).(*4) 동 원화회전대출과 관련하여 연결실체의 정기예금 2,000,000천원이 질권설정되어 있습니다(주석 6, 31 참조).
(2) 당분기말 현재 당사가 피고로 계류되어 있는 소송사건은 없습니다.
(3) 횡령ㆍ배임연결실체는 전 임원의 횡령, 배임 및 특정경제범죄가중처벌등에관한법률 위반 등의 혐의로 공소 제기된 사실을 인지하고 2023년 7월 11일 한국거래소에 해당 사실을 공시하였습니다. 총 혐의발생금액은 13,481백만원이며 이 중 부당대여금 3,000백만원은 2020년 1월 20일 대여 후 2020년 4월 14일 전액 회수되었으며, 2023년 7월 5일 기소된 2,000백만원(횡령)은 2020년 3월 23일 유출 후 2020년 9월 4일 전액회수하여, 미회수된 기타 배임, 횡령 관련 금액은 8,481백만원입니다. 2024년 7월 12일 상기 미회수된 기타 배임, 횡령 관련 금액 8,481백만원 중 334백만원에 대한 1심 판결이 있었으며, 나머지 금액은 소송 진행 중입니다.(4) 주권 매매거래정지 및 개선기간의 부여상기 횡령, 배임 사건으로 인한 한국거래소의 상장폐지 결정(2023년 9월 15일)에 대하여 연결실체는 상장폐지 관련 이의신청(2023년 10월 13일)을 하였으며, 한국증권거래소는 유가증권시장 상장공시위원회의 심의(2023년 12월 22일)를 거쳐 2024년 12월 22일까지 개선기간 부여를 결정하였으며, 동 개선기간 중에는 연결실체 발행 주권의 매매거래정지가 지속됨을 결정하였습니다.
(5) 견질 또는 담보용 어음ㆍ수표 현황 -해당사항 없습니다.
3. 제재 등과 관련된 사항
<표1>
단기매매차익 발생 및 환수현황
(대상기간 : 2011.01.01. ~ 2024.12.31.)
(단위 : 건, 원)
증권선물위원회(금융감독원장)으로부터 통보받은단기매매차익 현황
단기매매차익 환수 현황
단기매매차익 미환수 현황
건수
3
2
1
총액
54,593,371
2,450,153
52,143,218
<표2>
단기매매차익 미환수 현황
(대상기간 : 2011.01.01. ~ 2024.12.31.)
(단위 : 원)
차익취득자와 회사의 관계
단기매매차익발생사실통보일
단기매매차익 통보금액
환수금액
미환수금액
반환청구여부
반환청구조치계획
제척기간
공시여부
차익 취득시
작성일 현재
임원
퇴직
2013년 03월 27일
52,143,218
-
52,143,218
반환청구요청
내용증명 발송 및 민사소소진행(지급명령)
2013년 03월 27일 ~ 2013년 06월 27일
-
합 계 (
1
건)
52,143,218
-
52,143,218
※ 해당 법인의 주주(주권 외의 지분증권이나 증권예탁증권을 소유한 자를 포함)는 그 법인으로 하여금 단기매매차익을 얻은 자에게 단기매매차익의 반환청구를 하도록 요구할 수 있으며, 그 법인이 요구를 받은 날부터 2개월 이내에 그 청구를 하지 아니하는 경우에는 그 주주는 그 법인을 대위(代位)하여 청구할 수 있다(자본시장법시행령 제197조)
※ 해당 법인의 주주(주권 외의 지분증권이나 증권예탁증권을 소유한 자를 포함)는 그 법인으로 하여금 단기매매차익을 얻은 자에게 단기매매차익의 반환청구를 하도록 요구할 수 있으며, 그 법인이 요구를 받은 날부터 2개월 이내에 그 청구를 하지 아니하는 경우에는 그 주주는 그 법인을 대위(代位)하여 청구할 수 있다(자본시장법시행령 제197조)
(2) 기타
- 마스크 관련 단일판매 공급계약 변경 공시로 인하여 불성실 공시법인 지정(2024.03.15) 되었습니다. (최초 124억 → 변경 25억)
- 공시위반제재금으로(14,000,000원) 대체 하여 불성실 공시법인 지정에 따른 벌점은 부과 되지 않았습니다.
4. 작성기준일 이후 발생한 주요사항 등 기타사항
(1) 당사의 최대주주인 주식회사 광림은 2025년 1월 20일을 기준일로 하여 소유하고있는 보통주식 632,297주(지분율 12.04%)를 주식회사 세계프라임개발에 매도하였습니다. 이에 따라 2025년 1월 20일자로 당사의 최대주주가 주식회사 광림에서 주식회사 세계프라임개발로 변경되었습니다.(2) 당사는 2025년 1월 9일 이사회에서 주식회사 광림이 보유하고 있는 주식회사 비비안의 보통주식 1,145,340주(지분율 3.85%)를 주당 914원에 매수하기로 결의하였으며, 2025년 1월 23일에 주식회사 광림과 주식 양수도 계약을 체결하였습니다. 또한, 2025년 2월 3일에 주식회사 광림이 보유한 주식을 양수함에 따라 주식 매수 이후지분율은 17.31%로 변경되었습니다.(3) 주권 매매거래정지 및 개선기간의 부여당사는 횡령, 배임 사건으로 인한 한국거래소의 상장폐지 결정(2023년 9월 15일)에 대하여 상장폐지 관련 이의신청(2023년 10월 13일)을 하였습니다. 한국증권거래소는 유가증권시장 상장공시위원회의 심의(2023년 12월 22일)를 거쳐 개선기간을 부여하였으며, 당사는 2025년 1월 2일에 개선계획 이행내역서 등을 제출하였습니다. 한국증권거래소는 2025년 1월 23일 및 2월 11일 유가증권시장 상장공시위원회를 개최하여 개선계획 이행 및 상장폐지 여부를 심의하였으며, 2025년 2월 11일에상장폐지가 결정되었습니다. 거래소의 상장폐지 결정에 대하여 당사는 2025년 2월 12일 효력정지 가처분 신청을 접수하였습니다.
(4) 외국지주회사의 자회사 현황- 해당사항 없음"	ok
20250814002541	노루홀딩스	예	Ⅰ. 4. 2-4 자기주식 보유 현황 ~ 2-8	금융감독원 2024년 사업보고서 비재무사항(자기주식 관련) 기재 점검 미흡 기재	20250313001148	"4. 주식의 총수 등
- 공시서류 작성 기준일 현재, 당사의 총 발행주식수는 13,534,710주이며, 보통주 13,291,151주 및 우선주 243,559주로 구성되어 있습니다.
1. 주식의 총수 현황
(기준일 :
2024년 12월 31일
)
(단위 : 주, %)
구 분
주식의 종류
비고
보통주
우선주
합계
Ⅰ. 발행할 주식의 총수
-
-
100,000,000
보통주, 우선주 구분없음
Ⅱ. 현재까지 발행한 주식의 총수
30,709,801
657,849
31,367,650
-
Ⅲ. 현재까지 감소한 주식의 총수
17,418,650
414,290
17,832,940
-
1. 감자
13,894,650
321,750
14,216,400
-
2. 이익소각
3,524,000
-
3,524,000
-
3. 상환주식의 상환
-
-
-
-
4. 기타
-
92,540
92,540
보통주 전환
Ⅳ. 발행주식의 총수 (Ⅱ-Ⅲ)
13,291,151
243,559
13,534,710
-
Ⅴ. 자기주식수
3,042,458
171
3,042,629
-
Ⅵ. 유통주식수 (Ⅳ-Ⅴ)
10,248,693
243,388
10,492,081
-
Ⅶ. 자기주식 보유비율
22.89
0.07
22.48
-
2-1. 자기주식 취득 및 처분 현황
(기준일 :
2024년 12월 31일
)
(단위 : 주)
취득방법
주식의 종류
기초수량
변동 수량
기말수량
비고
취득(+)
처분(-)
소각(-)
배당가능이익범위이내취득
직접취득
장내 직접 취득
보통주
511,205
-
-
-
511,205
-
우선주
-
-
-
-
-
-
장외직접 취득
보통주
-
-
-
-
-
-
우선주
-
-
-
-
-
-
공개매수
보통주
-
-
-
-
-
-
우선주
-
-
-
-
-
-
소계(a)
보통주
511,205
-
-
-
511,205
-
우선주
-
-
-
-
-
-
신탁계약에 의한취득
수탁자 보유물량
보통주
1,759,521
-
-
-
1,759,521
-
우선주
-
-
-
-
-
-
현물보유물량
보통주
764,606
-
-
-
764,606
-
우선주
-
-
-
-
-
-
소계(b)
보통주
2,524,127
-
-
-
2,524,127
-
우선주
-
-
-
-
-
-
기타 취득(c)
보통주
7,126
-
-
-
7,126
-
우선주
171
-
-
-
171
-
총 계(a+b+c)
보통주
3,042,458
-
-
-
3,042,458
-
우선주
171
-
-
-
171
-
2-2. 자기주식 직접 취득ㆍ처분 이행현황
(기준일 :
2024년 12월 31일
)
(단위 : 백만주, %)
구 분
취득(처분)예상기간
예정수량(A)
이행수량(B)
이행률(B/A)
결과보고일
시작일
종료일
직접 취득
-
-
-
-
-
-
2-3. 자기주식 신탁계약 체결ㆍ해지 이행현황
(기준일 :
2024년 12월 31일
)
(단위 : 백만원, %, 회)
구 분
계약기간
계약금액(A)
취득금액(B)
이행률(B/A)
매매방향 변경
결과보고일
시작일
종료일
횟수
일자
신탁 체결
2021.10.24
2022.10.24
858
858
100.0
-
-
-
신탁 체결
2022.10.24
2023.10.24
858
858
100.0
-
-
-
신탁 체결
2023.10.24
2024.10.24
858
858
100.0
-
-
-
신탁 체결
2024.10.24
2025.10.24
858
858
100.0
-
-
-
신탁 체결
2021.02.28
2022.02.28
571
571
100.0
-
-
-
신탁 체결
2022.02.28
2023.02.28
571
571
100.0
-
-
-
신탁 체결
2023.02.28
2024.02.28
571
571
100.0
-
-
-
신탁 체결
2024.02.28
2025.02.28
571
571
100.0
-
-
-
신탁 체결
2025.02.28
2026.02.28
571
571
100.0
-
-
-
신탁 체결
2021.02.28
2022.02.28
2,291
2,291
100.0
-
-
-
신탁 체결
2022.02.28
2023.02.28
2,291
2,291
100.0
-
-
-
신탁 체결
2023.02.28
2024.02.28
2,291
2,291
100.0
-
-
-
신탁 체결
2024.02.28
2025.02.28
2,291
2,291
100.0
-
-
-
신탁 체결
2025.02.28
2026.02.28
2,291
2,291
100.0
-
-
-
신탁 체결
2022.09.25
2027.09.25
500
500
100.0
-
-
-
신탁 체결
2022.10.02
2042.10.02
400
400
100.0
-
-
-
신탁 체결
2022.10.06
2042.10.06
300
300
100.0
-
-
-
※ 상기 신탁계약 체결·해지 이행현황은 신규 체결에 관한 사항이 아니라, 기체결한신탁계약의 연장 내역입니다. 관련 공시는 전자공시시스템 (http://dart.fss.or.kr) 내주요사항보고서(자기주식취득신탁계약체결결정) 공시문서를 참고하여 주시기 바랍니다.
2-4.
자기주식 보유현황
(단위 : 주)
취득방법
취득(계약체결)결정 공시일자
주식종류
취득기간
취득목적
최초보유예상기간
최초취득수량
변동 수량
기말수량
비고
처분(-)
소각(-)
배당가능이익범위이내취득
직접취득
2001.08.17
보통주
2001.05.18 ~ 2001.08.17
주주가치증대, 자기주식 가격안정
-
1,500,000
100,916
887,879
511,205
처분 : 2002.12. 우리사주 무상출현소각 : 2006.06 인적분할로 인한 보유수량 감소분
-
-
-
-
-
-
-
-
-
-
신탁계약에의한 취득
2022.09.25
보통주
1997.09.26 ~2002.09.25
자기주식 가격안정
-
171,200
35,871
100,476
28,853
처분 : 2005.12~2023.08 매도수량소각 : 2006.06 인적분할로 인한 보유수량 감소분
1992.10.06
보통주
1992.10.06 ~ 1997.10.06
자기주식 가격안정
-
92,926
65,276
12,813
14,837
처분 : 1997.03~2005.09 매도수량소각 : 2006.06 인적분할로 인한 보유수량 감소분
1997.09.30
보통주
1997.09.30 ~ 2002.10.01
자기주식 가격안정
-
123,877
27,064
59,273
37,540
처분 : 1999.09 매도수량 등소각 : 2006.06 인적분할로 인한 보유수량 감소분
2000.05.29
보통주
2000.02.28 ~ 2000.05.26
자기주식 가격안정
-
927,100
-
588,351
338,749
소각 : 2006.06 인적분할로 인한 보유수량 감소분
2001.05.31
보통주
2001.02.27 ~ 2001.04.04
자기주식 가격안정
-
2,650,300
-
1,681,917
968,383
소각 : 2006.06 인적분할로 인한 보유수량 감소분
2001.07.30
보통주
2001.04.26 ~ 2001.05.22
자기주식 가격안정
-
1,015,800
-
644,641
371,159
소각 : 2006.06 인적분할로 인한 보유수량 감소분
2001.04.09
보통주
2001.01.09 ~ 2001.03.26
자기주식 가격안정
-
2,092,600
-
1,327,994
764,606
소각 : 2006.06 인적분할로 인한 보유수량 감소분
기타 취득
-
보통주
-
-
-
17,464
-
10,338
7,126
소각 : 2006.06 인적분할로 인한 보유수량 감소분
-
우선주
-
-
-
207
-
36
171
소각 : 2017.08 2우선주의 보통주 전환
총계
8,591,474
229,127
5,319,718
3,042,629
-
2-5 자기주식 보유 목적
- 당사는 주주가치 제고 및 주가안정을 주요 목적으로 자기주식을 보유하고 있습니다.
2-6 자기주식 취득계획
- 보고서 작성 제출일 현재 자본시장법 시행령 제176조의2 제6항에 따른 이사회 승인을 득한 자기주식보고서상 경영계획 및 재무전략 등에 따른 추가적인 자기주식 취득계획은 없습니다.
2-7 자기주식 처분계획
-
보고서 작성 제출일 현재 자본시장법 시행령 제176조의 2 제6항에 따른 이사회 승인을 득한 자기주식보고서상 경영계획 및 재무전략 등에 따른 자기주식 처분계획은 없습니다.
2-8 자기주식 소각계획
- 보고서 작성 제출일 현재 자본시장법 시행령 제176조의2 제6항에 따른 이사회 승인을 득한 자기주식보고서상 경영계획 및 재무전략 등에 따른 자기주식 소각계획은 없습니다.
2-9 기타
- 보고서 작성 제출일 현재 자기주식 취득, 처분 및 소각 계획은 없으나, 추후 시장상황, 재무전략 등의 변동에 따라 자기주식의 취득, 처분 및 소각의 필요성이 발생할 경우, 관련 법규 및 내부검토 절차를 거쳐 이에 대한 계획을 수립하고 공시할 예정입니다.
3. 종류주식(명칭) 발행현황
(단위 : 원)
발행일자
1988년 12월 28일
주당 발행가액(액면가액)
500
500
발행총액(발행주식수)
121,779,500
243,559
현재 잔액(현재 주식수)
121,779,500
243,559
주식의내용
존속기간(우선주권리의 유효기간)
-
이익배당에 관한 사항
- 보통주 보다 액면금액을 기준으로 하여 연 1%를 더 배당함
잔여재산분배에 관한 사항
-
상환에관한 사항
상환권자
없음
상환조건
-
상환방법
-
상환기간
-
주당 상환가액
-
1년 이내상환 예정인 경우
-
전환에관한 사항
전환권자
없음
전환조건(전환비율 변동여부 포함)
-
발행이후 전환권행사내역
N
전환청구기간
-
전환으로 발행할주식의 종류
-
전환으로발행할 주식수
-
의결권에 관한 사항
- 우선주식의 의결권 없음- 단, 정관에 의거하여 우선주식에 대하여는 당해 사업연도의 이익에서 소정의 배당을 할 수 없을 경우에는 우선주식에 대하여 소정의 배당을 하지 아니한다는 결의가 있는 총회의 다음 총회부터 그 우선배당을 한다는 결의가 있는총회의 종료시까지는 의결권이 있는 것으로 함
기타 투자 판단에 참고할 사항(주주간 약정 및 재무약정 사항 등)
-
3-1. 발행 이후 전환권 행사가 있을 경우
행사일자
전환한종류주식 수(주)
전환된보통주주식 수(주)
-
-
-
-
-
-
※ 우선주식의 발행일자
발행일자
주식수
내용
1988년 12월 28일
141,331주
전환사채 주식전환
1989년 03월 31일
35,841주
무상증자
1995년 01월 25일
8,078주
전환사채 주식전환
2022년 07월 27일
58,309주
유상증자
합 계
243,559주
-"	"4. 주식의 총수 등
- 공시서류 작성 기준일 현재, 당사의 총 발행주식수는 13,534,710주이며, 보통주 13,291,151주 및 우선주 243,559주로 구성되어 있습니다.
1. 주식의 총수 현황
(기준일 :
2024년 12월 31일
)
(단위 : 주, %)
구 분
주식의 종류
비고
보통주
우선주
합계
Ⅰ. 발행할 주식의 총수
-
-
100,000,000
보통주, 우선주 구분없음
Ⅱ. 현재까지 발행한 주식의 총수
30,709,801
657,849
31,367,650
-
Ⅲ. 현재까지 감소한 주식의 총수
17,418,650
414,290
17,832,940
-
1. 감자
13,894,650
321,750
14,216,400
-
2. 이익소각
3,524,000
-
3,524,000
-
3. 상환주식의 상환
-
-
-
-
4. 기타
-
92,540
92,540
보통주 전환
Ⅳ. 발행주식의 총수 (Ⅱ-Ⅲ)
13,291,151
243,559
13,534,710
-
Ⅴ. 자기주식수
3,042,458
171
3,042,629
-
Ⅵ. 유통주식수 (Ⅳ-Ⅴ)
10,248,693
243,388
10,492,081
-
Ⅶ. 자기주식 보유비율
22.89
0.07
22.48
-
2-1. 자기주식 취득 및 처분 현황
(기준일 :
2024년 12월 31일
)
(단위 : 주)
취득방법
주식의 종류
기초수량
변동 수량
기말수량
비고
취득(+)
처분(-)
소각(-)
배당가능이익범위이내취득
직접취득
장내 직접 취득
보통주
511,205
-
-
-
511,205
-
우선주
-
-
-
-
-
-
장외직접 취득
보통주
-
-
-
-
-
-
우선주
-
-
-
-
-
-
공개매수
보통주
-
-
-
-
-
-
우선주
-
-
-
-
-
-
소계(a)
보통주
511,205
-
-
-
511,205
-
우선주
-
-
-
-
-
-
신탁계약에 의한취득
수탁자 보유물량
보통주
1,759,521
-
-
-
1,759,521
-
우선주
-
-
-
-
-
-
현물보유물량
보통주
764,606
-
-
-
764,606
-
우선주
-
-
-
-
-
-
소계(b)
보통주
2,524,127
-
-
-
2,524,127
-
우선주
-
-
-
-
-
-
기타 취득(c)
보통주
7,126
-
-
-
7,126
-
우선주
171
-
-
-
171
-
총 계(a+b+c)
보통주
3,042,458
-
-
-
3,042,458
-
우선주
171
-
-
-
171
-
2-2. 자기주식 직접 취득ㆍ처분 이행현황
(기준일 :
2024년 12월 31일
)
(단위 : 백만주, %)
구 분
취득(처분)예상기간
예정수량(A)
이행수량(B)
이행률(B/A)
결과보고일
시작일
종료일
직접 취득
-
-
-
-
-
-
2-3. 자기주식 신탁계약 체결ㆍ해지 이행현황
(기준일 :
2024년 12월 31일
)
(단위 : 백만원, %, 회)
구 분
계약기간
계약금액(A)
취득금액(B)
이행률(B/A)
매매방향 변경
결과보고일
시작일
종료일
횟수
일자
신탁 체결
2021.10.24
2022.10.24
858
858
100.0
-
-
-
신탁 체결
2022.10.24
2023.10.24
858
858
100.0
-
-
-
신탁 체결
2023.10.24
2024.10.24
858
858
100.0
-
-
-
신탁 체결
2024.10.24
2025.10.24
858
858
100.0
-
-
-
신탁 체결
2021.02.28
2022.02.28
571
571
100.0
-
-
-
신탁 체결
2022.02.28
2023.02.28
571
571
100.0
-
-
-
신탁 체결
2023.02.28
2024.02.28
571
571
100.0
-
-
-
신탁 체결
2024.02.28
2025.02.28
571
571
100.0
-
-
-
신탁 체결
2025.02.28
2026.02.28
571
571
100.0
-
-
-
신탁 체결
2021.02.28
2022.02.28
2,291
2,291
100.0
-
-
-
신탁 체결
2022.02.28
2023.02.28
2,291
2,291
100.0
-
-
-
신탁 체결
2023.02.28
2024.02.28
2,291
2,291
100.0
-
-
-
신탁 체결
2024.02.28
2025.02.28
2,291
2,291
100.0
-
-
-
신탁 체결
2025.02.28
2026.02.28
2,291
2,291
100.0
-
-
-
신탁 체결
2022.09.25
2027.09.25
500
500
100.0
-
-
-
신탁 체결
2022.10.02
2042.10.02
400
400
100.0
-
-
-
신탁 체결
2022.10.06
2042.10.06
300
300
100.0
-
-
-
※ 상기 신탁계약 체결·해지 이행현황은 신규 체결에 관한 사항이 아니라, 기체결한신탁계약의 연장 내역입니다. 관련 공시는 전자공시시스템 (http://dart.fss.or.kr) 내주요사항보고서(자기주식취득신탁계약체결결정) 공시문서를 참고하여 주시기 바랍니다.
2-4. 자기주식 보유현황
(단위 : 주)
취득방법
취득(계약체결)결정 공시일자
주식종류
취득기간
취득목적
최초보유예상기간
최초취득수량
변동 수량
기말수량
비고
처분(-)
소각(-)
배당가능이익범위이내취득
직접취득
2001.05.14
보통주
2001.05.18 ~ 2001.08.16
주주가치증대, 자기주식 가격안정
최종 취득일로부터 6개월이상
1,500,000
100,916
887,879
511,205
- 취득결정공시일자는 2001.05.14 [정정]자기주식취득신고서 공시일임.- 취득기간은 2001.08.17 자기주식취득결과보고서 공시의 2. 취득신고에 관한 내용. 나. 취득기간 일자임.- 최초 취득수량은 2002.04.01 변경상장 공시관련 1:10 액면분할 후 주식수 임.- 처분 : 2002.12.30 우리사주 무상출현으로 인한 감소분(2003.03.31 사업보고서 공시 참조)- 소각 : 2006.06.21 변경상장 공시 관련 인적분할로 인한 보유수량 감소분- 기말수량은 사업보고서 작성기준일 현재 신한투자증권(주)를 통해 보유 중임.
-
-
-
-
-
-
-
-
-
-
신탁계약에의한 취득
2002.09.25
보통주
1992.09.25 ~2002.09.25
자기주식 가격안정
-
171,200
35,871
106,476
28,853
- 취득결정공시일자는 조회가능한 최초 공시일인 2002.09.25 신탁계약등 체결신고서 공시일임.- 취득기간은 2002.09.25 자기주식취득신탁계약등연장결정 공시의 최초 계약체결일부터 2002.09.25 신탁계약등 체결신고서 공시의 6. 나. 만료일자임.- 최초 취득수량은 2002.09.25 신탁계약등 체결신고서 공시의 대한투자신탁 자사주펀드로 기재된 보유수량으로 2002.04.01 변경상장 공시관련 1:10액면분할 후 주식수 임.- 처분 : 신탁회사 원장의 2005.12~2023.08 매도수량 합계임.- 소각 : 2006.06.21 변경상장 공시 관련 인적분할로 인한 보유수량 감소분- 기말수량은 사업보고서 작성기준일 현재 하나증권(주) 신탁계약을 통해 보유 중임.
2002.09.30
보통주
1992.10.06 ~ 2020.03.27
자기주식 가격안정
-
92,926
65,276
12,813
14,837
- 취득결정공시일자는 조회가능한 최초 공시일인 2002.09.30 신탁계약등 체결신고서 공시일임.- 취득기간은 2002.09.30 자기주식취득신탁계약등연장결정 공시의 최초 계약일부터 신탁회사 원장의 최종매수일임.- 최초 취득수량은 취득기간동안 신탁회사 원장의 취득수량 합계임.- 처분 : 신탁회사 원장의 1997.03~2005.09 매도수량 합계임.- 소각 : 2006.06.21 변경상장 공시 관련 인적분할로 인한 보유수량 감소분- 기말수량은 사업보고서 작성기준일 현재 한국투자증권㈜ 신탁계약을 통해 보유 중임.
2002.09.30
보통주
1992.10.02 ~2007.12.03
자기주식 가격안정
-
123,877
27,064
59,273
37,540
- 취득결정공시일자는 조회가능한 최초 공시일인 2002.09.30 신탁계약등 체결신고서 공시일임- 취득기간은 2002.09.30 자기주식취득신탁계약등연장결정 공시의 최초 계약일부터 신탁회사 원장의 최종매수일임.- 최초 취득수량은 취득기간동안 신탁회사 원장의 취득수량 합계임.- 처분 : 1999.09 및 2006.07 신탁회사 원장의 매도수량 합계임.- 소각 : 2006.06.21 변경상장 공시 관련 인적분할로 인한 보유수량 감소분- 기말수량은 사업보고서 작성기준일 현재 한화투자증권(주) 신탁계약을 통해 보유 중임.
2000.02.28
보통주
2000.02.28 ~ 2000.05.26
자기주식 가격안정
-
927,100
-
588,351
338,749
- 취득결정공시일자는 2000.02.28 자기주식취득 공시일임- 취득기간은 2000.05.29 신탁계약 등에 의한 자기주식 취득상황 공시의 취득기간임.- 최초 취득수량은 2002.04.01 변경상장 공시관련 1:10 액면분할 후 주식수임.- 소각 : 2006.06.21 변경상장 공시 관련 인적분할로 인한 보유수량 감소분- 기말수량은 사업보고서 작성기준일 현재 ㈜우리은행 신탁계약을 통해 보유 중임.
2001.02.27
보통주
2001.02.27 ~ 2001.04.04
자기주식 가격안정
-
2,650,300
-
1,681,917
968,383
- 취득결정공시일자는 2001.02.27 자기주식취득(신탁계약등 체결) 공시일임- 취득기간은 2001.05.31 신탁계약 등에 의한 자기주식 취득상황 공시의 취득기간임.- 최초 취득수량은 2002.04.01 변경상장 공시관련 1:10 액면분할 후 주식수 임.- 소각 : 2006.06.21 변경상장 공시 관련 인적분할로 인한 보유수량 감소분- 기말수량은 사업보고서 작성기준일 현재 ㈜우리은행 신탁계약을 통해 보유 중임.
2001.04.24
보통주
2001.04.26 ~ 2001.05.22
자기주식 가격안정
-
1,015,800
-
644,641
371,159
- 취득결정공시일자는 2001.04.24 신탁계약등 체결신고서 공시일임- 취득기간은 2001.07.30 신탁계약 등에 의한 자기주식 취득상황 공시의 취득기간임.- 최초 취득수량은 2002.04.01 변경상장 공시관련 1:10 액면분할 후 주식수 임.- 소각 : 2006.06.21 변경상장 공시 관련 인적분할로 인한 보유수량 감소분- 기말수량은 사업보고서 작성기준일 현재 ㈜국민은행 신탁계약을 통해 보유 중임.
2001.01.08
보통주
2001.01.09 ~ 2001.03.26
자기주식 가격안정 및 경영권 안정
-
2,092,600
-
1,327,994
764,606
- 취득결정공시일자는 2001.01.08 신탁계약등 체결신고서 공시일임- 취득기간은 2001.04.09 신탁계약 등에 의한 자기주식 취득상황 공시의 취득기간임.- 최초 취득수량은 2002.04.01 변경상장 공시관련 1:10 액면분할 후 주식수 임.- 소각 : 2006.06.21 변경상장 공시 관련 인적분할로 인한 보유수량 감소분- 기말수량은 사업보고서 작성기준일 현재 신한투자증권(주)를 통해 보유 중임.
기타 취득
-
보통주
-
-
-
17,464
-
10,338
7,126
- 최초 취득수량은 주식배당, 인적분할, 무상증자 관련 단주 취득 및 2우선주의 보통주 전환 주식의 수의 합임.- 소각 : 2006.06.21 변경상장 공시 관련 인적분할로 인한 보유수량 감소분- 기말수량은 사업보고서 작성기준일 현재 신한투자증권(주)를 통해 보유 중임.
-
우선주
-
-
-
207
-
36
171
- 최초 취득수량은 인적분할, 무상증자 관련 단주 취득 주식의 수의 합임.- 소각 : 2017.08 2우선주의 보통주 전환 수량임.- 기말수량은 사업보고서 작성기준일 현재 신한투자증권(주)를 통해 보유 중임.
총계
8,591,474
229,127
5,319,718
3,042,629
-
2-5 자기주식 보유 목적
- 당사는 주주가치증대, 자기주식 가격안정, 경영권안정의 목적으로 자기주식을 취득하였으며, 자기주식 보유는 시장 변동에 따른 주가하락 방지 등 주가 안정성 및 경영 안전성을 제고하고 필요시 자기주식을 활용하여 재무구조를 조정할 수 있습니다. 당사는 자사주 보유를 통해 경영환경 불확실성에 대비하고, 주주가치 제고 및 재무구조 개선 등의 목적으로 사용할 예정입니다.
2-6 자기주식 취득계획
- 회사의 재무상황, 경영환경 및 유통주식수 등을 종합적으로 고려했을 때, 추가적인 자기주식 취득의 필요성이 작다고 판단하여, 경영계획 및 재무전략 등에 따른 추가적인 자기주식 취득계획은 없습니다.
2-7 자기주식 처분계획
- 전략적 투자 등의 재원 및 시장 유동성 확보 등을 목적으로 검토될 수 있으나, 자기주식 처분에 따른 시장에 미치는 영향 및 회사의 재무상황 등을 고려했을 때 처분에 관한 실행 방안 등의 처분계획은 없으며, 추후 해당사항이 확정되는 경우 관련 규정에 따라 공시할 예정입니다.
2-8 자기주식 소각계획
- 자기주식 소각은 주주가치 제고, 시장상황, 회사의 재무구조 및 중장기적인 자본운용계획을 종합적으로 고려하여 검토할 예정이나, 현재 당사의 경영계획 및 재무전략 등에 따른 자기주식 소각계획은 없으며, 추후 해당사항이 확정되는 경우 관련 규정에 따라 공시할 예정입니다.
2-9 기타
- 보고서 작성 제출일 현재 자기주식 취득, 처분 및 소각 계획은 없으나, 추후 시장상황, 재무전략 등의 변동에 따라 자기주식의 취득, 처분 및 소각이 확정되는 경우, 관련 법규 및 내부검토 절차를 거쳐 이에 대한 계획을 수립하고 공시할 예정입니다.
3. 종류주식(명칭) 발행현황
(단위 : 원)
발행일자
1988년 12월 28일
주당 발행가액(액면가액)
500
500
발행총액(발행주식수)
121,779,500
243,559
현재 잔액(현재 주식수)
121,779,500
243,559
주식의내용
존속기간(우선주권리의 유효기간)
-
이익배당에 관한 사항
- 보통주 보다 액면금액을 기준으로 하여 연 1%를 더 배당함
잔여재산분배에 관한 사항
-
상환에관한 사항
상환권자
없음
상환조건
-
상환방법
-
상환기간
-
주당 상환가액
-
1년 이내상환 예정인 경우
-
전환에관한 사항
전환권자
없음
전환조건(전환비율 변동여부 포함)
-
발행이후 전환권행사내역
N
전환청구기간
-
전환으로 발행할주식의 종류
-
전환으로발행할 주식수
-
의결권에 관한 사항
- 우선주식의 의결권 없음- 단, 정관에 의거하여 우선주식에 대하여는 당해 사업연도의 이익에서 소정의 배당을 할 수 없을 경우에는 우선주식에 대하여 소정의 배당을 하지 아니한다는 결의가 있는 총회의 다음 총회부터 그 우선배당을 한다는 결의가 있는총회의 종료시까지는 의결권이 있는 것으로 함
기타 투자 판단에 참고할 사항(주주간 약정 및 재무약정 사항 등)
-
3-1. 발행 이후 전환권 행사가 있을 경우
행사일자
전환한종류주식 수(주)
전환된보통주주식 수(주)
-
-
-
-
-
-
※ 우선주식의 발행일자
발행일자
주식수
내용
1988년 12월 28일
141,331주
전환사채 주식전환
1989년 03월 31일
35,841주
무상증자
1995년 01월 25일
8,078주
전환사채 주식전환
2022년 07월 27일
58,309주
유상증자
합 계
243,559주
-"	ok
20250814002541	노루홀딩스	예	(첨부서류)자기주식 보고서	금융감독원 2024년 사업보고서 비재무사항(자기주식 관련) 기재 점검 미기재	20250313001148			no_section
20250814002508	제이엔케이글로벌	여	XI. 1. 공시내용 진행 및 변경사항	미기재사항 추가 기재	20250321000692	"1. 공시내용 진행 및 변경사항
가. 단일판매ㆍ공급계약체결공시에 대한 진행 현황
[단일판매ㆍ공급계약체결공시에 대한 진행 현황]
(기준일 :
2024년 12월 31일)
(단위 : 백만원)
신고일자(최초)
계약내역
계약금액총액
판매ㆍ공급금액
대금수령금액
비고
계약명
계약상대방
계약시작월
계약종료월
기타사항
(부가세포함)
당기
누적
당기
누적
2021-09-14
Fired Heaters 공급
Tecnimont S.p.A.
2021-09-14
2025-05-31
-
34,380
8,336
34,089
7,229
30,171
-
2023-02-16
Fired Heater 공급
현대건설
2023-02-15
2025-12-15
-
231,010
80,798
132,017
44,307
142,427
-
※ 향후 추진계획 : 당사는 프로젝트별 계약조건에 따라 계약금액 중 잔여 대금을 청구 및 수령할 예정입니다."	"1. 공시내용 진행 및 변경사항
가. 단일판매ㆍ공급계약체결공시에 대한 진행 현황
[단일판매ㆍ공급계약체결공시에 대한 진행 현황]
(기준일 :
2024년 12월 31일)
(단위 : 백만원)
신고일자(최초)
계약내역
계약금액총액
판매ㆍ공급금액
대금수령금액
비고
계약명
계약상대방
계약시작월
계약종료월
기타사항
(부가세포함)
당기
누적
당기
누적
2021-09-14
Fired Heaters 공급
Tecnimont S.p.A.
2021-09-14
2025-05-31
-
34,380
8,336
34,089
7,229
30,171
-
2023-02-16
Fired Heater 공급
현대건설
2023-02-15
2025-12-15
-
231,010
80,798
132,017
44,307
142,427
-
나. 대금 미수령 사유 : 본 보고서 제출일 현재 해당사항 없습니다.
다. 향후 추진계획 (1) 향후 판매공급 이행, 대금수령 관련 예정사항 및 추진계획 : 당사는 프로젝트별 계약조건에 따라 계약금액 중 잔여 대금을 청구 및 수령할 예정입니다. (2) 향후 변동 가능성이 있는 사항에 대한 해당 사실 및 사유 : 보고일 현재 계획의 변동 가능성은 없으며, 향후 프로젝트의 진행 상황에 따라 고객사와 협의를 거쳐 계약기간, 계약금액 등 계약조건이 변경될 수 있습니다. 이 경우, 정정공시를 통해 변경사항을 반영할 예정입니다."	ok
20250814002484	대한방직	예	I. 4. (5) 자기주식 보유현황	미흡사항 보완기재	20250314001747		"4. 주식의 총수 등
2024년 12월 31일 본 보고서 작성기준일 현재 발행할 주식의 총수는 보통주 20,000,000주이며, 현재까지 발행한 주식의 총수는 보통주 5,300,000주이고 단주 처리된 10주 및 자기주식 1,687,675주를 제외한 현재 유통주식수는 보통주 3,612,315주 입니다.
(1) 주식의 총수 현황
(기준일 :
2024년 12월 31일
)
(단위 : 주, %)
구 분
주식의 종류
비고
보통주
우선주
합계
Ⅰ. 발행할 주식의 총수
20,000,000
-
20,000,000
-
Ⅱ. 현재까지 발행한 주식의 총수
5,300,000
-
5,300,000
-
Ⅲ. 현재까지 감소한 주식의 총수
-
-
-
-
1. 감자
-
-
-
-
2. 이익소각
-
-
-
-
3. 상환주식의 상환
-
-
-
-
4. 기타
-
-
-
-
Ⅳ. 발행주식의 총수 (Ⅱ-Ⅲ)
5,300,000
-
5,300,000
-
Ⅴ. 자기주식수
1,687,685
-
1,687,685
-
Ⅵ. 유통주식수 (Ⅳ-Ⅴ)
3,612,315
-
3,612,315
-
Ⅶ. 자기주식 보유비율
31.84
-
31.84
-
(2) 자기주식 취득 및 처분 현황
(기준일 :
2024년 12월 31일
)
(단위 : 주)
취득방법
주식의 종류
기초수량
변동 수량
기말수량
비고
취득(+)
처분(-)
소각(-)
배당가능이익범위이내취득
직접취득
장내 직접 취득
보통주
-
-
-
-
-
-
우선주
-
-
-
-
-
-
장외직접 취득
보통주
-
-
-
-
-
-
우선주
-
-
-
-
-
-
공개매수
보통주
1,342,803
-
-
-
1,342,803
-
우선주
-
-
-
-
-
-
소계(a)
보통주
1,342,803
-
-
-
1,342,803
-
우선주
-
-
-
-
-
-
신탁계약에 의한취득
수탁자 보유물량
보통주
-
-
-
-
-
-
우선주
-
-
-
-
-
-
현물보유물량
보통주
344,872
-
-
-
344,872
-
우선주
-
-
-
-
-
-
소계(b)
보통주
344,872
-
-
-
344,872
-
우선주
-
-
-
-
-
-
기타 취득(c)
보통주
10
-
-
-
10
-
우선주
-
-
-
-
-
-
총 계(a+b+c)
보통주
1,687,685
-
-
-
1,687,685
-
우선주
-
-
-
-
-
-
(3) 자기주식 직접 취득ㆍ처분 이행현황
당사의 최근 3년간 자기주식 직접 취득ㆍ처분현황은 없습니다.
(4) 자기주식 신탁계약 체결ㆍ해지 이행현황
당사의 최근 3년간 자기주식 신탁계약 체결ㆍ해지현황은 없습니다.
(5) 자기주식 보유현황
1. 자기주식 보유현황
- 당사는 자기주식으로 총 1,687,685주를 보유하고 있으며 총 발행주식수의 31.8%에 해당합니다.
(단위 : 주)
취득방법
취득(계약체결)결정 공시일자
주식종류
취득기간
취득목적
최초보유예상기간
최초취득수량
변동 수량
기말수량
비고
처분(-)
소각(-)
배당가능이익범위이내취득
직접취득
2019년 05월 21일
보통주
2019년 5월 22일~2019년 6월 11일
주주가치 제고
-
1,363,636
20,833
-
1,342,803
처분:사내근로복지기금 무상 출연(2021.12.30)
-
-
-
-
-
-
-
-
-
-
신탁계약에의한 취득
2018년 11월 01일
보통주
2018년 11월 1일~2019년 4월 30일
주가 안정화를 통한 주주가치 제고
-
213,888
-
-
213,888
-
2019년 02월 19일
보통주
2019년 2월 19일~2019년 8월 19일
주가 안정화를 통한 주주가치 제고
-
130,984
-
-
130,984
-
기타 취득
-
보통주
-
주식병합
-
10
-
-
10
주식병합시 단주
-
-
-
-
-
-
-
-
-
-
총계
1,708,518
20,833
-
1,687,685
-
*2024년 12월 말 기준
2. 자기주식 보유목적
- 당사는 주가안정을 통한 주주가치 제고를 목적으로 2018년~2019년 공개매수 및 신탁매수를 통해 현재 자기주식1,687,685(31.8%)를 보유하고 있습니다.
3. 자기주식 취득계획
- 당사는 2018년~ 2019년 주주가치 제고를 위해 공개매수 및 자사주신탁 매수를 통해 350억 이상의 자사주를 취득하였습니다. 그러나 코로나 사태, 고금리, 고물가로 인한 섬유제품에 대한 소비심리 악화, 최근 미국의 상호관세 정책으로 인한 비용 증가와 원자재 가격의 상승 등 수익성 악화 및 대외 불확실성 지속으로 현재는 실적 개선에 역량 집중과, 재무 안정성 확보를 우선 고려하고 있으며, 이에 현재로는 취득과 관련된 구체적인 논의는 진행되고 있지 않습니다.
4. 자기주식 처분계획
- 자기주식 처분은 법 ·규정 내에서 전략적 투자 및 재무구조 개선 목적 등 시장에서의 유동성 확보가 필요한 경우, 임직원 보상, 사내근로복지기금 출연 등의 처분 방안을 검토할 수 있습니다. 그러나 현재 구체적인 처분계획에 대한 논의나 실행방안은 검토되고 있지 않습니다.
5. 자기주식 소각계획
- 자기주식 소각은 법 ·규정 내에서 경영환경 및 시장상황을 종합적으로 고려하여 검토할 필요가 있습니다. 현재 자기주식 소각과 관련한 계획은 검토하지 않고 있습니다.
6. 기타 :
이사회 결의일 현재 자기주식 취득, 처분 및 소각 계획은 없으나 추후 경영 환경 변화로 자기주식 처분 등 변경 사항 발생시 이사회 승인을 통해 처리할 예정입니다."	"err: document.xml 오류: <?xml version=""1.0"" encoding=""UTF-8"" standalone=""yes""?><result>"
20250814002445	희림	여	Ⅰ. 4. 다. 자기주식 보유현황	미기재	20250317000594	"4. 주식의 총수 등
주식의 총수 현황
(기준일 :
2024년 12월 31일
)
(단위 : 주, %)
구 분
주식의 종류
비고
보통주
-
합계
Ⅰ. 발행할 주식의 총수
50,000,000
-
50,000,000
-
Ⅱ. 현재까지 발행한 주식의 총수
13,922,475
-
13,922,475
-
Ⅲ. 현재까지 감소한 주식의 총수
-
-
-
-
1. 감자
-
-
-
-
2. 이익소각
-
-
-
-
3. 상환주식의 상환
-
-
-
-
4. 기타
-
-
-
-
Ⅳ. 발행주식의 총수 (Ⅱ-Ⅲ)
13,922,475
-
13,922,475
-
Ⅴ. 자기주식수
1,297,955
-
1,297,955
-
Ⅵ. 유통주식수 (Ⅳ-Ⅴ)
12,624,520
-
12,624,520
-
Ⅶ. 자기주식 보유비율
9.32
-
9.32
-
자기주식 취득 및 처분 현황
(기준일 :
2024년 12월 31일
)
(단위 : 주)
취득방법
주식의 종류
기초수량
변동 수량
기말수량
비고
취득(+)
처분(-)
소각(-)
배당가능이익범위이내취득
직접취득
장내 직접 취득
보통주
-
-
-
-
-
-
우선주
-
-
-
-
-
-
장외직접 취득
보통주
-
-
-
-
-
-
우선주
-
-
-
-
-
-
공개매수
보통주
-
-
-
-
-
-
우선주
-
-
-
-
-
-
소계(a)
보통주
-
-
-
-
-
-
우선주
-
-
-
-
-
-
신탁계약에 의한취득
수탁자 보유물량
보통주
-
-
-
-
-
-
우선주
-
-
-
-
-
-
현물보유물량
보통주
1,296,363
-
-
-
1,296,363
-
우선주
-
-
-
-
-
-
소계(b)
보통주
1,296,363
-
-
-
1,296,363
-
우선주
-
-
-
-
-
-
기타 취득(c)
보통주
1,592
-
-
-
1,592
주식배당에 의한단수주 취득
우선주
-
-
-
-
-
-
총 계(a+b+c)
보통주
1,297,955
-
-
-
1,297,955
-
우선주
-
-
-
-
-
-"	"다. 자기주식 보유현황
(1) 자기주식 보유현황
(단위 : 주)
취득방법
취득(계약체결)결정 공시일자
주식종류
취득기간
취득목적
최초보유예상기간
최초취득수량
변동 수량
기말수량
비고
처분(-)
소각(-)
배당가능이익범위이내취득
직접취득
-
-
-
-
-
-
-
-
-
-
-
-
-
-
-
-
-
-
-
-
신탁계약에의한 취득
2010.05.17
보통주
2010.05.17-2010.08.16
주가안정을 통한주주가치제고
-
255,762
133,673
-
122,089
-
2011.01.28
보통주
2011.02.07-2011.05.06
주가안정을 통한주주가치제고
-
254,624
-
-
254,624
-
2011.05.31
보통주
2011.05.31-2011.08.30
주가안정을 통한주주가치제고
-
264,966
-
-
264,966
-
2011.06.28
보통주
2011.06.28-2011.09.27
주가안정을 통한주주가치제고
-
252,500
-
-
252,500
-
2011.07.12
보통주
2011.07.12-2011.10.11
주가안정을 통한주주가치제고
-
162,000
-
-
162,000
-
2019.07.30
보통주
2019.07.30-2019.10.29
주가안정을 통한주주가치제고
-
240,184
-
-
240,184
-
기타 취득
-
보통주
-
배당단수주
-
1,592
-
-
1,592
-
-
-
-
-
-
-
-
-
-
-
총계
1,431,628
133,673
-
1,297,955
-
(2) 자기주식 보유 목적
당사는 배당가능이익 범위 내에서 신탁계약을 통해 자기주식을 취득 하였으며, 주주가치의 제고 및 주가안정 목적으로 자기주식을 취득, 보유하고 있습니다.
(3) 자기주식 취득계획
당사는 향후 불안정한 주가흐름 및 주주가치 제고의 필요성이 존재한다고 판단될 시에 추가적인 자기주식 취득을 진행할 예정이나, 현재 자기주식의 취득 계획을 보 유하고 있지 않습니다.
(4) 자기주식 처분계획
당사는 주주가치 제고, 주가안정 및 경영상 목적의 달성 등의 사유로 보유한 자기주식의 처분을 이사회 결의 하에 진행 할 예정이나, 현재 처분 계획을 보유하고 있지 않습니다.
(5) 자기주식 소각계획
현재 소각 계획을 보유하고 있지 않습니다."	ok
20250814002445	희림	여	(첨부)자기주식보고서	미첨부	20250317000594			no_section
20250814002445	희림	여	XI. 1. 나. 진행상황 다. 대금 미수령 사유 라. 향후 추진계획	단일판매ㆍ공급계약공시 진행상황 추가기재	20250317000594	"1. 공시내용 진행 및 변경사항
가. 공시사항의 진행·변경상황
신고일자
제 목
신 고 내 용
신고사항의 진행상황
2017.12.14
[기재정정]단일판매·공급계약체결(자율공시)
베트남 외교부청사 건설투자프로젝트의 설계용역
용역진행중
2019.10.22
단일판매·공급계약체결
Management Services for the ""Construction of New Phnom Penh International Airport (NPPIA) in the Kingdom of Cambodia"" Project)
용역진행중
2021.04.08
단일판매·공급계약체결
LG 메트로시티 리모델링사업 설계용역
용역진행중
2023.04.28
[기재정정]단일판매·공급계약체결
카타르 루사일플라자타워 - Plots 3&4 설계 용역(Lusail Plaza Towers - Plots 3&4 Design Works)
용역진행중
2023.06.30
[기재정정]단일판매·공급계약체결(자율공시)
KAV 개발프로젝트(운북재미동포타운 신축공사) 설계용역
용역진행중
2023.06.30
[기재정정]단일판매·공급계약체결
은마아파트 주택재건축정비사업 설계용역
용역진행중
2023.06.30
[기재정정]단일판매·공급계약체결(자율공시)
AZERSU NEW OFFICE TOWER 설계 및 CM용역
용역진행중
2023.08.07
단일판매·공급계약체결
백현마이스 도시개발사업 민간참여자공모 (본설계 단계) 설계용역
용역진행중
2023.09.27
[기재정정]단일판매·공급계약체결
DESIGN-BUILD SERVICES OF 3-Tower Block PROJECT
용역진행중
2023.12.27
[기재정정]단일판매·공급계약체결(자율공시)
용인시 개발사업 건축설계용역
용역진행중
2024.02.02
[기재정정]단일판매·공급계약체결(자율공시)
부광초교 서측 주택재개발정비사업 건축설계 용역
용역진행중
2024.03.21
단일판매·공급계약체결
압구정아파트지구 특별계획구역3 재건축정비사업 설계용역
용역진행중
2024.08.01
단일판매·공급계약체결
가덕도신공항 여객터미널 설계용역
용역진행중
2024.09.23
[기재정정]단일판매·공급계약체결(자율공시)
A-PROJECT 개발사업 사업계획서작성 및 건축설계용역
용역진행중
2024.12.27
[기재정정]단일판매·공급계약체결
카타르 루사일플라자타워 - Plots 3&4 설계 용역(Lusail Plaza Towers - Plots 3&4 Design Works)
용역진행중"	"나. 진행상황 (단위 : 천원)
신고일자
계약내역
계약금액총액
판매ㆍ공급금액
대금수령금액
진행상황
당기
누적
당기
누적
2017.12.14
계약명: 베트남 외교부청사 건설투자프로젝트의 설계용역계약상대방:
베트남외교부청사 건설투자프로젝트 관리단
계약기간:
2008-11-13
~
2025-12-31
10,041,496
217,964
8,054,264
-
7,836,300
계약진행중
2021.04.08
계약명: LG 메트로시티 리모델링사업 설계용역계약상대방:
LG 메트로시티 리모델링주택조합설립 추진위원회
계약기간:
2021-04-07
~
2027-04-30
30,393,000
-
-
-
-
조합원 동의 확보중
2023.06.30
계약명: KAV 개발프로젝트(운북재미동포타운 신축공사) 설계용역 계약상대방:
(주)코암인터내셔널
계약기간:
2011-05-16
~
2025-06-30
2,948,000
-
-
-
-
사업지연중
2023.06.30
계약명: 은마아파트 주택재건축정비사업 설계용역계약상대방:
은마아파트주택재건축정비사업조합설립추진위원회
계약기간:
2016-09-28
~
2030-06-30
15,787,000
-
3,946,750
-
3,946,750
계약진행중
2023.06.30
계약명: AZERSU NEW OFFICE TOWER 설계 및 CM용역계약상대방:아제르바이잔 수자원공사계약기간:
2011-12-27
~
2025-06-30
9,629,723
-
4,968,236
-
4,968,236
계약진행중
2023.08.07
계약명: 백현마이스 도시개발사업 민간참여자공모 (본설계 단계) 설계용역계약상대방:
(유)제이에스산업개발
계약기간:
2023-08-04
~
2030-12-31
31,062,000
-
1,370,000
-
1,370,000
계약진행중
2023.09.27
계약명: DESIGN-BUILD SERVICES OF 3-Tower Block PROJECT계약상대방:
BRAC
계약기간:
2012-05-31
~
2026-09-30
98,663,600
-
591,973
-
591,973
사업지연중
2023.12.27
계약명: 용인시 개발사업 건축설계용역계약상대방:
(주)페이스디앤씨
계약기간:
2011-10-20
~
2025-12-31
9,482,902
-
-
-
-
사업지연중
2024.02.02
계약명: 부광초교 서측 주택재개발정비사업 건축설계 용역계약상대방:
부광초교 서측 주택재개발정비사업 조합설립추진위원회
계약기간:
2010-02-03
~
2026-02-02
3,431,890
-
-
-
-
사업지연중
2024.03.21
계약명: 압구정아파트지구 특별계획구역3 재건축정비사업 설계용역계약상대방:
압구정아파트지구 특별계획구역3 재건축정비사업조합
계약기간:
2024-03-20
~
2029-12-31
23,851,200
-
-
-
-
계약진행중
2024.08.01
계약명: 가덕도신공항 여객터미널 설계용역계약상대방:
가덕도신공항건설공단
계약기간:
2024-07-31
~
2027-04-30
28,638,411
7,197,795
7,197,795
7,197,795
7,197,795
계약진행중
2024.09.23
계약명: A-PROJECT 개발사업 사업계획서작성 및 건축설계용역계약상대방:
신강산업개발관리(주)
계약기간:
2011-09-20
~
2025-09-23
12,133,550
-
-
-
-
사업지연중
2024.12.27
계약명: 카타르 루사일플라자타워 - Plots 3&4 설계 용역(Lusail Plaza Towers - Plots 3&4 Design Works)계약상대방:
현대건설(주)
계약기간:
2020-01-12
~
2025-06-30
22,080,600
442,787
21,646,811
339,241
21,543,265
계약진행중"	ok
20250814002394	MSDI	예	XI. 1. 공시내용 진행 및 변경사항	미흡사항 추가기재	20250320000902	"1. 공시내용 진행 및 변경사항
(1) 당사는 2023년 12월 05일자 이사회 결의에 따라 주식회사 씨엠텍의 최대주주 등(이하 '양도인')과 경영권 및 최대주주변경을 수반하는 주식양수도계약을 체결하였으며, 2024년 01월 02일에 잔금 지급을 완료하였습니다.
주식양수도계약의 주요 내역은 다음과 같습니다.
구 분
내 역
발행회사
주식회사 씨엠텍
총 발행주식수
보통주식 80,000주
양수 대상자산
보통주식 80,000주
양수방법
장외매수
양수가액
2,100,000,000원
양수도대금지급일
계약금: 2023년 12월 05일(630,000,000원)중도금: 2023년 12월 19일(735,000,000원)잔 금: 2024년 01월 02일(735,000,000원)
양도인
김안순 외 2명
양수인
주식회사 아이윈플러스
(2) 당사는 2024년 01월 04일자 이사회 결의에 따라 주식회사 씨엠텍을 흡수합병 하기로 결정하였습니다. 합병기일은 2024년 04월 01일이며, 자세한 사항은 24.01.04 주요사항보고서(회사합병결정)를 참고하시기 바랍니다.
(3) 당사는 2024년 08월 21일 단일판매ㆍ공급계약체결 공시하였으나 계약상대방의 내부사정(해당 공급계약관련 설계변경 및 사양변경)에 따른 계약납품 및 납기의 전면적인 재검토 필요의 이유로 2024년 11월 08일 단일판매ㆍ공급계약해지 공시하였습니다."	"1. 공시내용 진행 및 변경사항
가. 공시사항의 진행ㆍ변경상황
- 해당없음
나. 단일판매ㆍ공급계약체결 공시 관련
(단위:백만원)
신고일자
계약내역
계약금액총액
판매ㆍ공급금액
대금수령금액
당기
누적
당기
누적
2024-08-21
- 계약명: 로봇공정 자동화라인- 계약상대방 : 이성(주)- 계약기간 : 2024.08.21 ~ 2024.11.01
3,610
-
-
722
722
(1) 대금 미수령 사유
신고일자
계약내역
대금 미수령사유
계약명
계약상대방
2024-11-08
로봇공정 자동화라인
이성(주)
계약상대방인 이성(주)의 내부사정으로 인한계약해지
- 당사는 2024년 08월 21일 계약상대방인 이성(주)과 공급계약을 체결하였으나 2024년 11월 08일 계약상대방인 이성(주)로부터 계약해지요청에 따라 해당계약이 해지되었습니다.- 본 계약해지에 대한 귀책사유는 계약상대방에 있음에 따라 계약금인 722백만원은 당사로 귀속처리하였습니다.(2) 향후 추진계획- 로봇공정 자동화라인관련 신규공급 계약 추진 및 협의하도록 하겠습니다"	ok
20250814002387	신라젠	예	VI. 3. 소수주주권	금융감독원 2024년 사업보고서 비재무사항 점검 결과 미기재사항 정정	20250515001928	"3. 주주총회 등에 관한 사항
(기준일 :
2024년 12월 31일
)
투표제도 종류
집중투표제
서면투표제
전자투표제
도입여부
배제
미도입
도입
실시여부
-
-
제18기 정기주주총회제17기 정기주주총회제17기 제1차 임시주주총회제16기 정기주주총회제16기 제2차 임시주주총회제16기 제1차 임시주주총회제15기 정기주주총회
의결권 현황
(기준일 :
2024년 12월 31일
)
(단위 : 주)
구 분
주식의 종류
주식수
비고
발행주식총수(A)
보통주
137,367,125
-
우선주
-
-
의결권없는 주식수(B)
보통주
-
-
우선주
-
-
정관에 의하여 의결권 행사가 배제된 주식수(C)
보통주
-
-
우선주
-
-
기타 법률에 의하여의결권 행사가 제한된 주식수(D)
보통주
-
-
우선주
-
-
의결권이 부활된 주식수(E)
보통주
-
-
우선주
-
-
의결권을 행사할 수 있는 주식수(F = A - B - C - D + E)
보통주
137,367,125
-
우선주
-
-
다. 주식의 사무
신주인수권의내용
제10조(주식의 발행 및 배정)① 이 회사의 주주는 신주발행에 있어서 그가 소유한 주식수에 비례하여 신주의 배정을 받을 권리를 가진다.② 제1항의 규정에 불구하고 다음 각호의 어느 하나에 해당하는 경우에는 주주 외의 자에게 이사회 결의로 신주를 배정할 수 있다.1. 주주우선공모의 방식으로 신주를 발행하는 경우2. 자본시장과 금융투자업에 관한 법률 제165조의6에 따라 일반공모증자 방식으로 신주를 발행하는 경우 <개정 2020.7.29>3. 상법 제340조의4, 상법제542조의3 또는 벤처기업육성에 관한 특별조치법 제16조의3에 따른 주식매수선택권의 행사로 인하여 신주를 발행하는 경우4. 발행하는 주식총수의 100분의 20 범위 내에서 우리사주 조합원에게 주식을 우선배정하는 경우5. 신주를 모집하거나 모집을 위하여 인수인에게 인수하게 하는 경우6. 긴급한 자금조달, 재무구조의 개선, 회사의 구조조정, 경영정상화를 위한 차입금 상환, 시설투자, 자산매입, 자본제휴, 인수합병, 목적사업수행 등 경영상 목적을 달성하기 위하여 국내외 금융기관, 기관투자자, 연기금 펀드, 제휴회사, 국내외 제약회사, 국내외 합작법인, 현물출자자 또는 기타 투자자 등에게 신주를 발행하는 경우<개정 2020.7.29>7. 주식예탁증서(DR) 발행에 따라 신주를 발행하는 경우 <개정 2020.7.29>8. 기타 이사회가 합리적으로 판단하여 회사의 경영목적 달성을 위한 필요에 따라 신주를 발행하는 경우 <개정 2020.7.29>③ 제2항 각호의 어느 하나의 방식에 의해 신주를 발행할 경우에는 발행할 주식의 종류와 수 및 발행가격 등은 이사회의 결의로 정한다.④ 주주가 신주인수권을 포기 또는 상실하거나 신주배정에서 단주가 발생하는 경우에 그 처리방법은 이사회의 결의로 정한다.<개정 2020.7.29>
결산일
12월 31일
정기주주총회
사업연도 종료후 3월이내
주주명부폐쇄시기
매년 1월 1일부터 1월 31일까지 권리에 관한 주주명부의 기재변경을 정지하며, 매년 12월 31일 최종의 주주명부에 기재되어 있는 주주를 그 결산기에 관한 정기주주총회에서 권리를 행사할 주주로 합니다.
주권의 종류
1주권, 5주권, 10주권, 50주권, 100주권, 500주권, 1,000주권및 10,000주권 8종
명의개서대리인
한국예탁결제원 (051-519-1500)(부산광역시 남구 문현금융로 40)
주주의 특전
해당사항 없음
공고게재
당사 인터넷 홈페이지(www.sillajen.com) 또는부득이할 경우 '매일경제신문'
바. 주주총회의사록 요약
주총일자
안 건
결의내용
제19기정기주주총회('25.03.28)
제1호 의안: 제19기 재무제표 승인의 건제2호 의안: 이사 보수한도 승인의 건제3호 의안: 감사 보수한도 승인의 건제4호 의안: 이사 선임의 건제4-1호 의안: 사내이사 김재경 선임의 건제4-2호 의안: 사외이사 장용재 선임의 건제4-3호 의안: 사외이사 정병욱 선임의 건제4-4호 의안: 사외이사 김명환 선임의 건제5호 의안: 감사 선임의 건제5-1호 의안: 상근감사 김은수 선임의 건제6호 의안: 주식매수선택권 부여의 건제7호 의안: 정관 변경의 건제7-1호 의안: 제35조의 5 주주간담회 정례화 신설의 건
제1호 의안: 원안대로 승인제2호 의안: 원안대로 승인제3호 의안: 원안대로 승인제4호 의안제4-1호 의안: 원안대로 승인제4-2호 의안: 원안대로 승인제4-3호 의안: 원안대로 승인제4-4호 의안: 부결제5호 의안제5-1호 의안: 원안대로 승인제6호 의안: 원안대로 승인제7호의안제7-1호 의안: 부결
제18기정기주주총회('24.03.29)
제1호 의안: 제18기 재무제표 승인의 건 (가결)제2호 의안: 이사 보수한도 승인의 건
(가결)
제3호 의안: 감사 보수한도 승인의 건
(가결)
제4호 의안: 이사 선임의 건제4-1호 의안: 사내이사 박상근 선임의 건
(가결)
원안대로 승인
제17기정기주주총회('23.03.31)
제1호 의안: 제17기 재무제표 승인의 건
(가결)
제2호 의안: 이사 보수한도 승인의 건
(가결)
제3호 의안: 감사 보수한도 승인의 건
(가결)
제4호 의안: 주식매수선택권 부여 승인의 건
(가결)
원안대로 승인
제17기임시주주총회('22.08.04)
제 1호 의안 : 이사 선임의 건제 1-1 호 의안 : 사외이사 장용재 선임의 건
(가결)
제 1-2 호 의안 : 사외이사 정병욱 선임의 건
(가결)
제1-3 호 의안 : 사내이사 김재경 선임의 건
(가결)
제 2 호 의안 : 감사 선임의 건제 2-1 호 의안 : 상근감사 이영우 선임의 건
(가결)
제 3 호 의안 : 주식매수선택권 부여의 건
(가결)
원안대로 승인
제16기정기주주총회('22.03.30)
제1호 의안: 제16기 재무제표 승인의 건
(가결)
제2호 의안: 이사 보수한도 승인의 건
(가결)
제3호 의안: 감사 보수한도 승인의 건
(가결)
제4호 의안: 정관 변경의 건제4-1호 의안: 이사회 내 위원회 개정의 건
(가결)
제4-2호 의안: 기술위원회 신설의 건
(가결)
원안대로 승인"	"3. 주주총회 등에 관한 사항
가. 투표제도 현황
(기준일 :
2024년 12월 31일
)
투표제도 종류
집중투표제
서면투표제
전자투표제
도입여부
배제
미도입
도입
실시여부
-
-
제18기 정기주주총회제17기 정기주주총회제17기 제1차 임시주주총회제16기 정기주주총회제16기 제2차 임시주주총회제16기 제1차 임시주주총회제15기 정기주주총회
나. 소수주주권
공시 대상 기간 중 소수주주권 행사내역은 다음과 같습니다.(1) 소수주주권 행사 내역
행사자
내용
안건
행사목적
거부사유
진행경과
이OO 외 526명
정기주주총회 목적사항 상정 요청
- 이사 선임의 건 : 사외이사 김명환- 정관 변경의 건 : 주주간담회 정례화
좌측 주주제안 사항을 정기주주총회 목적사항으로 상정
-
- 행사자는 좌측 주주제안 사항을 정기주주총회 목적사항으로 상정할 것을 제안(2025.02.05)- 주주제안 행사요건을 충족하였고, 주주제안 결격사유가 존재하지 않으므로, 당사 이사회에서 주주제안을 주주총회 안건으로 상장하기로 결의(2025.03.05) 하였음.- 모든 주주제안 안건은 부결되었음(2025.03.28)
이OO 외 452명
임시주주총회 소집청구
- 이사 해임의 건 : 대표이사 김재경- 정관 변경의 건 : 주주간담회 정례화
좌측 주주제안 사항을 임시주주총회 목적사항으로 상정
제안사항에 대한 이사회부결
- 행사자는 임시주주총회를 소집할 것을 제안(2024.10.24)- 제안사항인 임시주주총회 소집의 건은 이사회에서 부결(2024.11.21)
다. 의결권 현황
(기준일 :
2024년 12월 31일
)
(단위 : 주)
구 분
주식의 종류
주식수
비고
발행주식총수(A)
보통주
137,367,125
-
우선주
-
-
의결권없는 주식수(B)
보통주
-
-
우선주
-
-
정관에 의하여 의결권 행사가 배제된 주식수(C)
보통주
-
-
우선주
-
-
기타 법률에 의하여의결권 행사가 제한된 주식수(D)
보통주
-
-
우선주
-
-
의결권이 부활된 주식수(E)
보통주
-
-
우선주
-
-
의결권을 행사할 수 있는 주식수(F = A - B - C - D + E)
보통주
137,367,125
-
우선주
-
-
라. 주식의 사무
신주인수권의내용
제10조(주식의 발행 및 배정)① 이 회사의 주주는 신주발행에 있어서 그가 소유한 주식수에 비례하여 신주의 배정을 받을 권리를 가진다.② 제1항의 규정에 불구하고 다음 각호의 어느 하나에 해당하는 경우에는 주주 외의 자에게 이사회 결의로 신주를 배정할 수 있다.1. 주주우선공모의 방식으로 신주를 발행하는 경우2. 자본시장과 금융투자업에 관한 법률 제165조의6에 따라 일반공모증자 방식으로 신주를 발행하는 경우 <개정 2020.7.29>3. 상법 제340조의4, 상법제542조의3 또는 벤처기업육성에 관한 특별조치법 제16조의3에 따른 주식매수선택권의 행사로 인하여 신주를 발행하는 경우4. 발행하는 주식총수의 100분의 20 범위 내에서 우리사주 조합원에게 주식을 우선배정하는 경우5. 신주를 모집하거나 모집을 위하여 인수인에게 인수하게 하는 경우6. 긴급한 자금조달, 재무구조의 개선, 회사의 구조조정, 경영정상화를 위한 차입금 상환, 시설투자, 자산매입, 자본제휴, 인수합병, 목적사업수행 등 경영상 목적을 달성하기 위하여 국내외 금융기관, 기관투자자, 연기금 펀드, 제휴회사, 국내외 제약회사, 국내외 합작법인, 현물출자자 또는 기타 투자자 등에게 신주를 발행하는 경우<개정 2020.7.29>7. 주식예탁증서(DR) 발행에 따라 신주를 발행하는 경우 <개정 2020.7.29>8. 기타 이사회가 합리적으로 판단하여 회사의 경영목적 달성을 위한 필요에 따라 신주를 발행하는 경우 <개정 2020.7.29>③ 제2항 각호의 어느 하나의 방식에 의해 신주를 발행할 경우에는 발행할 주식의 종류와 수 및 발행가격 등은 이사회의 결의로 정한다.④ 주주가 신주인수권을 포기 또는 상실하거나 신주배정에서 단주가 발생하는 경우에 그 처리방법은 이사회의 결의로 정한다.<개정 2020.7.29>
결산일
12월 31일
정기주주총회
사업연도 종료후 3월이내
주주명부폐쇄시기
매년 1월 1일부터 1월 31일까지 권리에 관한 주주명부의 기재변경을 정지하며, 매년 12월 31일 최종의 주주명부에 기재되어 있는 주주를 그 결산기에 관한 정기주주총회에서 권리를 행사할 주주로 합니다.
주권의 종류
1주권, 5주권, 10주권, 50주권, 100주권, 500주권, 1,000주권및 10,000주권 8종
명의개서대리인
한국예탁결제원 (051-519-1500)(부산광역시 남구 문현금융로 40)
주주의 특전
해당사항 없음
공고게재
당사 인터넷 홈페이지(www.sillajen.com) 또는부득이할 경우 '매일경제신문'
마. 주주총회의사록 요약
주총일자
안 건
결의내용
주요논의내용
제19기정기주주총회('25.03.28)
제1호 의안: 제19기 재무제표 승인의 건제2호 의안: 이사 보수한도 승인의 건제3호 의안: 감사 보수한도 승인의 건제4호 의안: 이사 선임의 건제4-1호 의안: 사내이사 김재경 선임의 건제4-2호 의안: 사외이사 장용재 선임의 건제4-3호 의안: 사외이사 정병욱 선임의 건제4-4호 의안: 사외이사 김명환 선임의 건(주주제안)제5호 의안: 감사 선임의 건제5-1호 의안: 상근감사 김은수 선임의 건제6호 의안: 주식매수선택권 부여의 건제7호 의안: 정관 변경의 건 (주주제안)제7-1호 의안: 제35조의 5 주주간담회 정례화 신설의 건
제1호 의안: 원안대로 승인제2호 의안: 원안대로 승인제3호 의안: 원안대로 승인제4호 의안제4-1호 의안: 원안대로 승인제4-2호 의안: 원안대로 승인제4-3호 의안: 원안대로 승인제4-4호 의안: 부결제5호 의안제5-1호 의안: 원안대로 승인제6호 의안: 원안대로 승인제7호의안제7-1호 의안: 부결
[주주제안 관련 사항]-주주: 소통강화 및 기업가치 제고 목적을 위하여 사외이사 (1명) 선임 및 주주간담회 정례화를 정관에 신설할 것을 제안-회사: 소수주주들의 의견을 수용하여, 소수주주들이 추천한 이사 및 정관변경의 건을 주총 안건으로 상정하였음을 설명- 해당 안건은 총회에서 정족수 미달로 부결됨
제18기정기주주총회('24.03.29)
제1호 의안: 제18기 재무제표 승인의 건 (가결)제2호 의안: 이사 보수한도 승인의 건 (가결)제3호 의안: 감사 보수한도 승인의 건 (가결)제4호 의안: 이사 선임의 건제4-1호 의안: 사내이사 박상근 선임의 건 (가결)
원안대로 승인
-
제17기정기주주총회('23.03.31)
제1호 의안: 제17기 재무제표 승인의 건 (가결)제2호 의안: 이사 보수한도 승인의 건 (가결)제3호 의안: 감사 보수한도 승인의 건 (가결)제4호 의안: 주식매수선택권 부여 승인의 건 (가결)
원안대로 승인
-
제17기임시주주총회('22.08.04)
제 1호 의안 : 이사 선임의 건제 1-1 호 의안 : 사외이사 장용재 선임의 건 (가결)제 1-2 호 의안 : 사외이사 정병욱 선임의 건 (가결)제1-3 호 의안 : 사내이사 김재경 선임의 건 (가결)제 2 호 의안 : 감사 선임의 건제 2-1 호 의안 : 상근감사 이영우 선임의 건 (가결)제 3 호 의안 : 주식매수선택권 부여의 건 (가결)
원안대로 승인
-
제16기정기주주총회('22.03.30)
제1호 의안: 제16기 재무제표 승인의 건 (가결)제2호 의안: 이사 보수한도 승인의 건 (가결)제3호 의안: 감사 보수한도 승인의 건 (가결)제4호 의안: 정관 변경의 건제4-1호 의안: 이사회 내 위원회 개정의 건 (가결)제4-2호 의안: 기술위원회 신설의 건 (가결)
원안대로 승인
- 정관 변경의 취지 설명"	ok
20250814002387	신라젠	예	VI. 3. 주주총회의사록요약	금융감독원 2024년 사업보고서 비재무사항 점검 결과 미흡사항 정정	20250515001928	"3. 주주총회 등에 관한 사항
(기준일 :
2024년 12월 31일
)
투표제도 종류
집중투표제
서면투표제
전자투표제
도입여부
배제
미도입
도입
실시여부
-
-
제18기 정기주주총회제17기 정기주주총회제17기 제1차 임시주주총회제16기 정기주주총회제16기 제2차 임시주주총회제16기 제1차 임시주주총회제15기 정기주주총회
의결권 현황
(기준일 :
2024년 12월 31일
)
(단위 : 주)
구 분
주식의 종류
주식수
비고
발행주식총수(A)
보통주
137,367,125
-
우선주
-
-
의결권없는 주식수(B)
보통주
-
-
우선주
-
-
정관에 의하여 의결권 행사가 배제된 주식수(C)
보통주
-
-
우선주
-
-
기타 법률에 의하여의결권 행사가 제한된 주식수(D)
보통주
-
-
우선주
-
-
의결권이 부활된 주식수(E)
보통주
-
-
우선주
-
-
의결권을 행사할 수 있는 주식수(F = A - B - C - D + E)
보통주
137,367,125
-
우선주
-
-
다. 주식의 사무
신주인수권의내용
제10조(주식의 발행 및 배정)① 이 회사의 주주는 신주발행에 있어서 그가 소유한 주식수에 비례하여 신주의 배정을 받을 권리를 가진다.② 제1항의 규정에 불구하고 다음 각호의 어느 하나에 해당하는 경우에는 주주 외의 자에게 이사회 결의로 신주를 배정할 수 있다.1. 주주우선공모의 방식으로 신주를 발행하는 경우2. 자본시장과 금융투자업에 관한 법률 제165조의6에 따라 일반공모증자 방식으로 신주를 발행하는 경우 <개정 2020.7.29>3. 상법 제340조의4, 상법제542조의3 또는 벤처기업육성에 관한 특별조치법 제16조의3에 따른 주식매수선택권의 행사로 인하여 신주를 발행하는 경우4. 발행하는 주식총수의 100분의 20 범위 내에서 우리사주 조합원에게 주식을 우선배정하는 경우5. 신주를 모집하거나 모집을 위하여 인수인에게 인수하게 하는 경우6. 긴급한 자금조달, 재무구조의 개선, 회사의 구조조정, 경영정상화를 위한 차입금 상환, 시설투자, 자산매입, 자본제휴, 인수합병, 목적사업수행 등 경영상 목적을 달성하기 위하여 국내외 금융기관, 기관투자자, 연기금 펀드, 제휴회사, 국내외 제약회사, 국내외 합작법인, 현물출자자 또는 기타 투자자 등에게 신주를 발행하는 경우<개정 2020.7.29>7. 주식예탁증서(DR) 발행에 따라 신주를 발행하는 경우 <개정 2020.7.29>8. 기타 이사회가 합리적으로 판단하여 회사의 경영목적 달성을 위한 필요에 따라 신주를 발행하는 경우 <개정 2020.7.29>③ 제2항 각호의 어느 하나의 방식에 의해 신주를 발행할 경우에는 발행할 주식의 종류와 수 및 발행가격 등은 이사회의 결의로 정한다.④ 주주가 신주인수권을 포기 또는 상실하거나 신주배정에서 단주가 발생하는 경우에 그 처리방법은 이사회의 결의로 정한다.<개정 2020.7.29>
결산일
12월 31일
정기주주총회
사업연도 종료후 3월이내
주주명부폐쇄시기
매년 1월 1일부터 1월 31일까지 권리에 관한 주주명부의 기재변경을 정지하며, 매년 12월 31일 최종의 주주명부에 기재되어 있는 주주를 그 결산기에 관한 정기주주총회에서 권리를 행사할 주주로 합니다.
주권의 종류
1주권, 5주권, 10주권, 50주권, 100주권, 500주권, 1,000주권및 10,000주권 8종
명의개서대리인
한국예탁결제원 (051-519-1500)(부산광역시 남구 문현금융로 40)
주주의 특전
해당사항 없음
공고게재
당사 인터넷 홈페이지(www.sillajen.com) 또는부득이할 경우 '매일경제신문'
바. 주주총회의사록 요약
주총일자
안 건
결의내용
제19기정기주주총회('25.03.28)
제1호 의안: 제19기 재무제표 승인의 건제2호 의안: 이사 보수한도 승인의 건제3호 의안: 감사 보수한도 승인의 건제4호 의안: 이사 선임의 건제4-1호 의안: 사내이사 김재경 선임의 건제4-2호 의안: 사외이사 장용재 선임의 건제4-3호 의안: 사외이사 정병욱 선임의 건제4-4호 의안: 사외이사 김명환 선임의 건제5호 의안: 감사 선임의 건제5-1호 의안: 상근감사 김은수 선임의 건제6호 의안: 주식매수선택권 부여의 건제7호 의안: 정관 변경의 건제7-1호 의안: 제35조의 5 주주간담회 정례화 신설의 건
제1호 의안: 원안대로 승인제2호 의안: 원안대로 승인제3호 의안: 원안대로 승인제4호 의안제4-1호 의안: 원안대로 승인제4-2호 의안: 원안대로 승인제4-3호 의안: 원안대로 승인제4-4호 의안: 부결제5호 의안제5-1호 의안: 원안대로 승인제6호 의안: 원안대로 승인제7호의안제7-1호 의안: 부결
제18기정기주주총회('24.03.29)
제1호 의안: 제18기 재무제표 승인의 건 (가결)제2호 의안: 이사 보수한도 승인의 건
(가결)
제3호 의안: 감사 보수한도 승인의 건
(가결)
제4호 의안: 이사 선임의 건제4-1호 의안: 사내이사 박상근 선임의 건
(가결)
원안대로 승인
제17기정기주주총회('23.03.31)
제1호 의안: 제17기 재무제표 승인의 건
(가결)
제2호 의안: 이사 보수한도 승인의 건
(가결)
제3호 의안: 감사 보수한도 승인의 건
(가결)
제4호 의안: 주식매수선택권 부여 승인의 건
(가결)
원안대로 승인
제17기임시주주총회('22.08.04)
제 1호 의안 : 이사 선임의 건제 1-1 호 의안 : 사외이사 장용재 선임의 건
(가결)
제 1-2 호 의안 : 사외이사 정병욱 선임의 건
(가결)
제1-3 호 의안 : 사내이사 김재경 선임의 건
(가결)
제 2 호 의안 : 감사 선임의 건제 2-1 호 의안 : 상근감사 이영우 선임의 건
(가결)
제 3 호 의안 : 주식매수선택권 부여의 건
(가결)
원안대로 승인
제16기정기주주총회('22.03.30)
제1호 의안: 제16기 재무제표 승인의 건
(가결)
제2호 의안: 이사 보수한도 승인의 건
(가결)
제3호 의안: 감사 보수한도 승인의 건
(가결)
제4호 의안: 정관 변경의 건제4-1호 의안: 이사회 내 위원회 개정의 건
(가결)
제4-2호 의안: 기술위원회 신설의 건
(가결)
원안대로 승인"	"3. 주주총회 등에 관한 사항
가. 투표제도 현황
(기준일 :
2024년 12월 31일
)
투표제도 종류
집중투표제
서면투표제
전자투표제
도입여부
배제
미도입
도입
실시여부
-
-
제18기 정기주주총회제17기 정기주주총회제17기 제1차 임시주주총회제16기 정기주주총회제16기 제2차 임시주주총회제16기 제1차 임시주주총회제15기 정기주주총회
나. 소수주주권
공시 대상 기간 중 소수주주권 행사내역은 다음과 같습니다.(1) 소수주주권 행사 내역
행사자
내용
안건
행사목적
거부사유
진행경과
이OO 외 526명
정기주주총회 목적사항 상정 요청
- 이사 선임의 건 : 사외이사 김명환- 정관 변경의 건 : 주주간담회 정례화
좌측 주주제안 사항을 정기주주총회 목적사항으로 상정
-
- 행사자는 좌측 주주제안 사항을 정기주주총회 목적사항으로 상정할 것을 제안(2025.02.05)- 주주제안 행사요건을 충족하였고, 주주제안 결격사유가 존재하지 않으므로, 당사 이사회에서 주주제안을 주주총회 안건으로 상장하기로 결의(2025.03.05) 하였음.- 모든 주주제안 안건은 부결되었음(2025.03.28)
이OO 외 452명
임시주주총회 소집청구
- 이사 해임의 건 : 대표이사 김재경- 정관 변경의 건 : 주주간담회 정례화
좌측 주주제안 사항을 임시주주총회 목적사항으로 상정
제안사항에 대한 이사회부결
- 행사자는 임시주주총회를 소집할 것을 제안(2024.10.24)- 제안사항인 임시주주총회 소집의 건은 이사회에서 부결(2024.11.21)
다. 의결권 현황
(기준일 :
2024년 12월 31일
)
(단위 : 주)
구 분
주식의 종류
주식수
비고
발행주식총수(A)
보통주
137,367,125
-
우선주
-
-
의결권없는 주식수(B)
보통주
-
-
우선주
-
-
정관에 의하여 의결권 행사가 배제된 주식수(C)
보통주
-
-
우선주
-
-
기타 법률에 의하여의결권 행사가 제한된 주식수(D)
보통주
-
-
우선주
-
-
의결권이 부활된 주식수(E)
보통주
-
-
우선주
-
-
의결권을 행사할 수 있는 주식수(F = A - B - C - D + E)
보통주
137,367,125
-
우선주
-
-
라. 주식의 사무
신주인수권의내용
제10조(주식의 발행 및 배정)① 이 회사의 주주는 신주발행에 있어서 그가 소유한 주식수에 비례하여 신주의 배정을 받을 권리를 가진다.② 제1항의 규정에 불구하고 다음 각호의 어느 하나에 해당하는 경우에는 주주 외의 자에게 이사회 결의로 신주를 배정할 수 있다.1. 주주우선공모의 방식으로 신주를 발행하는 경우2. 자본시장과 금융투자업에 관한 법률 제165조의6에 따라 일반공모증자 방식으로 신주를 발행하는 경우 <개정 2020.7.29>3. 상법 제340조의4, 상법제542조의3 또는 벤처기업육성에 관한 특별조치법 제16조의3에 따른 주식매수선택권의 행사로 인하여 신주를 발행하는 경우4. 발행하는 주식총수의 100분의 20 범위 내에서 우리사주 조합원에게 주식을 우선배정하는 경우5. 신주를 모집하거나 모집을 위하여 인수인에게 인수하게 하는 경우6. 긴급한 자금조달, 재무구조의 개선, 회사의 구조조정, 경영정상화를 위한 차입금 상환, 시설투자, 자산매입, 자본제휴, 인수합병, 목적사업수행 등 경영상 목적을 달성하기 위하여 국내외 금융기관, 기관투자자, 연기금 펀드, 제휴회사, 국내외 제약회사, 국내외 합작법인, 현물출자자 또는 기타 투자자 등에게 신주를 발행하는 경우<개정 2020.7.29>7. 주식예탁증서(DR) 발행에 따라 신주를 발행하는 경우 <개정 2020.7.29>8. 기타 이사회가 합리적으로 판단하여 회사의 경영목적 달성을 위한 필요에 따라 신주를 발행하는 경우 <개정 2020.7.29>③ 제2항 각호의 어느 하나의 방식에 의해 신주를 발행할 경우에는 발행할 주식의 종류와 수 및 발행가격 등은 이사회의 결의로 정한다.④ 주주가 신주인수권을 포기 또는 상실하거나 신주배정에서 단주가 발생하는 경우에 그 처리방법은 이사회의 결의로 정한다.<개정 2020.7.29>
결산일
12월 31일
정기주주총회
사업연도 종료후 3월이내
주주명부폐쇄시기
매년 1월 1일부터 1월 31일까지 권리에 관한 주주명부의 기재변경을 정지하며, 매년 12월 31일 최종의 주주명부에 기재되어 있는 주주를 그 결산기에 관한 정기주주총회에서 권리를 행사할 주주로 합니다.
주권의 종류
1주권, 5주권, 10주권, 50주권, 100주권, 500주권, 1,000주권및 10,000주권 8종
명의개서대리인
한국예탁결제원 (051-519-1500)(부산광역시 남구 문현금융로 40)
주주의 특전
해당사항 없음
공고게재
당사 인터넷 홈페이지(www.sillajen.com) 또는부득이할 경우 '매일경제신문'
마. 주주총회의사록 요약
주총일자
안 건
결의내용
주요논의내용
제19기정기주주총회('25.03.28)
제1호 의안: 제19기 재무제표 승인의 건제2호 의안: 이사 보수한도 승인의 건제3호 의안: 감사 보수한도 승인의 건제4호 의안: 이사 선임의 건제4-1호 의안: 사내이사 김재경 선임의 건제4-2호 의안: 사외이사 장용재 선임의 건제4-3호 의안: 사외이사 정병욱 선임의 건제4-4호 의안: 사외이사 김명환 선임의 건(주주제안)제5호 의안: 감사 선임의 건제5-1호 의안: 상근감사 김은수 선임의 건제6호 의안: 주식매수선택권 부여의 건제7호 의안: 정관 변경의 건 (주주제안)제7-1호 의안: 제35조의 5 주주간담회 정례화 신설의 건
제1호 의안: 원안대로 승인제2호 의안: 원안대로 승인제3호 의안: 원안대로 승인제4호 의안제4-1호 의안: 원안대로 승인제4-2호 의안: 원안대로 승인제4-3호 의안: 원안대로 승인제4-4호 의안: 부결제5호 의안제5-1호 의안: 원안대로 승인제6호 의안: 원안대로 승인제7호의안제7-1호 의안: 부결
[주주제안 관련 사항]-주주: 소통강화 및 기업가치 제고 목적을 위하여 사외이사 (1명) 선임 및 주주간담회 정례화를 정관에 신설할 것을 제안-회사: 소수주주들의 의견을 수용하여, 소수주주들이 추천한 이사 및 정관변경의 건을 주총 안건으로 상정하였음을 설명- 해당 안건은 총회에서 정족수 미달로 부결됨
제18기정기주주총회('24.03.29)
제1호 의안: 제18기 재무제표 승인의 건 (가결)제2호 의안: 이사 보수한도 승인의 건 (가결)제3호 의안: 감사 보수한도 승인의 건 (가결)제4호 의안: 이사 선임의 건제4-1호 의안: 사내이사 박상근 선임의 건 (가결)
원안대로 승인
-
제17기정기주주총회('23.03.31)
제1호 의안: 제17기 재무제표 승인의 건 (가결)제2호 의안: 이사 보수한도 승인의 건 (가결)제3호 의안: 감사 보수한도 승인의 건 (가결)제4호 의안: 주식매수선택권 부여 승인의 건 (가결)
원안대로 승인
-
제17기임시주주총회('22.08.04)
제 1호 의안 : 이사 선임의 건제 1-1 호 의안 : 사외이사 장용재 선임의 건 (가결)제 1-2 호 의안 : 사외이사 정병욱 선임의 건 (가결)제1-3 호 의안 : 사내이사 김재경 선임의 건 (가결)제 2 호 의안 : 감사 선임의 건제 2-1 호 의안 : 상근감사 이영우 선임의 건 (가결)제 3 호 의안 : 주식매수선택권 부여의 건 (가결)
원안대로 승인
-
제16기정기주주총회('22.03.30)
제1호 의안: 제16기 재무제표 승인의 건 (가결)제2호 의안: 이사 보수한도 승인의 건 (가결)제3호 의안: 감사 보수한도 승인의 건 (가결)제4호 의안: 정관 변경의 건제4-1호 의안: 이사회 내 위원회 개정의 건 (가결)제4-2호 의안: 기술위원회 신설의 건 (가결)
원안대로 승인
- 정관 변경의 취지 설명"	ok
20250814002379	두산	예	I. 4. 마. 자기주식 보유현황 등 > 1. 자기주식 보유현황	미흡기재	20250321001806	"마. 자기주식 보유현황 등
당사는 자본시장과 금융투자업에 관한 법률 시행령 제176조의2 제6항에 따라 아래와 같은 자기주식 보유현황 등에 대한 이사회의 승인을 받았습니다.
1. 자기주식 보유현황 (기준일 : 2024년 12월 31일)
당사는 2024년말 기준 자기주식 보통주식 3,000,866주, 종류주식 612,104주를 보유하고 있습니다. 배당가능이익범위 이내 취득한 자기주식은 보통주식 2,806,867주, 종류주식 296,009주이며, 특정 목적에 의해 취득한 자기주식(기타 취득)은 보통주식 193,999주, 종류주식 316,095주 입니다.
(단위 : 주)
취득방법
취득(계약체결)결정 공시일자
주식종류
취득기간
취득목적
최초보유예상기간
최초취득수량
변동 수량
기말수량
비고
처분(-)
소각(-)
배당가능이익범위이내취득
직접취득
-
보통주식
-
-
-
-
-
-
-
-
-
종류주식
-
-
-
-
-
-
-
-
신탁계약에의한 취득
-
보통주식
-
-
-
2,806,867
-
-
2,806,867
-
-
종류주식
-
-
-
296,009
-
-
296,009
-
기타 취득
-
보통주식
-
-
-
193,999
-
-
193,999
-
-
종류주식
-
-
-
316,095
-
-
316,095
-
총계
3,612,970
-
-
3,612,970
-
※ 상기 현황은 공시대상기간(2022~2024년) 기준으로 작성되었습니다.
※
공시대상기간 중 자기주식의 취득/처분/소각 등의 변동은 없었으며, 상기 ""최초 취득수량""은 2022년의 사업연도 개시 시점(2022.01.01)의 보유 수량이며, ""기말수량""은 기준일 현재(2024.12.31)의 보유 수량 입니다.
2. 자기주식 보유 목적
당사는 주주가치 제고 및 임직원 보상지급(RSU) 등의 목적으로 자기주식을 보유하고 있습니다.
3. 자기주식 취득계획
당사의 자기주식 취득 계획은 현재까지 확정된 바 없습니다.
4. 자기주식 소각 및 처분계획
당사는
㈜
두산 보통주에 대해 2025년부터 3개년간 최소 99만주(약 6%) 이상을 균등 소각할 예정입니다. 대내외 불확실성 및 주가 변동성 등을 고려하여, 소각 시기는 매년 별도 이사회 승인을 득한 후 진행 할 예정입니다. 본 자기주식 소각 계획은 향후 진행과정에서 일부 변경될 수 있습니다.
당사는 2022년 임직원 보상을 위한 RSU(Restricted Stock Unit) 제도를 도입하였으며, 2025년 2월 25일 지급조건을 충족한 39,547주에 대하여 보유한 자기주식 지급을 완료하였습니다. 2023년 및 2024년에 부여한 RSU는 지급 조건이 충족되는 2026년(44,260주 예상) 및 2027년(42,885주 예상) 지급 예정이며, 구체적인 지급 수량은 향후 지급 조건 충족여부에 따라 변경될 수 있습니다.
5. 기타 투자자 보호를 위해 필요한 사항
상기 자기주식 소각 및 처분 계획은 향후 시장상황 및 경영환경 변화에 따라 변경될 수 있으며, 이에 따른 계획의 구체적인 실행에 관하여는 해당 시점에 개최되는 별도의 이사회 승인 등을 포함하여 관련 법령상의 절차를 거쳐 이루어질 예정입니다."	"마. 자기주식 보유현황 등
당사는 자본시장과 금융투자업에 관한 법률 시행령 제176조의2 제6항에 따라 아래와 같은 자기주식 보유현황 등에 대한 이사회의 승인을 받았습니다.
1. 자기주식 보유현황 (기준일 : 2024년 12월 31일)
당사는 공시서류작성기준일(2024년 12월 31일) 현재 총 3,612,970주 (보통주식 3,000,866주, 종류주식 612,104주)의 자기주식을 보유하고 있습니다. 배당가능이익범위 이내 취득한 자기주식은 보통주식 2,806,867주, 종류주식 296,009주이며, 특정 목적에 의해 취득한 자기주식(기타 취득)은 보통주식 193,999주, 종류주식 316,095주 입니다.
(단위 : 주)
취득방법
취득(계약체결)결정 공시일자
주식종류
취득기간
취득목적
최초보유예상기간
최초취득수량
변동 수량
기말수량
비고
처분(-)
소각(-)
배당가능이익범위이내취득
직접취득
-
보통주식
-
-
-
-
-
-
-
-
-
종류주식
-
-
-
-
-
-
-
-
신탁계약에의한 취득
2002년 12월 17일
종류주식
2002-12-31 ~ 2003-06-30
주가안정 등 (신탁해지 직접보유분)
-
230,000
-
-219,933
10,067
취득관련 : 주1) 참조소각관련 : 주2) 참조
2003년 03월 28일
종류주식
2003-03-31 ~ 2003-06-30
주가안정 등 (신탁해지 직접보유분)
-
316,653
-
-
326,720
취득관련 : 주3) 참조
2003년 10월 10일
보통주식
2003-10-31 ~ 2012-05-31
주가안정 등 (신탁해지 직접보유분)
-
1,680,630
-
-641,938
1,038,692
취득관련 : 주4) 참조소각관련 : 주5) 참조
2012년 05월 18일
보통주식
2012-05-31 ~ 2013-05-16
주가안정 등 (신탁해지 직접보유분)
-
399,737
-
-
1,438,429
취득관련 : 주6) 참조
2013년 05월 02일
보통주식
2013-05-31 ~ 2014-04-30
주가안정 등 (신탁해지 직접보유분)
-
213,797
-
-
1,652,226
취득관련 : 주7) 참조
2014년 05월 29일
보통주식
2014-05-31 ~ 2015-01-31
주가안정 등 (신탁해지 직접보유분)
-
253,300
-
-
1,905,526
취득관련 : 주8) 참조
2014년 10월 01일
보통주식
2014-10-31 ~ 2015-01-31
주가안정 등 (신탁해지 직접보유분)
-
278,383
-
-
2,183,909
취득관련 : 주9) 참조
2015년 01월 06일
보통주식
2015-01-31 ~ 2015-12-31
주가안정 등 (신탁해지 직접보유분)
-
277,159
-
-
2,461,068
취득관련 : 주10) 참조
2015년 06월 29일
보통주식
2015-06-30 ~ 2015-12-31
주가안정 등 (신탁해지 직접보유분)
-
286,671
-
-
2,747,739
취득관련 : 주11) 참조
2016년 01월 11일
보통주식
2016-01-29 ~ 2016-10-31
주가안정 등 (신탁해지 직접보유분)
-
350,327
-
-
3,098,066
취득관련 : 주12) 참조
-
보통주식
-
인적분할
-
-
-291,199
-
2,806,867
처분관련 : 주13) 참조
-
종류주식
-
인적분할
-
-
-30,711
-
296,009
처분관련 : 주13) 참조
기타 취득
-
종류주식
2001년 12월 31일
두산테크팩㈜ 및 아이케이엔터프라이즈㈜흡수합병시 피합병회사 기존 출자 주식
-
195,849
-
-149,515
46,334
취득관련 : 흡수합병 결정 공시일 : 2001년 10월 15일 (합병기일 : 2001년 12월 31일)소각관련 : 주2) 참조
-
종류주식
2012년 11월 01일
DFMS 흡수합병에 따른 취득
-
300,000
-
-
346,334
취득관련 : 합병 결정 공시일 : 2012년 7월 30일 (합병기일 : 2012년 11월 01일)
-
보통주식
2012년 11월 01일
DFMS 흡수합병 단주
-
6
-
-
6
취득관련 : 합병 결정 공시일 : 2012년 7월 30일 (합병기일 : 2012년 11월 01일)
-
보통주식
2014년 09월 30일
퓨얼셀 파워 합병
-
208,092
-
-
208,098
취득관련 : 합병 결정 공시일 : 2014년 7월 10일 (합병기일 : 2014년 09월 30일)
-
보통주식
2014년 09월 30일
퓨얼셀 파워 합병 단주
-
5
-
-
208,103
취득관련 : 합병 결정 공시일 : 2014년 7월 10일 (합병기일 : 2014년 09월 30일)
-
보통주식
-
인적분할
-
5,457
-19,561
-
193,999
취득/처분 관련 : 주13) 참조
-
종류주식
-
인적분할
-
2,314
-32,553
-
316,095
취득/처분 관련 : 주13) 참조
총계
4,999,165
-374,024
-1,012,171
3,612,970
-
※ 상기 기재된 취득(계약체결) 결정 공시일자는 [주요사항보고서] 공시일을 기준으로 작성하였습니다.주1) 2002년 12월 17일 자사주 특정금전신탁 체결(한국산업은행/신한은행, 200억원) → 매년 연장 후 2011년 12월 16일 계약 종료 및 해지, 신탁 내 보유 자기주식 230,000주 전량 실물 반환·입고. (신탁계약 해지 공시일: 2011년 12월 16일)주2) 2012년 3월 30일 주주총회 결의에 따라 2012년 5월 2일 무상감자(자기주식 소각) 완료. (감자 결정 공시일: 2012년 03월 08일)주3) 2003년 03월 28일 자사주 특정금전신탁 체결(우리은행/하나은행/제일은행, 150억원) → 매년 연장 후 2012년 3월 27일 계약 종료 및 해지, 신탁 내 보유 자기주식 316,653주 전량 실물 반환·입고. (신탁계약 해지 공시일: 2012년 3월 27일)주4) 2003년 10월 10일 자사주 특정금전신탁 체결(한국산업은행/외환은행, 180억원) → 매년 연장 후 2012년 10월 9일 계약 종료 및 해지, 신탁 내 보유 자기주식 1,680,630주 전량 실물 반환·입고. (신탁계약 해지 공시일: 2012년 10월 09일)주5) 2018년 11월 6일 이사회 결의에 따라 2018년 11월 8일 이익소각 완료. (소각 결정 공시일: 2018년 11월 06일)주6) 2012년 05월 18일 자사주 특정금전신탁 체결(한국산업은행/우리은행/하나은행, 500억원) → 2013년 5월 16일 계약 종료 및 해지. 신탁 내 보유 자기주식 399,737주 전량 실물 반환·입고. (신탁계약 해지 공시일: 2013년 5월 16일)주7) 2013년 05월 02일 자사주 특정금전신탁 체결(우리은행/한국산업은행, 300억원) → 2014년 4월 30일 계약 종료 및 해지. 신탁 내 보유 자기주식 213,797주 전량 실물 반환·입고. (신탁계약 해지 공시일: 2014년 4월 30일)주8) 2014년 05월 29일 자사주 특정금전신탁 체결(우리은행/한국산업은행, 300억원) → 2015년 5월 28일 계약 종료 및 해지. 신탁 내 보유 자기주식 253,300주 전량 실물 반환·입고. (신탁계약 해지 공시일: 2015년 5월 28일)주9) 2014년 10월 01일 자사주 특정금전신탁 체결(한국산업은행/우리은행/하나은행, 300억원) → 2015년 9월 30일 계약 종료 및 해지. 신탁 내 보유 자기주식 278,383주 전량 실물 반환·입고. (신탁계약 해지 공시일: 2015년 9월 30일)주10) 2015년 01월 06일 자사주 특정금전신탁 체결(한국산업은행/우리은행/하나은행, 300억원) → 2016년 1월 5일 계약 종료 및 해지. 신탁 내 보유 자기주식 277,159주 전량 실물 반환·입고. (신탁계약 해지 공시일: 2016년 1월 5일)주11) 2015년 06월 29일 자사주 특정금전신탁 체결(한국산업은행/우리은행, 300억원) → 2016년 6월 28일 계약 종료 및 해지. 신탁 내 보유 자기주식 286,671주 전량 실물 반환·입고. (신탁계약 해지 공시일: 2016년 6월 28일)주12) 2015년 06월 29일 자사주 특정금전신탁 체결(한국산업은행/우리은행, 300억원) → 2017년 1월 10일 계약 종료 및 해지. 신탁 내 보유 자기주식 350,327주 전량 실물 반환·입고. (신탁계약 해지 공시일: 2017년 01월 10일)주13) 2019년 8월 13일 주주총회 결의에 따라 2019년 10월 1일 두산솔루스㈜ , 두산퓨얼셀㈜ 인적분할 완료, 분할 비율에 따라 주식 분할 및 단수주 취득. (분할 결정 공시일: 2019년 4월 15일)
2. 자기주식 보유 목적
당사는 주주가치 제고 및 임직원 보상지급(RSU) 등의 목적으로 자기주식을 보유하고 있습니다.
3. 자기주식 취득계획
당사의 자기주식 취득 계획은 현재까지 확정된 바 없습니다.
4. 자기주식 소각 및 처분계획
당사는 ㈜두산 보통주에 대해 2025년부터 3개년간 최소 99만주(약 6%) 이상을 균등 소각할 예정입니다. 대내외 불확실성 및 주가 변동성 등을 고려하여, 소각 시기는 매년 별도 이사회 승인을 득한 후 진행 할 예정입니다. 본 자기주식 소각 계획은 향후 진행과정에서 일부 변경될 수 있습니다. 당사는 2022년 임직원 보상을 위한 RSU(Restricted Stock Unit) 제도를 도입하였으며, 2025년 2월 25일 지급조건을 충족한 39,547주에 대하여 보유한 자기주식 지급을 완료하였습니다. 2023년 및 2024년에 부여한 RSU는 지급 조건이 충족되는 2026년(44,260주 예상) 및 2027년(42,885주 예상) 지급 예정이며, 구체적인 지급 수량은 향후 지급 조건 충족여부에 따라 변경될 수 있습니다.
5. 기타 투자자 보호를 위해 필요한 사항
상기 자기주식 소각 및 처분 계획은 향후 시장상황 및 경영환경 변화에 따라 변경될 수 있으며, 이에 따른 계획의 구체적인 실행에 관하여는 해당 시점에 개최되는 별도의 이사회 승인 등을 포함하여 관련 법령상의 절차를 거쳐 이루어질 예정입니다."	ok_sub
20250814002376	광명전기	예	XI. 1. 공시내용 진행 및 변경사항	미기재 및 미흡기재	20250321001712	"1. 공시내용 진행 및 변경사항
공시사항의 진행 ·변경사항
신고일자
제 목
신고내용
신고사항의 진행사항
2016.06.01(정정 2021.01.21)(정정 2022.09.08)(정정 2024.06.11)
단일판매ㆍ공급계약체결
1. 판매ㆍ공급계약물건 : 한빛 1,2호기 480V 전동기제어반2. 계약금액 : 변경전: 18,095,000,000원(부가세 포함)
변경후: 19,579,295,930원(부가세 포함)
3. 계약상대 : 한국수력원자력(주)4. 판매ㆍ공급지역 : 국내5. 계약기간 : 변경전: 2016.05.31~2022.10.31
변경후: 2016.05.31~2026.04.22
6. 계약일자 : 2016.05.31
계약금액 및 계약기간 종료일 변경
2021.12.20(정정 2022.10.05)(정정 2023.12.20)
단일판매ㆍ공급계약체결
1. 판매ㆍ공급계약물건 : 양주신도시 옥정지구 지식산업센 터 신축공사2. 계약금액 : 변경전: 11,709,060,000원(부가세 포함)
변경후: 6,671,159,000원(부가세 포함)
3. 계약상대 : (주)대한종건4. 판매ㆍ공급지역 : 국내5. 계약기간 : 변경전: 2021.12.17~2023.09.19
변경후: 2021.12.17~2024.02.29
6. 계약일자 : 2021.12.20
완료
2022.05.30(정정 2023.04.28)(정정 2024.09.03)
단일판매ㆍ공급계약체결
1. 판매ㆍ공급계약물건 : 양주시 옥정동 오피스텔 신축공사 (전기,통신)2. 계약금액 : 변경전: 17,919,000,000원(부가세 포함)
변경후: 10,448,570,000원(부가세 포함)
3. 계약상대 :
변경전: (주)대한종건
변경후: (주)대명건설
4. 판매ㆍ공급지역 : 국내5. 계약기간 : 변경전: 2022.05.27~2024.09.30
변경후: 2023.04.28~2025.03.31
6. 계약일자 : 2022.05.27
계약상대,계약금액 및 계약기간 종료일 변경
2022.05.10(정정 2024.01.09)
단일판매ㆍ공급계약체결
1. 판매ㆍ공급계약물건 : 평택 에스제이 물류센터 신축공사2. 계약금액 : 7,150,000,000원(부가세 포함)3. 계약상대 : (주)에스제이홀딩스컴퍼니4. 판매ㆍ공급지역 : 국내5. 계약기간 : 변경전: 2022.05.09~2024.01.09
변경후: 2022.05.09~2024.06.30
6. 계약일자 : 2022.05.10
완료
2023.11.24(정정 2024.02.16)(정정 2024.05.29)
단일판매ㆍ공급계약체결
1. 판매ㆍ공급계약물건 : 삼성전자 평택 P4 PH2 복합동 수배전반2. 계약금액 : 12,300,647,700원(부가세 포함)3. 계약상대 : 삼성전자 주식회사4. 판매ㆍ공급지역 : 국내5. 계약기간 : 변경전: 2023.11.23~2024.02.20
변경후: 2023.11.23~2024.11.27
6. 계약일자 : 2023.11.24
완료
2022.06.02(정정 2023.12.18)(정정 2024.02.28)
단일판매ㆍ공급계약체결
1. 판매ㆍ공급계약물건 : 안양 호계동 데이터센터 수배전반2. 계약금액 : 변경전: 13,813,299,500원(부가세 포함)
변경후: 13,815,529,552원(부가세 포함)
3. 계약상대 : 지에스건설(주)4. 판매ㆍ공급지역 : 국내5. 계약기간 : 변경전: 2022.06.01~2023.12.23
변경후: 2022.06.01~2024.04.30
6. 계약일자 : 2022.06.02
완료
2022.02.25(정정 2024.05.31)
단일판매ㆍ공급계약체결
1. 판매ㆍ공급계약물건 : 전주시 효자동 본아르떼 공동주택 신축공사2. 계약금액 : 변경전: 12,423,620,000원(부가세 포함)
변경후: 9,039,250,000원(부가세 포함)
3. 계약상대 : 주식회사 주성산업개발4. 판매ㆍ공급지역 : 국내5. 계약기간 : 변경전: 2022.02.24~2024.08.24
변경후: 2022.02.24~2024.12.24
6. 계약일자 : 2022.02.24
완료
2023.04.25(정정 2024.06.17)
(정정 2024.12.26)
단일판매ㆍ공급계약체결
1. 판매ㆍ공급계약물건 :GTX-A 시스템공구 현장 수배전반2. 계약금액 : 변경전: 16,811,898,400원(부가세 포함)3. 계약상대 : 디엘이앤씨 주식회사4. 판매ㆍ공급지역 : 국내5. 계약기간 : 변경전: 2023.04.24~2024.06.29
변경후: 2022.04.24~2025.03.31
6. 계약일자 : 2023.04.24
계약기간 종료일 변경"	"1. 공시내용 진행 및 변경사항
가. 공시사항의 진행 ·변경사항
신고일자
제 목
신고내용
신고사항의 진행사항
2016.06.01
단일판매ㆍ공급계약체결
1. 계약명 : 한빛 1,2호기 480V 전동기제어반2. 계약금액 : 19,579,295,930원3. 계약상대 : 한국수력원자력(주)4. 계약기간 : 2016.05.31~2026.04.22
-2021.01.21 변경공시-2022.09.08 변경공시-2024.06.11 변경공시-보고서 제출일 현재 납품 진행중
2021.12.20
단일판매ㆍ공급계약체결
1. 계약명 : 양주신도시 옥정지구 지식산업센터 신축공사2. 계약금액 : 6,671,159,000원3. 계약상대 : (주)대한종건4. 계약기간 : 2021.12.17~2024.02.29
-2022.10.05 변경공시-2023.12.20 변경공시-2024.02.29 사업종료
2022.05.30
단일판매ㆍ공급계약체결
1. 계약명 : 양주시 옥정동 오피스텔 신축공사 (전기,통신)2. 계약금액 : 10,448,570,000원3. 계약상대 : (주)대명건설4. 계약기간 : 2023.04.28~2025.03.31
-2023.04.28 변경공시-2024.09.03 변경공시-보고서 제출일 현재 공사 진행중
2022.05.10
단일판매ㆍ공급계약체결
1. 계약명 : 평택 에스제이 물류센터 신축공사2. 계약금액 : 7,150,000,000원3. 계약상대 : (주)에스제이홀딩스컴퍼니4. 계약기간 : 2022.05.09~2024.06.30
-2024.01.09 변경공시-2024.06.30 사업종료
2023.11.24
단일판매ㆍ공급계약체결
1. 계약명 : 삼성전자 평택 P4 PH2 복합동 수배전반2. 계약금액 : 12,300,647,700원3. 계약상대 : 삼성전자 주식회사4. 계약기간 : 2023.11.23~2024.12.31
-2024.02.16 변경공시-2024.05.29 변경공시-2024.12.31 납품완료
2022.06.02
단일판매ㆍ공급계약체결
1. 계약명 : 안양 호계동 데이터센터 수배전반2. 계약금액 : 13,815,529,552원3. 계약상대 : 지에스건설(주)4. 계약기간 : 2022.06.01~2024.04.30
-2023.12.18 변경공시-2024.02.28 변경공시-2024.04.30 납품완료
2022.02.25
단일판매ㆍ공급계약체결
1. 계약명 : 전주시 효자동 본아르떼 공동주택 신축공사2. 계약금액 : 9,039,250,000원3. 계약상대 : 주식회사 주성산업개발4. 계약기간 : 2022.02.24~2025.02.24
-2024.05.31 변경공시-2024.12.23 변경공시-보고서 제출일 현재 공사 진행중
2023.04.25
단일판매ㆍ공급계약체결
1. 계약명 :GTX-A 시스템공구 현장 수배전반2. 계약금액 : 16,811,898,400원3. 계약상대 : 디엘이앤씨 주식회사4. 계약기간 : 2022.04.24~2025.03.31
-2024.06.17 변경공시-2024.12.26 변경공시-보고서 제출일 현재 납품 진행중
나. 단일판매의 ·공급계약체결 공시 관련 진행상황
(기준일: 2024년 12월 31일) (단위: 천원)
신고일자
신고내용
계약금액총액
판매ㆍ공급금액
대금수령금액
비 고
당기
누적
당기
누적
2016.06.01
계약명 : 한빛 1,2호기 480V 전동기제어반계약상대 : 한국수력원자력(주)계약기간 : 2016.05.31~2026.04.22
19,579,296
1,017,491
17,330,511
1,017,491
17,330,511
-
2021.12.20
계약명 : 양주신도시 옥정지구 지식산업센터 신축공사계약상대 : (주)대한종건계약기간 : 2021.12.17~2024.02.29
6,671,159
1,072,730
6,671,159
-
2,607,500
(주1)
2022.05.30
계약명 : 양주시 옥정동 오피스텔 신축공사 (전기,통신)계약상대 : (주)대명건설계약기간 : 2023.04.28~2025.03.31
10,448,570
7,045,170
8,513,670
462,000
1,743,500
(주2)
2022.05.10
계약명 : 평택 에스제이 물류센터 신축공사계약상대 : (주)에스제이홀딩스컴퍼니계약기간 : 2022.05.09~2024.06.30
7,150,000
2,350,590
6,435,000
244,200
4,328,610
(주3)
2023.11.24
계약명 : 삼성전자 평택 P4 PH2 복합동 수배전반계약상대 : 삼성전자 주식회사계약기간 : 2023.11.23~2024.12.31
12,300,648
12,300,648
12,300,648
9,625,536
9,625,536
25년 1월수금 완료
2022.06.02
계약명 : 안양 호계동 데이터센터 수배전반계약상대 : 지에스건설(주)계약기간 : 2022.06.01~2024.04.30
13,815,530
1,635,985
13,815,530
1,635,985
13,815,530
-
2022.02.25
계약명 : 전주시 효자동 본아르떼 공동주택 신축공사계약상대 : 주식회사 주성산업개발계약기간 : 2022.02.24~2025.02.24
9,039,250
7,038,845
8,282,945
7,038,845
8,282,945
-
2023.04.25
계약명 :GTX-A 시스템공구 현장 수배전반계약상대 : 디엘이앤씨 주식회사계약기간 : 2022.04.24~2025.03.31
16,811,898
15,316,468
16,143,443
14,411,397
15,238,372
25년 1월수금 완료
다. 대금 미수령 사유
(주1~주3) 해당 계약건들은 부동산 경기 침체로 인해 미분양이 많이 발생하여 발주처로 부터 대금 일부를 수령하지 못했습니다.
라. 향후 추진 계획
(단위: 천원)
신고일자
신고내용
계약금액총액
판매ㆍ공급 이행
대금수령
2016.06.01
계약명 : 한빛 1,2호기 480V 전동기제어반계약상대 : 한국수력원자력(주)계약기간 : 2016.05.31~2026.04.22
19,579,296
현재 88.5% 납품중이며 잔량은 기간별 납품중
납품완료기준 대금수령중
2021.12.20
계약명 : 양주신도시 옥정지구 지식산업센터 신축공사계약상대 : (주)대한종건계약기간 : 2021.12.17~2024.02.29
6,671,159
공사 100% 진행
(주1)
2022.05.30
계약명 : 양주시 옥정동 오피스텔 신축공사 (전기,통신)계약상대 : (주)대명건설계약기간 : 2023.04.28~2025.03.31
10,448,570
공사 82% 진행중
(주2)
2022.05.10
계약명 : 평택 에스제이 물류센터 신축공사계약상대 : (주)에스제이홀딩스컴퍼니계약기간 : 2022.05.09~2024.06.30
7,150,000
공사 100% 진행
(주3)
2022.02.25
계약명 : 전주시 효자동 본아르떼 공동주택 신축공사계약상대 : 주식회사 주성산업개발계약기간 : 2022.02.24~2025.02.24
9,039,250
공사 92% 진행중
공사진행기준 대금수령중
2023.04.25
계약명 :GTX-A 시스템공구 현장 수배전반계약상대 : 디엘이앤씨 주식회사계약기간 : 2022.04.24~2025.03.31
16,811,898
현재 96.0% 납품중이며 잔량은 기간별 납품중
납품완료기준 대금수령중
-당사는 (주1~주3)를 포함하여 향후 공급, 대금수령등과 관련하여 기성금 수금등에 노력을 기울일 것이며, 향후 판매ㆍ공급 이행, 대금 수령 등 기 공시한 계약사항을 이행함에 있어 주요 계약내용 변경 및 공시의무 발생시 지체없이 공시할 예정입니다."	ok
20250814002350	삼성물산	예	XI. 1. 공시내용 진행 및 변경사항	단일판매·공급계약 체결 공시관련 향후 추진계획 등 보완	20250321001515	"1. 공시내용 진행 및 변경사항
[기 신고한 주요경영사항의 진행상황]
신고일자
제 목
신 고 내 용
신고사항의 진행상황
'22.04.05
[정정] 유상증자결정 (종속회사의 주요경영사항)
ㅇ 종속회사인 삼성바이오로직스(주)의 주요경영사항 신고
ㅇ 주요내용 - 신주의 종류와 수 : 보통주 5,009,000 주 - 증자방식 :주주배정후실권주일반공모 - 신주발행가액 : 확정발행가 보통주 639,000 원 - 신주배정기준일 : 2022-03-02 - 신주의 청약일 : ① 우리사주조합 청약 예정일 : 2022년 04월 07일 ② 구주주 청약 예정일 : 2022년 04월 07일 ~ 2022년 04월 08일 ③ 일반공모 청약 예정일 : 2022년 04월 12일 ~ 2022년 04월 13일 - 납입일 : 2022-04-15 - 이사회결의일(결정일) : 2022-01-28 - 대표주관회사 : KB증권(주), NH투자증권(주), 한국투자증권(주) ㅇ 관련공시 : 2022-03-18 타법인주식및출자증권취득결정 2022-03-18 특수관계인에대한출자
-
'22.04.20
[정정] 타법인 주식 및 출자증권 취득결정 (종속회사의 주요경영사항)
ㅇ 종속회사인 삼성바이오로직스(주)의 주요경영사항 신고
ㅇ 주요내용 - 발행회사 : 삼성바이오에피스 주식회사(SAMSUNG BIOEPIS CO., LTD. ) - 취득주식수 : 10,341,852 주 - 취득금액 : 2,765,520,000,000 원 - 취득후 소유주식수(지분비율) : 20,683,705 주(100%) - 취득방법 : 현금취득 - 취득목적 : 바이오의약품 개발 역량 강화를 통한 글로벌 사업 경쟁력 강화 - 취득예정일자 : 2022-04-20 - 이사회결의일(결정일) : 2022-01-28
ㅇ 기타 투자판단에 참고할 사항 - 금번 공시는 삼성바이오로직스(주)가 Biogen Therapeutics Inc.이 보유한 삼성바이오에피스 주식회사의 주식 10,341,852주를 양수하기로 결정함에 따른 사항임.
- 취득금액은 (1) ① 거래종결일에 지급되는 USD 1,000,000,000, ② 거래종결일로부터 1년이 되는 날까지 지급되는 USD 812,500,000, ③ 거래종결일로부터 2년이 되는 날까지 지급되는 USD 437,500,000의 합계 USD 2,250,000,000 및 ④ 일정 조건 충족 시 2027년 중 지급하는 Earn-out 최대 금액 USD 50,000,000을 합산한 금액(USD 2,300,000,000)임. (2) 원화 취득금액은 USD 2,300,000,000에 대해 공시일 기준 최초 고시 매매기준 환율 (KRW/USD=1,202.40원)을 적용하여 환산한 금액이며, 실제 취득금액은 달러화(USD)로 지급될 예정으로 원화금액은 변동될 수 있음. - 자산총액은 삼성물산(주)의 2020년말 연결재무제표 기준임. - 취득방법은 현금취득 예정이나, 거래종결일로부터 2년이 되는 날까지 지급되지 않는 양수금액이 있는 경우 삼성바이오로직스(주)가 발행하는 신주로 지급될 수 있음
- 취득금액 중 USD 1,000,000,000은 거래종결일에, USD 812,500,000은 거래종결일로부터 1년이 되는 날까지, USD 437,500,000은 거래종결일로부터 2년이 되는 날까지 각 지급할 예정이며, 취득금액 중 최대 USD 50,000,000까지 지급 가능한 Earn-out은 조건 충족 여부에 따라 2027년 중 지급 여부 및 규모가 결정될 예정임.
- 자금조달 방법은 삼성바이오로직스(주) 자체자금 및 증자 등을 통한 신규조달 자금임.
- 취득예정일자는 거래 종결에 따라 2022년 4월 20일로 확정됨.
- 이사회결의일(결정일)'은 삼성바이오로직스(주)의 이사회결의일임. ㅇ 관련공시 : 2022-01-28 타법인 주식 및 출자증권 취득결정(종속회사의 주요경영사항)
-
'22.05.09
[정정] 소송등의 판결 결정
ㅇ 주요내용 - 사건의 명칭 : 합병 무효의 소 - 사건번호 : 2016가합510827 - 원고, 신청인 : 일성신약 주식회사 외 4명 - 판결, 결정내용 : 원고 항소 취하 - 판결, 결정사유 : 원고 항소 취하 - 관할법원 : 서울중앙지방법원 - 판결, 결정일자 : 2022-05-02 - 확인일자 : 2022-05-06ㅇ 기타 투자판단과 관련한 중요사항 - 상기 '판결, 결정일자'는 원고의 항소취하서 제출일자입니다. - 상기 '확인일자'는 당사가 이 사건의 확정증명원을 수령한 일자입니다.ㅇ 관련공시 : 2017-10-19 소송등의판결ㆍ결정 2016-03-24 소송등의제기
원고 항소 취하에 따라판결이 확정됨
'22.06.02
[정정]단일판매 공급계약 체결
ㅇ WestConnex New M5 Main Works Design and Construction Deed 계약금액 확정ㅇ 주요내용 - 계약금액 변경 : 기존) 972,890,948,439원 → 변경) 997,583,621,845원 - 당사는 발주처 등과의 최종 정산 합의에 따라 계약금액이 확정되어 진행하는 건임. - 계약금액은 총 공사금액 AUD 1,254,143,824에 대해 2019년 11월 12일자 최초 매매기준율(795.43 KRW/AUD)을 적용함.※공사개요 - 계 약 명 : WestConnex New M5 Main Works Design and Construction Deed - 계약금액 : 997,583,621,845원 - 계약상대 : WCX M5 AT Pty Ltd, WCX M5 State Works Contractor Pty Ltd - 계약기간 시작일 : 2015-11-20 - 계약기간 종료일 : 2020-10-30ㅇ 관련공시 : 2015-11-23 단일판매ㆍ공급계약체결 2017-06-26 단일판매ㆍ공급계약체결 2019-11-12 단일판매ㆍ공급계약체결 2020-09-04 단일판매ㆍ공급계약체결 2020-11-10 단일판매ㆍ공급계약체결
-
'22.09.13
기타 경영사항(자율공시)
ㅇ 제목: [정정]단일판매ㆍ공급계약 체결 ㅇ 주요내용 - 당사는 알제리, 모스타가넴 복합화력 프로젝트 관련하여, 발주처 명칭이 SOCIETE ALGERIENNE DE PRODUCTION DE L'ELECTRICITE에서 SOCIETE ALGERIENNE DE L'ELECTRICITE ET DU GAZ - PRODUCTION DE L'ELECTRICITE로 변경됨에 따라 계약을 체결하였습니다. ※ 공사개요 - 체결 계약명 : 알제리, 모스타가넴 복합화력 - 계 약 금 액 : USD 588,918,291, DZD 13,673,858,369 - 계 약 상 대 : SOCIETE ALGERIENNE DE L'ELECTRICITE ET DU GAZ - PRODUCTION DE L'ELECTRICITE - 계약 시작일 : 2014-02-19 - 계약 종료일 : 2025-12-08 ㅇ 결정(확인) 일자 : 2022-09-12 ㅇ 기타 투자판단과 관련한 중요사항 - 상기 계약 종료일은 공사 종료일임. - 상기 결정(확인)일자는 변경 계약서 수령일임. - 합병 전 舊 삼성물산 공시 참조('14.2.20일, '15.8.18일) ㅇ 관련공시 : 2016-08-23 기타 경영사항(자율공시) 2016-09-29 기타 경영사항(자율공시) 2017-08-03 기타 경영사항(자율공시) 2021-04-07 기타 경영사항(자율공시) 2021-05-11 기타 경영사항(자율공시)
-
'23.03.23
[정정] 기타 경영사항(자율공시)
ㅇ 제목: [정정]단일판매ㆍ공급계약 체결
ㅇ 주요내용 - 당사는 알제리, 나마 복합화력 프로젝트 관련하여 발주처인 SOCIETE ALGERIENNE DE L'ELECTRICITE ET DU GAZ - PRODUCTION DE L'ELECTRICITE와 계약금액을 변경하고, 계약 종료일을 '23.06.19일로 연장하는 계약을 체결하였습니다. ※ 공사개요 - 체결 계약명 : 알제리, 나마 복합화력 - 계 약 금 액 : USD 563,021,735, DZD 3,632,503,637, EUR 461,476.80 - 계 약 상 대 : SOCIETE ALGERIENNE DE L'ELECTRICITE ET DU GAZ - PRODUCTION DE L'ELECTRICITE - 계약 시작일 : 2014-02-19 - 계약 종료일 : 2023-06-19 ㅇ 결정(확인) 일자 : 2023-03-23 ㅇ 기타 투자판단과 관련한 중요사항 : - 상기 3항의 결정(확인)일자는 변경 계약서 수령일임. - 합병 전 舊 삼성물산(000830) 공시 참조.('14.2.20일, '15.8.18일 공시 참조) ㅇ 관련공시 : 2017-08-11 기타 경영사항(자율공시) 2020-02-04 기타 경영사항(자율공시) 2020-02-28 기타 경영사항(자율공시) 2020-12-18 기타 경영사항(자율공시) 2022-09-13 기타 경영사항(자율공시)
-
'23.03.30
[정정] 단일판매 공급계약 체결
ㅇ 대만 Taoyuan 국제공항 제3터미널 토목건축공사 계약 체결 ㅇ 주요내용 - 계 약 명 : 대만 Taoyuan 국제공항 제3터미널 토목건축공사 - 계약금액 : 1,267,752,554,122원 - 계약상대 : Taoyuan International Airport Co., Ltd. - 계약기간 : 2021.6.1일 ~ 2026.11.16일 - 계약일자 : 2021-06-01 ㅇ 기타 투자판단과 관련한 중요사항 - 공사개요 : Taoyuan 국제공항 확장공사(제3터미널 골조 및 마감 공사 등) - 상기 2항의 계약금액은 총도급액 NTD 44,861,904,318 중 당사분(70%)에 해당하는 금액인 NTD 31,403,333,023에 대해 2021년 6월 1일자 최초 매매기준율 (40.37KRW/NTD)을 적용함. - 상기 2항의 최근 매출액은 2020년말 연결 재무제표 기준임. - 상기 5항의 계약기간은 공사기간임. - 상기 7항의 계약일자는 발주처로부터 계약서를 수령한 일자임. - 공사기간, 계약금액 등은 공사진행 과정상 변동될 수 있음. ㅇ 관련공시 : 2021-03-30 투자판단 관련 주요경영사항 2021-06-01 단일판매ㆍ공급계약체결 2022-08-16 단일판매ㆍ공급계약체결
-
'24.04.30
기타 주요경영사항(자율공시)
ㅇ 제목: [정정]단일판매ㆍ공급계약 체결ㅇ 주요내용 - 사우디아라비아, 리아드 메트로 Package 3 프로젝트의 계약 종료일은 '24.04.30일이나, 현재 당사는 발주처인 The Royal Commission for Riyadh City와 계약 종료일 변경에 관하여 협의 중입니다.※ 공사개요 - 체결 계약명 : 사우디아라비아, 리아드 메트로 Package 3 - 계 약 금 액 : USD 2,426,809,931(당사분) - 계 약 상 대 : The Royal Commission for Riyadh City - 계약 시작일 : 2013-10-01 - 계약 종료일 : -ㅇ 결정(확인) 일자 : 2024-04-30ㅇ 기타 투자판단과 관련한 중요사항 - 상기 2항의 계약 종료일은 공사 완료일임. - 합병 전 舊 삼성물산(000830) 공시 참조.('13.10.2일, '15.4.1일 공시 참조)ㅇ 관련공시 : 2018-09-28 기타 경영사항(자율공시) 2018-11-01 기타 경영사항(자율공시) 2020-12-31 기타 경영사항(자율공시) 2022-06-21 기타 경영사항(자율공시)
향후 계약금액 및 계약 종료일에 관하여구체적인 내용 확정시 재공시 예정
'24.08.06
[정정]단일판매 공급계약 체결
ㅇ 강릉안인화력 1,2호기 발전소 건설공사 공시 ㅇ 주요내용- 계 약 명 : 강릉안인화력 1,2호기 발전소 건설공사- 계약금액 : 4,355,869,711,600원- 계약상대 : 강릉에코파워(주)- 계약기간 : 2018.3.16일 ~ 2023.5.20일- 계약일자 : 2018-05-18ㅇ 기타 투자판단에 참고할 사항- 공사개요 : 2,080MW급 석탄화력발전소 건설- 상기 2항의 계약금액은 부가세 포함 금액임. (기존계약 대비, 부가세를 제외한 실제 공급가액 증액분은 약 1,066억원임)- 상기 2항의 최근 매출액은 2017년말 연결 재무제표 기준임.- 상기 5항의 계약기간은 설계용역기간 등을 제외한 시공 기간임.- 공사기간, 계약금액 등은 공사진행 과정상 변동될 수 있음.ㅇ 관련공시 : 2018-01-03 투자판단 관련 주요경영사항 2018-03-28 투자판단 관련 주요경영사항 2018-05-18 단일판매ㆍ공급계약체결 2019-05-30 단일판매ㆍ공급계약체결 2023-03-15 단일판매ㆍ공급계약체결
-
'24.10.25
투자판단 관련 주요경영사항
ㅇ 제목: 건설 공사 낙찰통지서(Letter of Award) 수령
ㅇ 주요내용
- 당사는 계약금액이 최근 매출액의 2.5% 이상에 해당하는 공사에 대한 낙찰통지서(Letter of Award)를 수령하였습니다.
ㅇ 결정(확인) 일자 : 2024-10-24
ㅇ 기타 투자판단과 관련한 중요사항
- 본 건 관련 세부사항은 발주처의 비밀유지 요청에 따라 추후 재공시 진행 예정입니다.
- 상기 3항의 이사회결의일(결정일) 또는 사실확인일은 낙찰통지서(Letter of Award) 수령일입니다
ㅇ 관련공시 : -
향후 구체적인 내용 확정시재공시 예정
'24.11.06
투자판단 관련 주요경영사항
ㅇ 제목: 방글라데시 Meghnaghat 718MW Gas-Fired Combined Cycle Power Project 공사 종료일 및 계약상대 명칭 변경
ㅇ 주요내용
- 당사는 발주처인 JERA Meghnaghat Power Limited와
Meghnaghat 718MW Gas-Fired Combined Cycle Power Project 공사 종료일에 관하여 협의 중으로,
향후 구체적인 내용이 확정되는 시점에 재공시하겠습니다.
- 사업개요 : 718MW급 복합화력발전소 공사(가스터빈 2기, 스팀터빈 1기, 배열회수보일러 2기)
- 계약금액 : 787,878,875,000원
- 계약상대 : JERA Meghnaghat Power LImited (舊 Reliance Bangladesh LNG & Power Limited)
- 공사기간 : 2019.10.1일 ~ 미정
ㅇ 결정(확인) 일자 : 2024-11-06
ㅇ 기타 투자판단과 관련한 중요사항
- 상기 2항의 계약금액은 공사금액(USD 670,250,000)에 대해 2021년 11월 3일자 최초 매매기준율
(1,175.50KRW/USD)을 적용하였으며, 당사 '23년말 기준 연결 매출액의 1.88%에 해당하는 금액임.
- 상기 2항의 계약상대 변경은 명칭 변경에 따른 사항임.
- 상기 2항의 공사기간은 사전 기초 공사기간을 포함한 공사기간임.
- 상기 3항의 이사회결의일 또는 사실확인일은 금번 변경공시 일자이며, 직전 공시 기준 공사종료일은 2024.11.6일임.
- 상기 계약금액 및 공사기간은 공사진행 과정상 변동될 수 있음.
ㅇ 관련공시 : 2019-09-30 투자판단 관련 주요경영사항
2020-12-04 투자판단 관련 주요경영사항
2021-01-28 투자판단 관련 주요경영사항
2021-11-03 투자판단 관련 주요경영사항
2023-03-24 투자판단 관련 주요경영사항
2024-06-28 투자판단 관련 주요경영사항
2024-08-26 투자판단 관련 주요경영사항
-
'24.11.26
단일판매ㆍ공급계약 체결
ㅇ 카타르 Facility E Independent Water and Power Production Project 본계약 체결
ㅇ 주요내용
- 계 약 명 : 카타르 Facility E Independent Water and Power Production Project
- 계약금액 : 3,970,888,000,000원
- 계약상대 : Sumitomo Corporation(일본)
- 계약기간 : 2024.11.25일 ~ 2029.6.1일
- 계약일자 : 2024.11.26일
ㅇ 기타 투자판단에 참고할 사항
- 금번 공시는 '24.10.25일 카타르 Facility E Independent Water and Power Production
Project 낙찰통지서(Letter of Award) 수령 공시 이후 본계약이 체결되어 해당 내용을
공시하는 건임.
- 공사개요 : 2,415MW급 복합발전 및 110MIGD 담수 플랜트 공사
- 상기 2항의 계약금액은 총 공사금액 USD 2,840,000,000에 대해 2024년 11월 26일자 최초
매매기준율(1,398.20KRW/USD)을 적용함.
- 상기 2항의 최근 매출액은 2023년말 연결 재무제표 기준임.
- 상기 5항의 계약기간은 공사기간임.
- 상기 계약금액 및 공사기간 등은 공사진행 과정상 변동될 수 있음.
ㅇ 관련공시 : 2024-10-25 투자판단 관련 주요경영사항
-
'25.02.07
[정정] 횡령ㆍ배임사실확인
ㅇ 사실확인 내용- 당사 전직 임원의 업무상 배임 혐의에 대해 서울중앙지방검찰청이 2020년 9월 1일 공소제기한 사안의 제2심 판결 내용을 유가증권시장 공시규정에 따라 공시합니다.- 대상자 : 최치훈 前사장, 이영호 前사장, 김신 前사장- 판결 중 배임 부분에 대한 내용 : 업무상 배임 무죄ㅇ 기타 투자판단에 참고할 사항- 본 공시는 업무상 배임 혐의 2심 무죄 판결에 대한 검사의 상고 제기사실 확인에 따른 사항이며, 향후 상고심 판결에 따라 변동될 수 있습니다.- 상기 자기자본은 2023년말 연결재무제표 기준 자본총계입니다.- 상기 4의 '확정일자'는 제2심 판결 선고일로, 판결이 확정된 일자를 의미하는 것이 아닙니다.ㅇ 관련공시 : 2020-09-04 횡령ㆍ배임혐의발생 2024-02-05 횡령ㆍ배임사실확인 2024-02-08 횡령ㆍ배임사실확인
2025-02-03 횡령ㆍ배임사실확인
-
[단일판매ㆍ공급계약체결 공시 관련]
- 진행상황
신고일자
계약내역
계약금액총액(원)
판매ㆍ공급금액(백만원)
대금수령금액(백만원)
당기
누적
당기
누적
2023-03-30
대만 Taoyuan 국제공항 제3터미널 토목건축공사
1,267,752,554,122
327,941
797,394
266,267
578,788
2023-04-19
반포아파트(제3주구) 주택재건축정비사업
936,940,000,000
237,547
335,993
237,547
338,173
2024-12-30
[P3L 하부동편(Ph.3)] FAB동/복합동 마감공사
2,034,890,000,000
751,420
3,802,330
557,500
3,202,610
2024-12-19
[P4 Ph1(하서)] FAB동/복합동 마감공사
2,425,280,000,000
1,754,812
4,513,782
2,649,770
4,179,150
2024-12-30
[P3 Ph4(상부동편)] FAB동/복합동 마감공사
2,182,180,000,000
751,420
3,802,330
557,500
3,202,610
2024-12-27
P4 Ph3(상서) FAB동, 복합동 마감공사
2,082,685,000,000
506,390
682,590
242,490
242,490
2024-12-31
SDR 신축공사
1,080,090,000,000
542,977
932,317
617,878
932,317
2024-12-24
새울원자력 3,4호기 주설비공사
1,180,262,054,730
153,633
982,235
143,615
982,235
2023-04-28
F3 Plant at Qidfa, Emirate of Fujairah
1,163,713,702,160
134,098
1,172,802
51,594
1,101,175
2020-12-31
UAE 원자력발전소
(*)
2,663,571,150 (USD)
39,032
3,340,334
39,958
3,268,765
2024-12-24
Onshore Offplot Common Lean LNG Storage andLoading Facilities of the NORTH FIELD EXPANSION PROJECT
2,605,082,930,173
697,313
2,195,758
691,289
2,020,344
2022-09-22
PROJECT LIGHTNING (UAE 고압직류 송전공사)
2,731,043,361,960
875,521
1,922,454
1,283,832
2,351,090
2024-04-01
푸본생명보험 가오슝 MRT 아오지디역 상업지역 개발 프로젝트
1,113,565,537,638
116,733
126,242
103,524
103,524
2024-11-26
카타르 Facility E Independent Water and Power Production Project
3,970,888,000,000
3,667
3,667
25,112
25,112
2022-09-13
알제리, 모스타가넴 복합화력 프로젝트
(*)
588,918,291 (USD)13,673,858,369 (DZD)
79,916
661,641
58,717
579,627
2024-04-30
사우디아라비아, Riyadh Metro Package 3 프로젝트
(*)
2,426,809,931 (USD)
95,760
3,128,339
125,919
2,948,901
(*) 舊 삼성물산 단일판매ㆍ공급계약체결 공시 이후 현재 기타 경영사항(자율공시)로 공시 진행 중이며, 공사 기간 만료 전인 건임.
※ 상기 계약금액총액(원)은
단일판매ㆍ공급계약체결 공시
기준임.
-
대금 미수령 사유:
해당 사항 없음-
향후 추진계획
: 해당 사항 없음"	"1. 공시내용 진행 및 변경사항
[기 신고한 주요경영사항의 진행상황]
신고일자
제 목
신 고 내 용
신고사항의 진행상황
'22.04.05
[정정] 유상증자결정 (종속회사의 주요경영사항)
ㅇ 종속회사인 삼성바이오로직스(주)의 주요경영사항 신고
ㅇ 주요내용 - 신주의 종류와 수 : 보통주 5,009,000 주 - 증자방식 :주주배정후실권주일반공모 - 신주발행가액 : 확정발행가 보통주 639,000 원 - 신주배정기준일 : 2022-03-02 - 신주의 청약일 : ① 우리사주조합 청약 예정일 : 2022년 04월 07일 ② 구주주 청약 예정일 : 2022년 04월 07일 ~ 2022년 04월 08일 ③ 일반공모 청약 예정일 : 2022년 04월 12일 ~ 2022년 04월 13일 - 납입일 : 2022-04-15 - 이사회결의일(결정일) : 2022-01-28 - 대표주관회사 : KB증권(주), NH투자증권(주), 한국투자증권(주) ㅇ 관련공시 : 2022-03-18 타법인주식및출자증권취득결정 2022-03-18 특수관계인에대한출자
-
'22.04.20
[정정] 타법인 주식 및 출자증권 취득결정 (종속회사의 주요경영사항)
ㅇ 종속회사인 삼성바이오로직스(주)의 주요경영사항 신고
ㅇ 주요내용 - 발행회사 : 삼성바이오에피스 주식회사(SAMSUNG BIOEPIS CO., LTD. ) - 취득주식수 : 10,341,852 주 - 취득금액 : 2,765,520,000,000 원 - 취득후 소유주식수(지분비율) : 20,683,705 주(100%) - 취득방법 : 현금취득 - 취득목적 : 바이오의약품 개발 역량 강화를 통한 글로벌 사업 경쟁력 강화 - 취득예정일자 : 2022-04-20 - 이사회결의일(결정일) : 2022-01-28
ㅇ 기타 투자판단에 참고할 사항 - 금번 공시는 삼성바이오로직스(주)가 Biogen Therapeutics Inc.이 보유한 삼성바이오에피스 주식회사의 주식 10,341,852주를 양수하기로 결정함에 따른 사항임.
- 취득금액은 (1) ① 거래종결일에 지급되는 USD 1,000,000,000, ② 거래종결일로부터 1년이 되는 날까지 지급되는 USD 812,500,000, ③ 거래종결일로부터 2년이 되는 날까지 지급되는 USD 437,500,000의 합계 USD 2,250,000,000 및 ④ 일정 조건 충족 시 2027년 중 지급하는 Earn-out 최대 금액 USD 50,000,000을 합산한 금액(USD 2,300,000,000)임. (2) 원화 취득금액은 USD 2,300,000,000에 대해 공시일 기준 최초 고시 매매기준 환율 (KRW/USD=1,202.40원)을 적용하여 환산한 금액이며, 실제 취득금액은 달러화(USD)로 지급될 예정으로 원화금액은 변동될 수 있음. - 자산총액은 삼성물산(주)의 2020년말 연결재무제표 기준임. - 취득방법은 현금취득 예정이나, 거래종결일로부터 2년이 되는 날까지 지급되지 않는 양수금액이 있는 경우 삼성바이오로직스(주)가 발행하는 신주로 지급될 수 있음
- 취득금액 중 USD 1,000,000,000은 거래종결일에, USD 812,500,000은 거래종결일로부터 1년이 되는 날까지, USD 437,500,000은 거래종결일로부터 2년이 되는 날까지 각 지급할 예정이며, 취득금액 중 최대 USD 50,000,000까지 지급 가능한 Earn-out은 조건 충족 여부에 따라 2027년 중 지급 여부 및 규모가 결정될 예정임.
- 자금조달 방법은 삼성바이오로직스(주) 자체자금 및 증자 등을 통한 신규조달 자금임.
- 취득예정일자는 거래 종결에 따라 2022년 4월 20일로 확정됨.
- 이사회결의일(결정일)'은 삼성바이오로직스(주)의 이사회결의일임. ㅇ 관련공시 : 2022-01-28 타법인 주식 및 출자증권 취득결정(종속회사의 주요경영사항)
-
'22.05.09
[정정] 소송등의 판결 결정
ㅇ 주요내용 - 사건의 명칭 : 합병 무효의 소 - 사건번호 : 2016가합510827 - 원고, 신청인 : 일성신약 주식회사 외 4명 - 판결, 결정내용 : 원고 항소 취하 - 판결, 결정사유 : 원고 항소 취하 - 관할법원 : 서울중앙지방법원 - 판결, 결정일자 : 2022-05-02 - 확인일자 : 2022-05-06ㅇ 기타 투자판단과 관련한 중요사항 - 상기 '판결, 결정일자'는 원고의 항소취하서 제출일자입니다. - 상기 '확인일자'는 당사가 이 사건의 확정증명원을 수령한 일자입니다.ㅇ 관련공시 : 2017-10-19 소송등의판결ㆍ결정 2016-03-24 소송등의제기
원고 항소 취하에 따라판결이 확정됨
'22.06.02
[정정]단일판매 공급계약 체결
ㅇ WestConnex New M5 Main Works Design and Construction Deed 계약금액 확정ㅇ 주요내용 - 계약금액 변경 : 기존) 972,890,948,439원 → 변경) 997,583,621,845원 - 당사는 발주처 등과의 최종 정산 합의에 따라 계약금액이 확정되어 진행하는 건임. - 계약금액은 총 공사금액 AUD 1,254,143,824에 대해 2019년 11월 12일자 최초 매매기준율(795.43 KRW/AUD)을 적용함.※공사개요 - 계 약 명 : WestConnex New M5 Main Works Design and Construction Deed - 계약금액 : 997,583,621,845원 - 계약상대 : WCX M5 AT Pty Ltd, WCX M5 State Works Contractor Pty Ltd - 계약기간 시작일 : 2015-11-20 - 계약기간 종료일 : 2020-10-30ㅇ 관련공시 : 2015-11-23 단일판매ㆍ공급계약체결 2017-06-26 단일판매ㆍ공급계약체결 2019-11-12 단일판매ㆍ공급계약체결 2020-09-04 단일판매ㆍ공급계약체결 2020-11-10 단일판매ㆍ공급계약체결
-
'22.09.13
기타 경영사항(자율공시)
ㅇ 제목: [정정]단일판매ㆍ공급계약 체결 ㅇ 주요내용 - 당사는 알제리, 모스타가넴 복합화력 프로젝트 관련하여, 발주처 명칭이 SOCIETE ALGERIENNE DE PRODUCTION DE L'ELECTRICITE에서 SOCIETE ALGERIENNE DE L'ELECTRICITE ET DU GAZ - PRODUCTION DE L'ELECTRICITE로 변경됨에 따라 계약을 체결하였습니다. ※ 공사개요 - 체결 계약명 : 알제리, 모스타가넴 복합화력 - 계 약 금 액 : USD 588,918,291, DZD 13,673,858,369 - 계 약 상 대 : SOCIETE ALGERIENNE DE L'ELECTRICITE ET DU GAZ - PRODUCTION DE L'ELECTRICITE - 계약 시작일 : 2014-02-19 - 계약 종료일 : 2025-12-08 ㅇ 결정(확인) 일자 : 2022-09-12 ㅇ 기타 투자판단과 관련한 중요사항 - 상기 계약 종료일은 공사 종료일임. - 상기 결정(확인)일자는 변경 계약서 수령일임. - 합병 전 舊 삼성물산 공시 참조('14.2.20일, '15.8.18일) ㅇ 관련공시 : 2016-08-23 기타 경영사항(자율공시) 2016-09-29 기타 경영사항(자율공시) 2017-08-03 기타 경영사항(자율공시) 2021-04-07 기타 경영사항(자율공시) 2021-05-11 기타 경영사항(자율공시)
-
'23.03.23
[정정] 기타 경영사항(자율공시)
ㅇ 제목: [정정]단일판매ㆍ공급계약 체결
ㅇ 주요내용 - 당사는 알제리, 나마 복합화력 프로젝트 관련하여 발주처인 SOCIETE ALGERIENNE DE L'ELECTRICITE ET DU GAZ - PRODUCTION DE L'ELECTRICITE와 계약금액을 변경하고, 계약 종료일을 '23.06.19일로 연장하는 계약을 체결하였습니다. ※ 공사개요 - 체결 계약명 : 알제리, 나마 복합화력 - 계 약 금 액 : USD 563,021,735, DZD 3,632,503,637, EUR 461,476.80 - 계 약 상 대 : SOCIETE ALGERIENNE DE L'ELECTRICITE ET DU GAZ - PRODUCTION DE L'ELECTRICITE - 계약 시작일 : 2014-02-19 - 계약 종료일 : 2023-06-19 ㅇ 결정(확인) 일자 : 2023-03-23 ㅇ 기타 투자판단과 관련한 중요사항 : - 상기 3항의 결정(확인)일자는 변경 계약서 수령일임. - 합병 전 舊 삼성물산(000830) 공시 참조.('14.2.20일, '15.8.18일 공시 참조) ㅇ 관련공시 : 2017-08-11 기타 경영사항(자율공시) 2020-02-04 기타 경영사항(자율공시) 2020-02-28 기타 경영사항(자율공시) 2020-12-18 기타 경영사항(자율공시) 2022-09-13 기타 경영사항(자율공시)
-
'23.03.30
[정정] 단일판매 공급계약 체결
ㅇ 대만 Taoyuan 국제공항 제3터미널 토목건축공사 계약 체결 ㅇ 주요내용 - 계 약 명 : 대만 Taoyuan 국제공항 제3터미널 토목건축공사 - 계약금액 : 1,267,752,554,122원 - 계약상대 : Taoyuan International Airport Co., Ltd. - 계약기간 : 2021.6.1일 ~ 2026.11.16일 - 계약일자 : 2021-06-01 ㅇ 기타 투자판단과 관련한 중요사항 - 공사개요 : Taoyuan 국제공항 확장공사(제3터미널 골조 및 마감 공사 등) - 상기 2항의 계약금액은 총도급액 NTD 44,861,904,318 중 당사분(70%)에 해당하는 금액인 NTD 31,403,333,023에 대해 2021년 6월 1일자 최초 매매기준율 (40.37KRW/NTD)을 적용함. - 상기 2항의 최근 매출액은 2020년말 연결 재무제표 기준임. - 상기 5항의 계약기간은 공사기간임. - 상기 7항의 계약일자는 발주처로부터 계약서를 수령한 일자임. - 공사기간, 계약금액 등은 공사진행 과정상 변동될 수 있음. ㅇ 관련공시 : 2021-03-30 투자판단 관련 주요경영사항 2021-06-01 단일판매ㆍ공급계약체결 2022-08-16 단일판매ㆍ공급계약체결
-
'24.04.30
기타 주요경영사항(자율공시)
ㅇ 제목: [정정]단일판매ㆍ공급계약 체결ㅇ 주요내용 - 사우디아라비아, 리아드 메트로 Package 3 프로젝트의 계약 종료일은 '24.04.30일이나, 현재 당사는 발주처인 The Royal Commission for Riyadh City와 계약 종료일 변경에 관하여 협의 중입니다.※ 공사개요 - 체결 계약명 : 사우디아라비아, 리아드 메트로 Package 3 - 계 약 금 액 : USD 2,426,809,931(당사분) - 계 약 상 대 : The Royal Commission for Riyadh City - 계약 시작일 : 2013-10-01 - 계약 종료일 : -ㅇ 결정(확인) 일자 : 2024-04-30ㅇ 기타 투자판단과 관련한 중요사항 - 상기 2항의 계약 종료일은 공사 완료일임. - 합병 전 舊 삼성물산(000830) 공시 참조.('13.10.2일, '15.4.1일 공시 참조)ㅇ 관련공시 : 2018-09-28 기타 경영사항(자율공시) 2018-11-01 기타 경영사항(자율공시) 2020-12-31 기타 경영사항(자율공시) 2022-06-21 기타 경영사항(자율공시)
향후 계약금액 및 계약 종료일에 관하여구체적인 내용 확정시 재공시 예정
'24.08.06
[정정]단일판매 공급계약 체결
ㅇ 강릉안인화력 1,2호기 발전소 건설공사 공시 ㅇ 주요내용- 계 약 명 : 강릉안인화력 1,2호기 발전소 건설공사- 계약금액 : 4,355,869,711,600원- 계약상대 : 강릉에코파워(주)- 계약기간 : 2018.3.16일 ~ 2023.5.20일- 계약일자 : 2018-05-18ㅇ 기타 투자판단에 참고할 사항- 공사개요 : 2,080MW급 석탄화력발전소 건설- 상기 2항의 계약금액은 부가세 포함 금액임. (기존계약 대비, 부가세를 제외한 실제 공급가액 증액분은 약 1,066억원임)- 상기 2항의 최근 매출액은 2017년말 연결 재무제표 기준임.- 상기 5항의 계약기간은 설계용역기간 등을 제외한 시공 기간임.- 공사기간, 계약금액 등은 공사진행 과정상 변동될 수 있음.ㅇ 관련공시 : 2018-01-03 투자판단 관련 주요경영사항 2018-03-28 투자판단 관련 주요경영사항 2018-05-18 단일판매ㆍ공급계약체결 2019-05-30 단일판매ㆍ공급계약체결 2023-03-15 단일판매ㆍ공급계약체결
-
'24.10.25
투자판단 관련 주요경영사항
ㅇ 제목: 건설 공사 낙찰통지서(Letter of Award) 수령
ㅇ 주요내용
- 당사는 계약금액이 최근 매출액의 2.5% 이상에 해당하는 공사에 대한 낙찰통지서(Letter of Award)를 수령하였습니다.
ㅇ 결정(확인) 일자 : 2024-10-24
ㅇ 기타 투자판단과 관련한 중요사항
- 본 건 관련 세부사항은 발주처의 비밀유지 요청에 따라 추후 재공시 진행 예정입니다.
- 상기 3항의 이사회결의일(결정일) 또는 사실확인일은 낙찰통지서(Letter of Award) 수령일입니다
ㅇ 관련공시 : -
향후 구체적인 내용 확정시재공시 예정
'24.11.06
투자판단 관련 주요경영사항
ㅇ 제목: 방글라데시 Meghnaghat 718MW Gas-Fired Combined Cycle Power Project 공사 종료일 및 계약상대 명칭 변경
ㅇ 주요내용
- 당사는 발주처인 JERA Meghnaghat Power Limited와
Meghnaghat 718MW Gas-Fired Combined Cycle Power Project 공사 종료일에 관하여 협의 중으로,
향후 구체적인 내용이 확정되는 시점에 재공시하겠습니다.
- 사업개요 : 718MW급 복합화력발전소 공사(가스터빈 2기, 스팀터빈 1기, 배열회수보일러 2기)
- 계약금액 : 787,878,875,000원
- 계약상대 : JERA Meghnaghat Power LImited (舊 Reliance Bangladesh LNG & Power Limited)
- 공사기간 : 2019.10.1일 ~ 미정
ㅇ 결정(확인) 일자 : 2024-11-06
ㅇ 기타 투자판단과 관련한 중요사항
- 상기 2항의 계약금액은 공사금액(USD 670,250,000)에 대해 2021년 11월 3일자 최초 매매기준율
(1,175.50KRW/USD)을 적용하였으며, 당사 '23년말 기준 연결 매출액의 1.88%에 해당하는 금액임.
- 상기 2항의 계약상대 변경은 명칭 변경에 따른 사항임.
- 상기 2항의 공사기간은 사전 기초 공사기간을 포함한 공사기간임.
- 상기 3항의 이사회결의일 또는 사실확인일은 금번 변경공시 일자이며, 직전 공시 기준 공사종료일은 2024.11.6일임.
- 상기 계약금액 및 공사기간은 공사진행 과정상 변동될 수 있음.
ㅇ 관련공시 : 2019-09-30 투자판단 관련 주요경영사항
2020-12-04 투자판단 관련 주요경영사항
2021-01-28 투자판단 관련 주요경영사항
2021-11-03 투자판단 관련 주요경영사항
2023-03-24 투자판단 관련 주요경영사항
2024-06-28 투자판단 관련 주요경영사항
2024-08-26 투자판단 관련 주요경영사항
-
'24.11.26
단일판매ㆍ공급계약 체결
ㅇ 카타르 Facility E Independent Water and Power Production Project 본계약 체결
ㅇ 주요내용
- 계 약 명 : 카타르 Facility E Independent Water and Power Production Project
- 계약금액 : 3,970,888,000,000원
- 계약상대 : Sumitomo Corporation(일본)
- 계약기간 : 2024.11.25일 ~ 2029.6.1일
- 계약일자 : 2024.11.26일
ㅇ 기타 투자판단에 참고할 사항
- 금번 공시는 '24.10.25일 카타르 Facility E Independent Water and Power Production
Project 낙찰통지서(Letter of Award) 수령 공시 이후 본계약이 체결되어 해당 내용을
공시하는 건임.
- 공사개요 : 2,415MW급 복합발전 및 110MIGD 담수 플랜트 공사
- 상기 2항의 계약금액은 총 공사금액 USD 2,840,000,000에 대해 2024년 11월 26일자 최초
매매기준율(1,398.20KRW/USD)을 적용함.
- 상기 2항의 최근 매출액은 2023년말 연결 재무제표 기준임.
- 상기 5항의 계약기간은 공사기간임.
- 상기 계약금액 및 공사기간 등은 공사진행 과정상 변동될 수 있음.
ㅇ 관련공시 : 2024-10-25 투자판단 관련 주요경영사항
-
'25.02.07
[정정] 횡령ㆍ배임사실확인
ㅇ 사실확인 내용- 당사 전직 임원의 업무상 배임 혐의에 대해 서울중앙지방검찰청이 2020년 9월 1일 공소제기한 사안의 제2심 판결 내용을 유가증권시장 공시규정에 따라 공시합니다.- 대상자 : 최치훈 前사장, 이영호 前사장, 김신 前사장- 판결 중 배임 부분에 대한 내용 : 업무상 배임 무죄ㅇ 기타 투자판단에 참고할 사항- 본 공시는 업무상 배임 혐의 2심 무죄 판결에 대한 검사의 상고 제기사실 확인에 따른 사항이며, 향후 상고심 판결에 따라 변동될 수 있습니다.- 상기 자기자본은 2023년말 연결재무제표 기준 자본총계입니다.- 상기 4의 '확정일자'는 제2심 판결 선고일로, 판결이 확정된 일자를 의미하는 것이 아닙니다.ㅇ 관련공시 : 2020-09-04 횡령ㆍ배임혐의발생 2024-02-05 횡령ㆍ배임사실확인 2024-02-08 횡령ㆍ배임사실확인
2025-02-03 횡령ㆍ배임사실확인
-
[단일판매ㆍ공급계약체결 공시 관련]
- 진행상황
신고일자
계약내역
계약금액총액(원)
판매ㆍ공급금액(백만원)
대금수령금액(백만원)
대금 미수령 사유
향후 추진계획
변동 가능성
당기
누적
당기
누적
판매·공급 이행
대금수령
2023-03-30
대만 Taoyuan 국제공항제3터미널 토목건축공사
1,267,752,554,122
327,941
797,394
266,267
578,788
-
계약상 종료일은 '26년 11월이나발주처와 계약종료일 변경 협의 중
계약상 수금 조건(공정진척에 의한 수금)에따라 대금 수령 예정
발주처와 계약 종료일/계약금액에관하여 협의 중으로, 향후 계약변경 시 별도 공시 예정임
2023-04-19
반포아파트(제3주구)주택재건축정비사업
936,940,000,000
237,547
335,993
237,547
338,173
-
계약상 공정율 대로 공사진행중이며 '26년 7월 종료 예정
계약상 수금 조건(공정진척에 의한 수금)에따라 대금 수령 예정
현재 프로젝트 변동 가능성은식별되지 않았으며 향후 계약 변경시 별도 공시 예정임
2024-12-30
[P3L 하부동편(Ph.3)] FAB동/복합동 마감공사
2,034,890,000,000
751,420
3,802,330
557,500
3,202,610
-
계약상 공정률대로 공사진행중이며 '25년 3월 종료 예정
계약상 수금 조건(공정진척에 의한 수금)에따라 대금 수령 예정이며'25년 3월 종료 이후 잔여 대금은'25년 내 수령 예정
현재 프로젝트 변동 가능성은식별되지 않았으며 향후 계약 변경시 별도 공시 예정임
2024-12-19
[P4 Ph1(하서)] FAB동/복합동 마감공사
2,425,280,000,000
1,754,812
4,513,782
2,649,770
4,179,150
-
계약상 공정률대로 공사 진행중이며 '25년 12월 종료 예정
계약상 수금 조건(공정진척에 의한 수금)에따라 대금 수령 예정
현재 프로젝트 변동 가능성은식별되지 않았으며 향후 계약 변경시 별도 공시 예정임
2024-12-30
[P3 Ph4(상부동편)]FAB동/복합동 마감공사
2,182,180,000,000
751,420
3,802,330
557,500
3,202,610
-
계약상 공정률대로 공사 진행중이며 '25년 3월 종료 예정
계약상 수금 조건(공정진척에 의한 수금)에따라 대금 수령 예정이며'25년 3월 종료 이후 잔여 대금은'25년 내 수령 예정
현재 프로젝트 변동 가능성은식별되지 않았으며 향후 계약 변경시 별도 공시 예정임
2024-12-27
P4 Ph3(상서)FAB동, 복합동 마감공사
2,082,685,000,000
506,390
682,590
242,490
242,490
-
계약상 공정률대로 공사 진행중이며 '25년 10월 종료 예정
계약상 수금 조건(공정진척에 의한 수금)에따라 대금 수령 예정
현재 프로젝트 변동 가능성은식별되지 않았으며 향후 계약 변경시 별도 공시 예정임
2024-12-31
SDR 신축공사
1,080,090,000,000
542,977
932,317
617,878
932,317
-
본공사는 마무리하였으며발주처와 계약종료일에 대한협의 중
계약상 수금 조건(공정진척에 의한 수금)에따라 대금 수령 예정
발주처와 계약 종료일/계약금액에관하여 협의 중으로, 향후 계약변경 시 별도 공시 예정임
2024-12-24
새울원자력 3,4호기주설비공사
1,180,262,054,730
153,633
982,235
143,615
982,235
-
계약상 공정률 대로 공사 진행중이며 '26년 10월 종료 예정
계약상 수금 조건(공정진척에 의한 수금)에따라 대금 수령 예정
발주처와 계약금액 변경 협의중으로, 향후 계약 변경시 별도 공시 예정임
2023-04-28
F3 Plant at Qidfa, Emirate of Fujairah
1,163,713,702,160
134,098
1,172,802
51,594
1,101,175
-
본공사는 마무리 하였으며발주처와 계약종료일에 대한 협의 중
계약상 수금 조건(milestone에 의한 수금)에따라 대금 수령 예정
발주처와 계약 종료일/계약금액에관하여 협의 중으로, 향후 계약변경 시 별도 공시 예정임
2020-12-31
UAE 원자력발전소(*)
2,663,571,150 (USD)
39,032
3,340,334
39,958
3,268,765
-
본공사는 마무리 하였으며발주처와 계약종료일에 대한 협의 중
계약상 수금 조건(공정진척에 의한 수금)에따라 대금 수령 예정
발주처와 계약 종료일/계약금액에관하여 협의 중으로, 향후 계약변경 시 별도 공시 예정임
2024-12-24
Onshore Offplot CommonLean LNG Storage andLoading Facilities of the NORTH FIELD EXPANSIONPROJECT
2,605,082,930,173
697,313
2,195,758
691,289
2,020,344
-
계약상 공정률 대로 공사 진행중이며 '27년 8월 종료 예정
계약상 수금 조건(milestone에 의한 수금)에따라 대금 수령 예정
현재 프로젝트 변동 가능성은식별되지 않았으며 향후 계약 변경시 별도 공시 예정임
2022-09-22
PROJECT LIGHTNING (UAE 고압직류 송전공사)
2,731,043,361,960
875,521
1,922,454
1,283,832
2,351,090
-
계약상 종료일은 '25년 12월이나발주처와 계약종료일 변경 협의 중
계약상 수금 조건(milestone에 의한 수금)에따라 대금 수령 예정
발주처와 계약 종료일/계약금액에관하여 협의 중으로, 향후 계약변경 시 별도 공시 예정임
2024-04-01
푸본생명보험 가오슝 MRT아오지디역 상업지역 개발프로젝트
1,113,565,537,638
116,733
126,242
103,524
103,524
-
계약상 종료일은 '27년 3월이나발주처와 계약종료일 변경 협의 중
계약상 수금 조건(공정진척에 의한 수금)에따라 대금 수령 예정
발주처와 계약 종료일/계약금액에관하여 협의 중으로, 향후 계약변경 시 별도 공시 예정임
2024-11-26
카타르 Facility E Independent Water and Power ProductionProject
3,970,888,000,000
3,667
3,667
25,112
25,112
-
계약상 공정률 대로 공사 진행중이며 '29년 6월 종료 예정
계약상 수금 조건(milestone에 의한 수금)에따라 대금 수령 예정
현재 프로젝트 변동 가능성은식별되지 않았으며 향후 계약 변경시 별도 공시 예정임
2022-09-13
알제리, 모스타가넴 복합화력프로젝트(*)
588,918,291(USD)13,673,858,369(DZD)
79,916
661,641
58,717
579,627
-
계약상 종료일은 '25년 12월이나,발주처와 계약종료일 변경 협의 중
계약상 수금 조건(milestone에 의한 수금)에따라 대금 수령 예정
발주처와 계약 종료일/계약금액에관하여 협의 중으로, 향후 계약변경 시 별도 공시 예정임
2024-04-30
사우디아라비아, Riyadh Metro Package 3 프로젝트(*)
2,426,809,931 (USD)
95,760
3,128,339
125,919
2,948,901
-
계약상 공정률 대로 공사 진행중이며 '25년 4월 종료 예정
계약상 수금 조건(milestone에 의한 수금)에따라 대금 수령 예정이며'25년 4월 종료 이후 잔여 대금은'25년 내 수금 예정
현재 프로젝트 변동 가능성은식별되지 않았으며 향후 계약 변경시 별도 공시 예정임
(*) 舊 삼성물산 단일판매ㆍ공급계약체결 공시 이후 현재 기타 경영사항(자율공시)로 공시 진행 중이며, 공사 기간 만료 전인 건임.※ 상기 계약금액총액(원)은 단일판매ㆍ공급계약체결 공시 기준임.※ 세부 계약내역 : [기 신고한 주요경영사항의 진행상황] 참고"	ok
20250814002318	한신공영	여	XI. 1. 나. 단일판매공급계약체결 공시 진행사항	금융감독원의 미흡기재사항 정정요구	20250320000724	"나. 단일판매공급계약체결 공시 진행사항
(단위:백만원)
신고일자
계약내역
계약금액총액
판매공급금액
대금수령금액
대금미수령사유
향후 추진계획
당기
누적
당기
누적
2021-12-27
계약명 : 위례선 도시철도 건설공사계약상대방 : 서울특별시 도시기반시설본부계약기간 : 2021-12-30 ~ 2025-09-09주요 계약조건 : -
88,470
34,705
53,170
34,177
56,468
-
-
2022-05-27
계약명 : 럭키아파트 가로주택정비사업계약상대방 : 산격동 럭키아파트 가로주택정비사업조합계약기간 : 실착공일로부터 28개월주요 계약조건 : -
37,880
-
-
-
-
미착공
착공 후수금 예정
2022-06-27
계약명 : 평화동풍년주택 가로주택정비사업계약상대방 : 평화동풍년주택 가로주택정비사업조합계약기간 : 실착공일로부터 26개월주요 계약조건 : -
56,261
-
-
-
-
미착공
착공 후수금 예정
2022-07-05
계약명 : 사하오성맨션 소규모재건축정비사업계약상대방 : 사하오성맨션소규모재건축정비사업조합계약기간 : 실착공일로부터 30개월주요 계약조건 : -
53,040
-
-
-
-
미착공
착공 후수금 예정
2022-07-22
계약명 : 거제시 아주동 공동주택 신축공사계약상대방 : 케이비부동산신탁 주식회사계약기간 : 실착공일로부터 30개월주요 계약조건 : -
122,781
239
4,103
-
-
미착공
착공 후수금 예정
2022-07-29
계약명 : 울산 신정동 한신더휴 주상복합 신축공사계약상대방 : 우리자산신탁㈜계약기간 : 실착공일로부터 37개월주요 계약조건 : -
79,522
33,905
51,029
21,600
37,658
-
-
2022-08-25
계약명 : 행신동 연세빌라 일원 가로주택정비사업계약상대방 : 행신동 연세빌라 일원 가로주택정비사업조합계약기간 : 실착공일로부터 26개월주요 계약조건 : -
40,007
-
-
-
-
미착공
착공 후수금 예정
2022-10-19
계약명 : 포항시 학산공원 공동주택 신축공사계약상대방 : 우리자산신탁 주식회사계약기간 : 실착공일로부터 41개월주요 계약조건 : -
372,211
94,004
118,412
53,566
67,794
-
-
2022-10-31
계약명 : 태평동 가로주택정비사업계약상대방 : 태평동 가로주택정비사업조합계약기간 : 실착공일로부터 33개월주요 계약조건 : -
82,880
-
-
-
-
미착공
착공 후수금 예정
2022-11-07
계약명 : 이화연립 소규모주택재건축정비사업계약상대방 : 케이비부동산신탁 주식회사계약기간 : 실착공일로부터 28개월주요 계약조건 : -
55,895
-
-
-
-
미착공
착공 후수금 예정
2022-11-07
계약명 : 대동아아파트 소규모재건축정비사업계약상대방 : 대동아아파트 소규모재건축정비사업조합계약기간 : 실착공일로부터 35개월주요 계약조건 : -
56,041
19,822
24,834
15,412
20,276
-
-
2022-12-28
계약명 : 청룡1구역 재건축정비사업계약상대방 : 청룡1구역 재건축정비사업조합계약기간 : 실착공일로부터 33개월주요 계약조건 : -
79,295
-
-
-
-
미착공
착공 후수금 예정
2022-12-28
계약명 : 금광동 4022번지 일원 가로주택정비사업계약상대방 : 금광동4022번지일원가로주택정비사업조합계약기간 : 실착공일로부터 32개월주요 계약조건 : -
63,966
-
-
-
-
미착공
착공 후수금 예정
2023-03-24
계약명 : 낙민1구역가로주택정비사업계약상대방 : 낙민1구역가로주택정비사업조합계약기간 : 실착공일로부터 34개월주요 계약조건 : -
77,444
-
-
-
-
미착공
착공 후수금 예정
2023-04-25
계약명 : 노량진동 19-6외 6필지 역세권청년주택 사업계약상대방 : 주식회사 노량진케이미트대한제41호위탁관리부동산투자회사계약기간 : 2023-05-10 ~ 2027-07-10주요 계약조건 : -
159,145
22,135
27,825
22,974
30,200
-
-
2023-07-03
계약명 : 도선동 역세권청년주택(공공지원 민간임대주택) 개발사업계약상대방 : (주)카이트제이십삼호위탁관리부동산투자회사계약기간 : 2023-07-31 ~ 2027-05-31주요 계약조건 : -
77,225
12,471
14,241
15,661
15,661
-
-
2023-08-04
계약명 : 시흥동 현대아파트 재건축정비사업계약상대방 : 주식회사 무궁화신탁계약기간 : 실착공일로부터 30개월주요 계약조건 : -
60,824
-
-
-
-
미착공
착공 후수금 예정
2023-09-22
계약명 : 행신2-1구역주택재건축정비사업계약상대방 : 행신2의1구역재건축정비사업조합계약기간 : 실착공일로부터 28개월주요 계약조건 : -
84,830
-
-
-
-
미착공
착공 후수금 예정
2023-11-28
계약명 : 양주시 덕계동 공동주택 신축공사계약상대방 : 와이제이디투 주식회사계약기간 : 실착공일로부터 38개월주요 계약조건 : -
182,796
4,523
4,523
-
-
미착공
착공 후수금 예정
2023-12-04
계약명 : 안동시관내 국도대체우회도로(용상-교리2) 건설공사계약상대방 : 부산지방국토관리청계약기간 : 2018-01-10 ~ 2025-05-31주요 계약조건 : -
102,810
16,268
83,697
21,079
94,658
-
-
2023-12-04
계약명 : 라오스 참파삭·사라반주 상수도 공급사업계약상대방 : 라오스 참파삭주 공공사업교통국계약기간 : 실착공일로부터 30개월주요 계약조건 : -
41,206
7,845
8,309
3,924
3,924
-
-
2023-12-14
계약명 : 서울도시철도 9호선 4단계 연장사업 3공구 건설공사계약상대방 : 서울특별시 도시기반시설본부계약기간 : 2021-12-30 ~ 2028-07-25주요 계약조건 : -
66,518
8,289
15,682
8,015
14,634
-
-
2023-12-18
계약명 : 고속국도 제400호선 김포~파주간 건설공사(제2공구)계약상대방 : 한국도로공사계약기간 : 2020-04-27 ~ 2025-02-21주요 계약조건 : -
82,986
9,510
35,052
9,399
43,064
-
-
2023-12-27
계약명 : 앵두재건축정비사업계약상대방 : 앵두재건축정비사업조합계약기간 : 실착공일로부터 43개월주요 계약조건 : -
423,318
-
-
-
-
미착공
착공 후수금 예정
2023-12-27
계약명 : 반월구역 재개발정비사업계약상대방 : 반월구역 재개발정비사업조합계약기간 : 실착공일로부터 40개월주요 계약조건 : -
162,204
-
-
-
-
미착공
착공 후수금 예정
2023-12-29
계약명 : 우성4차아파트 및 주변 가로주택정비사업계약상대방 : 케이비부동산신탁 주식회사계약기간 : 실착공일로부터 37개월주요 계약조건 : -
86,805
-
-
-
-
미착공
착공 후수금 예정
2024-02-26
계약명 : 오산 세교2지구 A16BL 한신더휴 신축공사계약상대방 : 세교피에프브이 주식회사계약기간 : 2022-07-15 ~ 2025-03-14주요 계약조건 : -
189,716
110,598
173,325
101,318
169,303
-
-
2024-03-13
계약명 : 경부선 천안~소정리간 눈들건널목 입체화 공사계약상대방 : 국가철도공단계약기간 : 2024-03-25 ~ 2027-03-24주요 계약조건 : -
33,123
4,533
4,533
2,080
2,080
-
-
2024-04-09
계약명 : 국도42호선 정선 임계-동해 신흥 도로건설공사계약상대방 : 원주지방국토관리청계약기간 : 2024-04-24 ~ 2031-04-22주요 계약조건 : -
70,060
936
936
558
558
-
-
2024-05-10
계약명 : 인천계양 테크노밸리 공공주택지구 조성공사 2공구계약상대방 : 한국토지주택공사계약기간 : 2024-05-30 ~ 2029-09-30주요 계약조건 : -
67,654
2,051
2,051
2,937
2,937
-
-
2024-05-31
계약명 : 평택 브레인시티 공동7BL 공동주택 신축공사계약상대방 : 한신브레인시티피에프브이㈜계약기간 : 실착공일로부터 40개월주요 계약조건 : -
240,077
2,930
2,930
-
-
착공 초기단계
청구 및수금 예정
2024-06-03
계약명 : 청전 시영아파트 재건축정비사업계약상대방 : 청전시영아파트 재건축정비사업조합계약기간 : 실착공일로부터 44개월주요 계약조건 : -
313,617
-
-
-
-
미착공
착공 후수금 예정
2024-06-17
계약명 : 수도권광역급행철도 B노선(용산~상봉) 제2공구 노반신설 기타공사계약상대방 : 국가철도공단계약기간 : 2024-06-17 ~ 2030-01-16주요 계약조건 : -
221,774
1,398
1,398
38,400
38,400
-
-
2024-06-20
계약명 : 춘천~속초 철도건설 제5공구 노반신설 기타공사계약상대방 : 국가철도공단계약기간 : 2024-06-19 ~ 2029-03-19주요 계약조건 : -
183,308
1,870
1,870
30,000
30,000
-
-
2024-09-20
계약명 : 00비행장 통합이전 건설공사계약상대방 : 한국토지주택공사계약기간 : 2021-12-31 ~ 2027-12-30주요 계약조건 : -
78,871
13,552
27,743
14,705
31,005
-
-
2024-10-15
계약명 : 경남항공 국가산업단지 사천지구 조성공사계약상대방 : 한국토지주택공사계약기간 : 2018-12-26 ~ 2025-02-28주요 계약조건 : -
37,037
6,284
32,440
6,719
36,437
-
-
2024-10-21
계약명 : 대연역 가로주택정비사업계약상대방 : 대연역 가로주택정비사업조합계약기간 : 실착공일로부터 41개월주요 계약조건 : -
73,592
-
-
-
-
미착공
착공 후수금 예정
2024-11-06
계약명 : 성남중원 행복주택 및 공영주차장 건설공사 1공구계약상대방 : 한국토지주택공사계약기간 : 2024-11-29 ~ 2029-02-12주요 계약조건 : -
68,448
-
-
-
-
미착공
착공 후수금 예정
2024-11-12
계약명 : 시흥하중 A-4BL 공동주택 건설공사 2공구계약상대방 : 한국토지주택공사계약기간 : 2024-12-31 ~ 2027-09-21주요 계약조건 : -
127,467
-
-
-
-
미착공
착공 후수금 예정
2024-11-18
계약명 : 밀양 나노융합 국가산업단지 조성공사계약상대방 : 한국토지주택공사 경남지역본부계약기간 : 2018-12-26 ~ 2025-03-31주요 계약조건 : -
51,480
5,688
43,611
4,588
46,810
-
-
2024-11-29
계약명 : 광주 도시철도 2호선 1단계 2공구 건설공사계약상대방 : 광주광역시 도시철도건설본부계약기간 : 2019-10-01 ~ 2025-06-05주요 계약조건 : -
78,282
24,263
69,683
13,437
59,569
-
-
2024-12-04
계약명 : 국회대로 지하차도 및 상부공원화(1단계) 건설공사계약상대방 : 서울특별시 도시기반시설본부계약기간 : 2018-08-08 ~ 2027-12-31주요 계약조건 : 무 / 기성불
64,479
5,323
33,924
7,104
34,618
-
-
2024-12-10
계약명 : 중랑물재생센터 시설현대화(2-1)단계 사업계약상대방 : 서울특별시 도시기반시설본부계약기간 : 2024-12-12 ~ 2032-11-02주요 계약조건 : 무 / 기성불
63,433
1,667
1,667
2,008
2,008
-
-
2024-12-13
계약명 : 고속국도 제32호선 아산-청주선 인주-염치간 건설공사(제2공구)계약상대방 : 한국도로공사계약기간 : 2021-08-27 ~ 1500일주요 계약조건 : 무 / 기성불
118,854
28,734
71,530
34,396
78,580
-
-
2024-12-20
계약명 : 평택~오송 2복선화 제1공구 건설공사계약상대방 : 국가철도공단계약기간 : 2023-05-31 ~ 2028-05-30주요 계약조건 : 무 / 기성불
58,039
3,653
5,707
2,459
8,135
-
-
2024-12-20
계약명 : 금광동 4071번지 일원 가로주택정비사업계약상대방 : 금광동 4071번지 일원 가로주택정비사업조합계약기간 : 실착공일로부터 39개월주요 계약조건 : 무 / 분양불
96,492
-
-
-
-
미착공
착공 후수금 예정
2024-12-20
계약명 : 송산그린시티 서측지구 1단계 제1공구 조성공사계약상대방 : 한국수자원공사계약기간 : 2024-03-04 ~ 2030-03-02주요 계약조건 : 무 / 기성불
40,939
3,608
3,608
5,540
5,540
-
-
2024-12-24
계약명 : 대청댐 광역상수도 노후관 개량사업 시설공사(1공구)계약상대방 : 한국수자원공사계약기간 : 2025-03-04 ~ 2029-03-02주요 계약조건 : 무 / 기성불
35,017
-
-
-
-
미착공
착공 후수금 예정
2024-12-24
계약명 : 장항선 개량 2단계 제1공구 노반신설 기타공사계약상대방 : 국가철도공단계약기간 : 2022-04-01 ~ 2028-03-31주요 계약조건 : 무 / 기성불
137,848
17,589
25,384
11,199
29,400
-
-
2024-12-24
계약명 : 지금도농3구역 재개발정비사업계약상대방 : 지금도농3구역 재개발정비사업조합계약기간 : 실착공일로부터 36개월주요 계약조건 : 무 / 분양불
255,710
-
-
-
-
미착공
착공 후수금 예정
2024-12-26
계약명 : 고속국도 제29호선 세종~포천(안성~용인)간 건설공사(제1공구)계약상대방 : 한국도로공사계약기간 : 2024-12-27 ~ 2025-03-06주요 계약조건 : 무 / 기성불
210,557
29,968
180,077
52,294
206,350
-
-
2024-12-26
계약명 : 송도 영남아파트 주택재건축정비사업계약상대방 : 송도 영남아파트 주택재건축정비사업조합계약기간 : 실착공일로부터 37개월주요 계약조건 : 무 / 분양불
160,122
-
-
-
-
미착공
착공 후수금 예정
2024-12-26
계약명 : 동부간선 지하화(영동대로)건설공사계약상대방 : 서울특별시 도시기반시설본부계약기간 : 2023-02-16 ~ 2029-09-26주요 계약조건 : 무 / 기성불
69,122
2,502
4,174
1,369
2,471
-
-
2024-12-31
계약명 : 중앙선 도담~영천 복선전철 제12공구 노반신설 기타공사계약상대방 : 한국철도시설공단계약기간 : 2015-11-02 ~ 2025-06-30주요 계약조건 : 무 / 기성불
125,761
5,682
112,733
1,474
122,036
-
-
2024-12-31
계약명 : 구리갈매역세권 A-1BL 아파트 건설공사계약상대방 : 한국토지주택공사계약기간 : 2024-12-31 ~ 2027-11-24주요 계약조건 : 무 / 기성불
46,060
9
9
-
-
미착공
착공 후수금 예정"	"나. 단일판매공급계약체결 공시 진행사항
1) 계약 진행상황 (단위:백만원)
신고일자
계약내역
계약금액총액
판매공급금액
대금수령금액
당기
누적
당기
누적
2021-12-27
계약명 : 위례선 도시철도 건설공사계약상대방 : 서울특별시 도시기반시설본부계약기간 : 2021-12-30 ~ 2025-09-09주요 계약조건 : -
88,470
34,705
53,170
34,177
56,468
2022-05-27
계약명 : 럭키아파트 가로주택정비사업계약상대방 : 산격동 럭키아파트 가로주택정비사업조합계약기간 : 실착공일로부터 28개월주요 계약조건 : -
37,880
-
-
-
-
2022-06-27
계약명 : 평화동풍년주택 가로주택정비사업계약상대방 : 평화동풍년주택 가로주택정비사업조합계약기간 : 실착공일로부터 26개월주요 계약조건 : -
56,261
-
-
-
-
2022-07-05
계약명 : 사하오성맨션 소규모재건축정비사업계약상대방 : 사하오성맨션소규모재건축정비사업조합계약기간 : 실착공일로부터 30개월주요 계약조건 : -
53,040
-
-
-
-
2022-07-22
계약명 : 거제시 아주동 공동주택 신축공사계약상대방 : 케이비부동산신탁 주식회사계약기간 : 실착공일로부터 30개월주요 계약조건 : -
122,781
239
4,103
-
-
2022-07-29
계약명 : 울산 신정동 한신더휴 주상복합 신축공사계약상대방 : 우리자산신탁㈜계약기간 : 실착공일로부터 37개월주요 계약조건 : -
79,522
33,905
51,029
21,600
37,658
2022-08-25
계약명 : 행신동 연세빌라 일원 가로주택정비사업계약상대방 : 행신동 연세빌라 일원 가로주택정비사업조합계약기간 : 실착공일로부터 26개월주요 계약조건 : -
40,007
-
-
-
-
2022-10-19
계약명 : 포항시 학산공원 공동주택 신축공사계약상대방 : 우리자산신탁 주식회사계약기간 : 실착공일로부터 41개월주요 계약조건 : -
372,211
94,004
118,412
53,566
67,794
2022-10-31
계약명 : 태평동 가로주택정비사업계약상대방 : 태평동 가로주택정비사업조합계약기간 : 실착공일로부터 33개월주요 계약조건 : -
82,880
-
-
-
-
2022-11-07
계약명 : 이화연립 소규모주택재건축정비사업계약상대방 : 케이비부동산신탁 주식회사계약기간 : 실착공일로부터 28개월주요 계약조건 : -
55,895
-
-
-
-
2022-11-07
계약명 : 대동아아파트 소규모재건축정비사업계약상대방 : 대동아아파트 소규모재건축정비사업조합계약기간 : 실착공일로부터 35개월주요 계약조건 : -
56,041
19,822
24,834
15,412
20,276
2022-12-28
계약명 : 청룡1구역 재건축정비사업계약상대방 : 청룡1구역 재건축정비사업조합계약기간 : 실착공일로부터 33개월주요 계약조건 : -
79,295
-
-
-
-
2022-12-28
계약명 : 금광동 4022번지 일원 가로주택정비사업계약상대방 : 금광동4022번지일원가로주택정비사업조합계약기간 : 실착공일로부터 32개월주요 계약조건 : -
63,966
-
-
-
-
2023-03-24
계약명 : 낙민1구역가로주택정비사업계약상대방 : 낙민1구역가로주택정비사업조합계약기간 : 실착공일로부터 34개월주요 계약조건 : -
77,444
-
-
-
-
2023-04-25
계약명 : 노량진동 19-6외 6필지 역세권청년주택 사업계약상대방 : 주식회사 노량진케이미트대한제41호위탁관리부동산투자회사계약기간 : 2023-05-10 ~ 2027-07-10주요 계약조건 : -
159,145
22,135
27,825
22,974
30,200
2023-07-03
계약명 : 도선동 역세권청년주택(공공지원 민간임대주택) 개발사업계약상대방 : (주)카이트제이십삼호위탁관리부동산투자회사계약기간 : 2023-07-31 ~ 2027-05-31주요 계약조건 : -
77,225
12,471
14,241
15,661
15,661
2023-08-04
계약명 : 시흥동 현대아파트 재건축정비사업계약상대방 : 주식회사 무궁화신탁계약기간 : 실착공일로부터 30개월주요 계약조건 : -
60,824
-
-
-
-
2023-09-22
계약명 : 행신2-1구역주택재건축정비사업계약상대방 : 행신2의1구역재건축정비사업조합계약기간 : 실착공일로부터 28개월주요 계약조건 : -
84,830
-
-
-
-
2023-11-28
계약명 : 양주시 덕계동 공동주택 신축공사계약상대방 : 와이제이디투 주식회사계약기간 : 실착공일로부터 38개월주요 계약조건 : -
182,796
4,523
4,523
-
-
2023-12-04
계약명 : 안동시관내 국도대체우회도로(용상-교리2) 건설공사계약상대방 : 부산지방국토관리청계약기간 : 2018-01-10 ~ 2025-05-31주요 계약조건 : -
102,810
16,268
83,697
21,079
94,658
2023-12-04
계약명 : 라오스 참파삭·사라반주 상수도 공급사업계약상대방 : 라오스 참파삭주 공공사업교통국계약기간 : 실착공일로부터 30개월주요 계약조건 : -
41,206
7,845
8,309
3,924
3,924
2023-12-14
계약명 : 서울도시철도 9호선 4단계 연장사업 3공구 건설공사계약상대방 : 서울특별시 도시기반시설본부계약기간 : 2021-12-30 ~ 2028-07-25주요 계약조건 : -
66,518
8,289
15,682
8,015
14,634
2023-12-18
계약명 : 고속국도 제400호선 김포~파주간 건설공사(제2공구)계약상대방 : 한국도로공사계약기간 : 2020-04-27 ~ 2025-02-21주요 계약조건 : -
82,986
9,510
35,052
9,399
43,064
2023-12-27
계약명 : 앵두재건축정비사업계약상대방 : 앵두재건축정비사업조합계약기간 : 실착공일로부터 43개월주요 계약조건 : -
423,318
-
-
-
-
2023-12-27
계약명 : 반월구역 재개발정비사업계약상대방 : 반월구역 재개발정비사업조합계약기간 : 실착공일로부터 40개월주요 계약조건 : -
162,204
-
-
-
-
2023-12-29
계약명 : 우성4차아파트 및 주변 가로주택정비사업계약상대방 : 케이비부동산신탁 주식회사계약기간 : 실착공일로부터 37개월주요 계약조건 : -
86,805
-
-
-
-
2024-02-26
계약명 : 오산 세교2지구 A16BL 한신더휴 신축공사계약상대방 : 세교피에프브이 주식회사계약기간 : 2022-07-15 ~ 2025-03-14주요 계약조건 : -
189,716
110,598
173,325
101,318
169,303
2024-03-13
계약명 : 경부선 천안~소정리간 눈들건널목 입체화 공사계약상대방 : 국가철도공단계약기간 : 2024-03-25 ~ 2027-03-24주요 계약조건 : -
33,123
4,533
4,533
2,080
2,080
2024-04-09
계약명 : 국도42호선 정선 임계-동해 신흥 도로건설공사계약상대방 : 원주지방국토관리청계약기간 : 2024-04-24 ~ 2031-04-22주요 계약조건 : -
70,060
936
936
558
558
2024-05-10
계약명 : 인천계양 테크노밸리 공공주택지구 조성공사 2공구계약상대방 : 한국토지주택공사계약기간 : 2024-05-30 ~ 2029-09-30주요 계약조건 : -
67,654
2,051
2,051
2,937
2,937
2024-05-31
계약명 : 평택 브레인시티 공동7BL 공동주택 신축공사계약상대방 : 한신브레인시티피에프브이㈜계약기간 : 실착공일로부터 40개월주요 계약조건 : -
240,077
2,930
2,930
-
-
2024-06-03
계약명 : 청전 시영아파트 재건축정비사업계약상대방 : 청전시영아파트 재건축정비사업조합계약기간 : 실착공일로부터 44개월주요 계약조건 : -
313,617
-
-
-
-
2024-06-17
계약명 : 수도권광역급행철도 B노선(용산~상봉) 제2공구 노반신설 기타공사계약상대방 : 국가철도공단계약기간 : 2024-06-17 ~ 2030-01-16주요 계약조건 : -
221,774
1,398
1,398
38,400
38,400
2024-06-20
계약명 : 춘천~속초 철도건설 제5공구 노반신설 기타공사계약상대방 : 국가철도공단계약기간 : 2024-06-19 ~ 2029-03-19주요 계약조건 : -
183,308
1,870
1,870
30,000
30,000
2024-09-20
계약명 : 00비행장 통합이전 건설공사계약상대방 : 한국토지주택공사계약기간 : 2021-12-31 ~ 2027-12-30주요 계약조건 : -
78,871
13,552
27,743
14,705
31,005
2024-10-15
계약명 : 경남항공 국가산업단지 사천지구 조성공사계약상대방 : 한국토지주택공사계약기간 : 2018-12-26 ~ 2025-02-28주요 계약조건 : -
37,037
6,284
32,440
6,719
36,437
2024-10-21
계약명 : 대연역 가로주택정비사업계약상대방 : 대연역 가로주택정비사업조합계약기간 : 실착공일로부터 41개월주요 계약조건 : -
73,592
-
-
-
-
2024-11-06
계약명 : 성남중원 행복주택 및 공영주차장 건설공사 1공구계약상대방 : 한국토지주택공사계약기간 : 2024-11-29 ~ 2029-02-12주요 계약조건 : -
68,448
-
-
-
-
2024-11-12
계약명 : 시흥하중 A-4BL 공동주택 건설공사 2공구계약상대방 : 한국토지주택공사계약기간 : 2024-12-31 ~ 2027-09-21주요 계약조건 : -
127,467
-
-
-
-
2024-11-18
계약명 : 밀양 나노융합 국가산업단지 조성공사계약상대방 : 한국토지주택공사 경남지역본부계약기간 : 2018-12-26 ~ 2025-03-31주요 계약조건 : -
51,480
5,688
43,611
4,588
46,810
2024-11-29
계약명 : 광주 도시철도 2호선 1단계 2공구 건설공사계약상대방 : 광주광역시 도시철도건설본부계약기간 : 2019-10-01 ~ 2025-06-05주요 계약조건 : -
78,282
24,263
69,683
13,437
59,569
2024-12-04
계약명 : 국회대로 지하차도 및 상부공원화(1단계) 건설공사계약상대방 : 서울특별시 도시기반시설본부계약기간 : 2018-08-08 ~ 2027-12-31주요 계약조건 : 무 / 기성불
64,479
5,323
33,924
7,104
34,618
2024-12-10
계약명 : 중랑물재생센터 시설현대화(2-1)단계 사업계약상대방 : 서울특별시 도시기반시설본부계약기간 : 2024-12-12 ~ 2032-11-02주요 계약조건 : 무 / 기성불
63,433
1,667
1,667
2,008
2,008
2024-12-13
계약명 : 고속국도 제32호선 아산-청주선 인주-염치간 건설공사(제2공구)계약상대방 : 한국도로공사계약기간 : 2021-08-27 ~ 1500일주요 계약조건 : 무 / 기성불
118,854
28,734
71,530
34,396
78,580
2024-12-20
계약명 : 평택~오송 2복선화 제1공구 건설공사계약상대방 : 국가철도공단계약기간 : 2023-05-31 ~ 2028-05-30주요 계약조건 : 무 / 기성불
58,039
3,653
5,707
2,459
8,135
2024-12-20
계약명 : 금광동 4071번지 일원 가로주택정비사업계약상대방 : 금광동 4071번지 일원 가로주택정비사업조합계약기간 : 실착공일로부터 39개월주요 계약조건 : 무 / 분양불
96,492
-
-
-
-
2024-12-20
계약명 : 송산그린시티 서측지구 1단계 제1공구 조성공사계약상대방 : 한국수자원공사계약기간 : 2024-03-04 ~ 2030-03-02주요 계약조건 : 무 / 기성불
40,939
3,608
3,608
5,540
5,540
2024-12-24
계약명 : 대청댐 광역상수도 노후관 개량사업 시설공사(1공구)계약상대방 : 한국수자원공사계약기간 : 2025-03-04 ~ 2029-03-02주요 계약조건 : 무 / 기성불
35,017
-
-
-
-
2024-12-24
계약명 : 장항선 개량 2단계 제1공구 노반신설 기타공사계약상대방 : 국가철도공단계약기간 : 2022-04-01 ~ 2028-03-31주요 계약조건 : 무 / 기성불
137,848
17,589
25,384
11,199
29,400
2024-12-24
계약명 : 지금도농3구역 재개발정비사업계약상대방 : 지금도농3구역 재개발정비사업조합계약기간 : 실착공일로부터 36개월주요 계약조건 : 무 / 분양불
255,710
-
-
-
-
2024-12-26
계약명 : 고속국도 제29호선 세종~포천(안성~용인)간 건설공사(제1공구)계약상대방 : 한국도로공사계약기간 : 2024-12-27 ~ 2025-03-06주요 계약조건 : 무 / 기성불
210,557
29,968
180,077
52,294
206,350
2024-12-26
계약명 : 송도 영남아파트 주택재건축정비사업계약상대방 : 송도 영남아파트 주택재건축정비사업조합계약기간 : 실착공일로부터 37개월주요 계약조건 : 무 / 분양불
160,122
-
-
-
-
2024-12-26
계약명 : 동부간선 지하화(영동대로)건설공사계약상대방 : 서울특별시 도시기반시설본부계약기간 : 2023-02-16 ~ 2029-09-26주요 계약조건 : 무 / 기성불
69,122
2,502
4,174
1,369
2,471
2024-12-31
계약명 : 중앙선 도담~영천 복선전철 제12공구 노반신설 기타공사계약상대방 : 한국철도시설공단계약기간 : 2015-11-02 ~ 2025-06-30주요 계약조건 : 무 / 기성불
125,761
5,682
112,733
1,474
122,036
2024-12-31
계약명 : 구리갈매역세권 A-1BL 아파트 건설공사계약상대방 : 한국토지주택공사계약기간 : 2024-12-31 ~ 2027-11-24주요 계약조건 : 무 / 기성불
46,060
9
9
-
-
2) 대금 미수령 사유 상기 계약내역 중 대금 수령금액이 없는 계약건은 착공 초기 현장 또는 미착공 사업장으로 공사의 진행 경과 및 실착공 후 대금수령 예정입니다. 3) 향후 추진계획 상기 계약내역 중 판매공급 및 대금 수령이 미이행중인 계약건은 인허가 완료 후 착공 및 공급 이행 예정이며, 계약 조건에 따라 대금 수령도 이루어질 예정입니다. 또한, 미이행중인 계약건 이외의 계약건도 공사추진과정 및 도급계약서에서 규정하는 조건 등에 따라 계약기간 및 계약금액이 변경될 수 있습니다. 변경계약 체결 시 정정공시 등을 통해 안내할 예정입니다."	ok_sub
20250814002293	잇츠한불	예	I. 4. 사. 자기주식 보유목적 ~ 차. 소각계획	미흡기재	20250321001259	"사. 자기주식 보유 목적
주식 가치 안정화 및 주주 가치 제고"	"사. 자기주식 보유 목적
당사는 한불화장품과의 합병전 신탁계약에 의한 취득 수량 및 2017년 5월 1일 합병의 과정에서 취득한 자기주식을 보유중입니다. 당사는 주식 가치 안정화 및 주주 가치 제고를 위하여 보유하고 있습니다."	ok_sub
20250814002288	한국비티비	예	VI. 3. 나. 소수주주권	미흡기재	20250320001750	"나. 소수주주권
- 공시대상기간중 소수주주권이 행사된 사실이 없습니다."	"나. 소수주주권
행사자
소수주주권 내용
행사목적
진행경과
-
-
-
-
- 공시대상기간중 소수주주권이 행사된 사실이 없습니다."	ok_sub
20250814002278	유화증권	예	I. 4. 2) 자기주식 보고서 승인 내용 3~5. 취득·처분·소각 계획	미흡사항 추가기재	20250311001178	"4. 주식의 총수 등
1) 주식의 총수 현황
(기준일 :
2024년 12월 31일
)
(단위 : 주, %)
구 분
주식의 종류
비고
보통주
우선주
합계
Ⅰ. 발행할 주식의 총수
125,000,000
125,000,000
250,000,000
종류주식은 발행주식총수의 1/2 범위내에서 발행(당사 정관 제7조의 2)
Ⅱ. 현재까지 발행한 주식의 총수
56,702,415
17,476,425
74,178,840
-
Ⅲ. 현재까지 감소한 주식의 총수
-
-
-
-
1. 감자
-
-
-
-
2. 이익소각
-
-
-
-
3. 상환주식의 상환
-
-
-
-
4. 기타
-
-
-
-
Ⅳ. 발행주식의 총수 (Ⅱ-Ⅲ)
56,702,415
17,476,425
74,178,840
-
Ⅴ. 자기주식수
10,946,410
2,598,855
13,545,265
-
Ⅵ. 유통주식수 (Ⅳ-Ⅴ)
45,756,005
14,877,570
60,633,575
-
Ⅶ. 자기주식 보유비율
19.31
14.87
18.26
-
※ 상기 종류주식은 보통주보다 액면금액을 기준하여 1%를 금전으로 더 배당하는 구형우선주입니다.
※ 보고서 제출일 현재 당사의 발행할 주식의 총수는 250,000,000주이고, 발행주식총수는 74,178,840주입니다.
2) 자기주식 보고서 승인 내용
1. 자기주식 보유현황
(단위 : 주)
취득방법
취득(계약체결)결정 공시일자
주식종류
취득기간
취득목적
최초보유예상기간
최초취득수량
변동 수량
기말수량
비고
처분(-)
소각(-)
배당가능이익범위이내취득
직접취득
-
보통주
1998.03.09~1999.03.23
-
-
94,450
-
-
94,450
자사주 관련 공시 실시 이전 취득분
2003년 11월 17일
보통주
2003.11.21~2004.02.20
자기주식의 가격안정
-
280,000
-
-
374,450
취득예정수량 280,000주전부 취득
2015년 11월 20일
보통주
2015.11.23~2016.02.22
주가 안정 및주주가치 제고
3년 이상
536,780
-
-
911,230
취득예정수량 600,000주 중536,780주 취득
2016년 03월 23일
보통주
2016.03.24~2016.06.23
주가 안정 및주주가치 제고
3년 이상
523,072
-
-
1,434,302
취득예정수량 600,000주 중523,072주 취득
2018년 12월 21일
보통주
2018.12.24~2019.03.22
주가 안정 및주주가치 제고
3년 이상
100,000
-
-
1,534,302
취득예정수량 100,000주전부 취득
2020년 04월 14일
보통주
-
-
-
-
-
-
7,671,510
액면분할 실시일 (5,000원->1,000원)
2020년 03월 20일
보통주
2020.03.23~2020.06.22
주가부양 및거래활성화
2년 이상
500,000
-
-
8,171,510
취득예정수량 500,000주 전부 취득(액면분할 전 100,000주로 공시)
-
우선주
1994.10.28~1995.03.06
-
-
435,000
55,229
-
379,771
자사주 관련 공시 실시 이전 취득분(2016.11.15 자기주식처분 27,285주/2018.05.24 자기주식처분 27,944주)
2018년 12월 21일
우선주
2018.12.24~2019.03.22
주가안정 및주주가치 제고
3년 이상
50,000
-
-
429,771
취득예정수량 50,000주전부 취득
2019년 09월 11일
우선주
2019.09.16~2019.12.13
주가안정 및주주가치 제고
2년 이상
40,000
-
-
469,771
취득예정수량 40,000주전부 취득
2020년 04월 14일
우선주
-
-
-
-
-
-
2,348,855
액면분할 실시일 (5,000원->1,000원)
2020년 03월 20일
우선주
2020.03.23~2020.06.22
주가부양 및거래활성화
2년 이상
250,000
-
-
2,598,855
취득예정수량 250,000주 전부 취득(액면분할 전 50,000주로 공시)
신탁계약에의한 취득
2003년 01월 17일
보통주
2003.01.20~2005.01.25
자기주식 가격 안정 및거래활성화
-
230,509
230,509
-
0
특정금전신탁계약 1차분(취득 후 전부 처분)
2003년 02월 14일
보통주
2003.02.17~2007.04.20
자기주식 가격 안정 및거래활성화
-
316,491
316,491
-
0
특정금전신탁계약 2차분
(1차분과 동시진행/취득 후 전부 처분)
2008년 10월 31일
보통주
2008.11.03~2018.05.24
자기주식 가격안정 및주주가치 제고
-
466,730
240,520
-
226,210
특정금전신탁계약 3차분
2011년 11월 25일
보통주
2011.12.01~2018.05.24
자기주식의 가격안정
-
502,900
174,130
-
554,980
특정금전신탁계약 4차분(3차분과 동시진행/동시해지)
2020년 04월 14일
보통주
-
-
-
-
-
-
2,774,900
액면분할 실시일 (5,000원->1,000원)
기타 취득
-
-
-
-
-
-
-
-
-
-
-
-
-
-
-
-
-
-
-
-
총계
-
-
-
-
-
당사 직접취득 보통주 : 8,171,510주당사 신탁계약 취득 보통주 : 2,774,900주
당사 자기주식(보통주) 합계 : 10,946,410주
당사 직접취득 우선주 : 2,598,855주
당사 신탁계약 취득 우선주 :
없음
당사 자기주식(우선주) 합계 :
2,598,855주
2. 자기주식 보유 목적 :
주가안정 및 주주가치 제고
3. 자기주식 취득계획 : 해당사항 없음
4. 자기주식 처분계획 :
해당사항 없음
5. 자기주식 소각계획 :
해당사항 없음"	"4. 주식의 총수 등
1) 주식의 총수 현황
(기준일 :
2024년 12월 31일
)
(단위 : 주, %)
구 분
주식의 종류
비고
보통주
우선주
합계
Ⅰ. 발행할 주식의 총수
125,000,000
125,000,000
250,000,000
종류주식은 발행주식총수의 1/2 범위내에서 발행(당사 정관 제7조의 2)
Ⅱ. 현재까지 발행한 주식의 총수
56,702,415
17,476,425
74,178,840
-
Ⅲ. 현재까지 감소한 주식의 총수
-
-
-
-
1. 감자
-
-
-
-
2. 이익소각
-
-
-
-
3. 상환주식의 상환
-
-
-
-
4. 기타
-
-
-
-
Ⅳ. 발행주식의 총수 (Ⅱ-Ⅲ)
56,702,415
17,476,425
74,178,840
-
Ⅴ. 자기주식수
10,946,410
2,598,855
13,545,265
-
Ⅵ. 유통주식수 (Ⅳ-Ⅴ)
45,756,005
14,877,570
60,633,575
-
Ⅶ. 자기주식 보유비율
19.31
14.87
18.26
-
※ 상기 종류주식은 보통주보다 액면금액을 기준하여 1%를 금전으로 더 배당하는 구형우선주입니다.※ 보고서 제출일 현재 당사의 발행할 주식의 총수는 250,000,000주이고, 발행주식총수는 74,178,840주입니다.
2) 자기주식 보고서 승인 내용
1. 자기주식 보유현황
(단위 : 주)
취득방법
취득(계약체결)결정 공시일자
주식종류
취득기간
취득목적
최초보유예상기간
최초취득수량
변동 수량
기말수량
비고
처분(-)
소각(-)
배당가능이익범위이내취득
직접취득
-
보통주
1998.03.09~1999.03.23
-
-
94,450
-
-
94,450
자사주 관련 공시 실시 이전 취득분
2003년 11월 17일
보통주
2003.11.21~2004.02.20
자기주식의 가격안정
-
280,000
-
-
374,450
취득예정수량 280,000주전부 취득
2015년 11월 20일
보통주
2015.11.23~2016.02.22
주가 안정 및주주가치 제고
3년 이상
536,780
-
-
911,230
취득예정수량 600,000주 중536,780주 취득
2016년 03월 23일
보통주
2016.03.24~2016.06.23
주가 안정 및주주가치 제고
3년 이상
523,072
-
-
1,434,302
취득예정수량 600,000주 중523,072주 취득
2018년 12월 21일
보통주
2018.12.24~2019.03.22
주가 안정 및주주가치 제고
3년 이상
100,000
-
-
1,534,302
취득예정수량 100,000주전부 취득
2020년 04월 14일
보통주
-
-
-
-
-
-
7,671,510
액면분할 실시일 (5,000원->1,000원)
2020년 03월 20일
보통주
2020.03.23~2020.06.22
주가부양 및거래활성화
2년 이상
500,000
-
-
8,171,510
취득예정수량 500,000주 전부 취득(액면분할 전 100,000주로 공시)
-
우선주
1994.10.28~1995.03.06
-
-
435,000
55,229
-
379,771
자사주 관련 공시 실시 이전 취득분(2016.11.15 자기주식처분 27,285주/2018.05.24 자기주식처분 27,944주)
2018년 12월 21일
우선주
2018.12.24~2019.03.22
주가안정 및주주가치 제고
3년 이상
50,000
-
-
429,771
취득예정수량 50,000주전부 취득
2019년 09월 11일
우선주
2019.09.16~2019.12.13
주가안정 및주주가치 제고
2년 이상
40,000
-
-
469,771
취득예정수량 40,000주전부 취득
2020년 04월 14일
우선주
-
-
-
-
-
-
2,348,855
액면분할 실시일 (5,000원->1,000원)
2020년 03월 20일
우선주
2020.03.23~2020.06.22
주가부양 및거래활성화
2년 이상
250,000
-
-
2,598,855
취득예정수량 250,000주 전부 취득(액면분할 전 50,000주로 공시)
신탁계약에의한 취득
2003년 01월 17일
보통주
2003.01.20~2005.01.25
자기주식 가격 안정 및거래활성화
-
230,509
230,509
-
0
특정금전신탁계약 1차분(취득 후 전부 처분)
2003년 02월 14일
보통주
2003.02.17~2007.04.20
자기주식 가격 안정 및거래활성화
-
316,491
316,491
-
0
특정금전신탁계약 2차분(1차분과 동시진행/취득 후 전부 처분)
2008년 10월 31일
보통주
2008.11.03~2018.05.24
자기주식 가격안정 및주주가치 제고
-
466,730
240,520
-
226,210
특정금전신탁계약 3차분
2011년 11월 25일
보통주
2011.12.01~2018.05.24
자기주식의 가격안정
-
502,900
174,130
-
554,980
특정금전신탁계약 4차분(3차분과 동시진행/동시해지)
2020년 04월 14일
보통주
-
-
-
-
-
-
2,774,900
액면분할 실시일 (5,000원->1,000원)
기타 취득
-
-
-
-
-
-
-
-
-
-
-
-
-
-
-
-
-
-
-
-
총계
-
-
-
-
-
당사 직접취득 보통주 : 8,171,510주당사 신탁계약 취득 보통주 : 2,774,900주
당사 자기주식(보통주) 합계 : 10,946,410주
당사 직접취득 우선주 : 2,598,855주당사 신탁계약 취득 우선주 : 없음
당사 자기주식(우선주) 합계 : 2,598,855주
2. 자기주식 보유 목적 :주가안정 및 주주가치 제고
3. 자기주식 취득계획 : 당사는 사업보고서 제출일 기준 자기주식 취득에 대한 계획이 없습니다. 다만 주가 흐름, 시장 상황 및 경영전략 등을 종합적으로 고려하여 주주가치 제고 및 주가 안정이 필요하다고 판단될 경우 이사회의 결의를 거쳐 자기주식 취득을 검토할 것입니다. 향후 관련 계획이 확정되는 경우에는 관련 법령에 따라 공시할 예정입니다.
4. 자기주식 처분계획 : 당사는 사업보고서 제출일 기준 보유 중인 자기주식에 대한 처분 계획이 없습니다. 향후 재무구조 개선 및 전략적 투자 재원 확보, 자본 정책 운영, 주주가치 제고 등을 위해 필요할 경우 자기주식 처분 계획을 검토할 것입니다.
5. 자기주식 소각계획 : 당사는 사업보고서 제출일 기준 자기주식 소각계획은 없습니다. 현재 적극적인 배당 정책 등을 통한 주주환원 노력에도 불구하고 타 증권사 대비 낮은 유동성으로 인해 취득 및 소각에 신중한 입장입니다. 향후 당사의 재무상태, 수익성, 자본구조, 시장 유동성 등을 종합적으로 고려하여 소각 여부 및 시점에 대해 검토할 예정입니다."	ok
20250814002278	유화증권	예	(첨부서류)자기주식 보고서	미첨부	20250311001178			no_section
20250814002253	국보디자인	예	I. 4. 자기주식 보유현황·보유목적·취득계획·처분계획·소각계획	내용 미기재	20250320000787	"4. 주식의 총수 등
주식의 총수 현황
(기준일 :
2024년 12월 31일
)
(단위 : 주, %)
구 분
주식의 종류
비고
보통주
합계
Ⅰ. 발행할 주식의 총수
20,000,000
20,000,000
-
Ⅱ. 현재까지 발행한 주식의 총수
7,500,000
7,500,000
-
Ⅲ. 현재까지 감소한 주식의 총수
-
-
-
1. 감자
-
-
-
2. 이익소각
-
-
-
3. 상환주식의 상환
-
-
-
4. 기타
-
-
-
Ⅳ. 발행주식의 총수 (Ⅱ-Ⅲ)
7,500,000
7,500,000
-
Ⅴ. 자기주식수
890,436
890,436
-
Ⅵ. 유통주식수 (Ⅳ-Ⅴ)
6,609,564
6,609,564
-
Ⅶ. 자기주식 보유비율
11.8
11.8
-
자기주식 취득 및 처분 현황
(기준일 :
2024년 12월 31일
)
(단위 : 주)
취득방법
주식의 종류
기초수량
변동 수량
기말수량
비고
취득(+)
처분(-)
소각(-)
배당가능이익범위이내취득
직접취득
장내 직접 취득
보통주식
890,436
-
-
-
890,436
-
기타주식
-
-
-
-
-
-
장외직접 취득
보통주식
-
-
-
-
-
-
기타주식
-
-
-
-
-
-
공개매수
보통주식
-
-
-
-
-
-
기타주식
-
-
-
-
-
-
소계(a)
보통주식
890,436
-
-
-
890,436
-
기타주식
-
-
-
-
-
-
신탁계약에 의한취득
수탁자 보유물량
보통주식
-
-
-
-
-
-
기타주식
-
-
-
-
-
-
현물보유물량
보통주식
-
-
-
-
-
-
기타주식
-
-
-
-
-
-
소계(b)
보통주식
-
-
-
-
-
-
기타주식
-
-
-
-
-
-
기타 취득(c)
보통주식
-
-
-
-
-
-
기타주식
-
-
-
-
-
-
총 계(a+b+c)
보통주식
890,436
-
-
-
890,436
-
기타주식
-
-
-
-
-
-"	"4. 주식의 총수 등
주식의 총수 현황
(기준일 :
2024년 12월 31일
)
(단위 : 주, %)
구 분
주식의 종류
비고
보통주
합계
Ⅰ. 발행할 주식의 총수
20,000,000
20,000,000
-
Ⅱ. 현재까지 발행한 주식의 총수
7,500,000
7,500,000
-
Ⅲ. 현재까지 감소한 주식의 총수
-
-
-
1. 감자
-
-
-
2. 이익소각
-
-
-
3. 상환주식의 상환
-
-
-
4. 기타
-
-
-
Ⅳ. 발행주식의 총수 (Ⅱ-Ⅲ)
7,500,000
7,500,000
-
Ⅴ. 자기주식수
890,436
890,436
-
Ⅵ. 유통주식수 (Ⅳ-Ⅴ)
6,609,564
6,609,564
-
Ⅶ. 자기주식 보유비율
11.8
11.8
-
자기주식 취득 및 처분 현황
(기준일 :
2024년 12월 31일
)
(단위 : 주)
취득방법
주식의 종류
기초수량
변동 수량
기말수량
비고
취득(+)
처분(-)
소각(-)
배당가능이익범위이내취득
직접취득
장내 직접 취득
보통주식
890,436
-
-
-
890,436
-
기타주식
-
-
-
-
-
-
장외직접 취득
보통주식
-
-
-
-
-
-
기타주식
-
-
-
-
-
-
공개매수
보통주식
-
-
-
-
-
-
기타주식
-
-
-
-
-
-
소계(a)
보통주식
890,436
-
-
-
890,436
-
기타주식
-
-
-
-
-
-
신탁계약에 의한취득
수탁자 보유물량
보통주식
-
-
-
-
-
-
기타주식
-
-
-
-
-
-
현물보유물량
보통주식
-
-
-
-
-
-
기타주식
-
-
-
-
-
-
소계(b)
보통주식
-
-
-
-
-
-
기타주식
-
-
-
-
-
-
기타 취득(c)
보통주식
-
-
-
-
-
-
기타주식
-
-
-
-
-
-
총 계(a+b+c)
보통주식
890,436
-
-
-
890,436
-
기타주식
-
-
-
-
-
-
1. 자기주식 보유현황 : 다음의 표에 따라 기재한다.
자기주식 보유현황
(단위 : 주)
취득방법
취득(계약체결)결정 공시일자
주식종류
취득기간
취득목적
최초보유예상기간
최초취득수량
변동 수량
기말수량
비고
처분(-)
소각(-)
배당가능이익범위이내취득
직접취득
2002.10.10
보통주
2002.10.14 ~ 2003.01.13
주주보호 및 주가안정
6개월이상
400,000
-
-
400,000
-
2003.05.14
보통주
2003.05.18 ~ 2003.08.17
주식거래 활성화
6개월이상
-
300,000
-
100,000
-
-
보통주
2003.12.29
무상증자단수주인수
6개월이상
915
-
-
100,915
-
2004.05.17
보통주
2004.05.21 ~ 2004.08.20
자사주식 가격 안정을 통한 주주이익 보호
6개월이상
250,000
-
-
350,915
-
2012.02.09
보통주
2012.02.10 ~ 2012.03.12
주식거래 유동성 증대 및 자본효율성 제고
6개월이상
-
350,915
-
-
-
2016.01.22
보통주
2016.01.25 ~ 2016.04.22
주가안정 및 주주가치증대
6개월이상
196,067
-
-
196,067
-
2018.11.01
보통주
2018.11.02 ~ 2019.02.01
주가안정 및 주주가치증대
6개월이상
216,173
-
-
412,240
-
2020.03.24
보통주
2020.03.25 ~ 2020.06.24
주가안정 및 주주가치증대
6개월이상
215,074
-
-
627,314
-
2023.02.09
보통주
2023.02.10 ~ 2023.05.09
주가안정 및 주주가치증대
6개월이상
263,122
-
-
890,436
-
신탁계약에의한 취득
-
-
-
-
-
-
-
-
-
-
-
-
-
-
-
-
-
-
-
-
기타 취득
-
-
-
-
-
-
-
-
-
-
-
-
-
-
-
-
-
-
-
-
총계
1,541,351
650,915
-
890,436
-
2. 자기주식 보유 목적
주가안정 및 주주가치 제고를 목적으로 자기주식 취득 후 보유
3. 자기주식 취득계획
이사회결의일 현재 자기주식 취득계획은 없습니다.
4. 자기주식 처분계획
이사회결의일 현재 자기주식 처분계획은 없습니다.
5. 자기주식 소각계획이사회결의일 현재 자기주식 소각계획은 없습니다."	ok
20250814002253	국보디자인	예	Ⅵ. 3. 소수주주권·주주총회의사록 요약·주식사무	미기재 및 미흡기재	20250320000787	"3. 주주총회 등에 관한 사항
투표제도 현황
(기준일 :
2024년 12월 31일
)
투표제도 종류
집중투표제
서면투표제
전자투표제
도입여부
배제
미도입
미도입
실시여부
부
부
부
의결권 현황
(기준일 :
2024년 12월 31일
)
(단위 : 주)
구 분
주식의 종류
주식수
비고
발행주식총수(A)
보통주
7,500,000
-
우선주
-
-
의결권없는 주식수(B)
보통주
890,436
-
우선주
-
-
정관에 의하여 의결권 행사가 배제된 주식수(C)
보통주
-
-
우선주
-
-
기타 법률에 의하여의결권 행사가 제한된 주식수(D)
보통주
-
-
우선주
-
-
의결권이 부활된 주식수(E)
보통주
-
-
우선주
-
-
의결권을 행사할 수 있는 주식수(F = A - B - C - D + E)
보통주
6,609,564
-
우선주
-
-"	"3. 주주총회 등에 관한 사항
투표제도 현황
(기준일 :
2024년 12월 31일
)
투표제도 종류
집중투표제
서면투표제
전자투표제
도입여부
배제
미도입
미도입
실시여부
부
부
부
의결권 현황
(기준일 :
2024년 12월 31일
)
(단위 : 주)
구 분
주식의 종류
주식수
비고
발행주식총수(A)
보통주
7,500,000
-
우선주
-
-
의결권없는 주식수(B)
보통주
890,436
-
우선주
-
-
정관에 의하여 의결권 행사가 배제된 주식수(C)
보통주
-
-
우선주
-
-
기타 법률에 의하여의결권 행사가 제한된 주식수(D)
보통주
-
-
우선주
-
-
의결권이 부활된 주식수(E)
보통주
-
-
우선주
-
-
의결권을 행사할 수 있는 주식수(F = A - B - C - D + E)
보통주
6,609,564
-
우선주
-
-
소수주주권
해당사항 없음
주주총회의사록 요약
개최일자
안건
결의내용
주요논의내용
정기주주총회(제37기)
2025년 03월 28일
제1호 의안 : 37기(2024.01.01~2024.12.31) 재무상태표, 손익계산서, 이익잉여금처분 계산서 승인의 건. 가. 현금배당 주당 500원 승인의 건 제2호 의안 : 이사보수한도 승인의 건
가결
현금배당의 승인 이사보수한도 승인
주식사무
해당사항 없음"	ok
20250814002215	오비고	예	XI. 1. 가. 대금 미수령 사유 및 추진계획	단일판매 공급계약 진행상황 관련 정정 요구에 따른 향후 변동 가능성에 대한 문구 추가	20250328000790	"1. 공시내용 진행 및 변경사항
가. 공시내용의 진행ㆍ변경 상황
신고일자
제 목
신고내용
신고사항의 진행사항
2023.06.26
단일판매 공급계약 체결
-계약명:LG유플러스 차세대 커넥티드카 인포테인먼트 서비스 개발-계약상대방: 주식회사 엘지유플러스-계약금액: 5,355,400,000원-계약기간: 2023.06.01~2025.08.31
- 단일판매 공급계약 체결(2023.06.26)
2024.12.26
단일판매 공급계약 체결
-계약명:LG유플러스 차세대 커넥티드카 인포테인먼트 서비스 추가 개발-계약상대방: 주식회사 엘지유플러스-계약금액: 2,188,000,000원-계약기간: 2024.12.20~2025.12.31
- 단일판매 공급계약 체결(2024.12.26)
- 진행상황
(단위 : 백만원)
신고일자
계약내역
계약금액총액
판매
ㆍ공급금액
대금수령금액
당기
누적
당기
누적
2023.06.26
-계약명:LG유플러스 차세대 커넥티드카 인포테인먼트 서비스 개발-계약상대방: 주식회사 엘지유플러스-계약기간: 2023.06.01~2025.08.31-주요 계약조건1. 계약
서비스1. 차세대 커넥티드카 인포테인먼트 서비스 개발
계약금액 : 4,436,400,000원
- 1차 선급금(계약금액의 30%) : 1,330,920,000원
- 2차 중도금(계약금액의 40%) : 1,774,560,000원
- 3차 잔금 (계약금액의 30%) : 1,330,920,000원
서비스2. 차세대 커넥티드카 인포테인먼트 서비스 개발
계약금액 : 919,000,000원
- 1차 선급금(계약금액의 30%) : 275,700,000원
- 2차 중도금(계약금액의 40%) : 367,600,000원
- 3차 잔금 (계약금액의 30%) : 275,700,000원
2. 지급방법
-선급금(2023.06.30)
-중도금(2024.04.30)
-잔금(2025.08.31)
현금 분할지급
5,355
2,142
3,749
2,142
3,749
2
024.12.26
-계약명:LG유플러스 차세대 커넥티드카 인포테인먼트 서비스 추가 개발-계약상대방: 주식회사 엘지유플러스-계약기간: 2024.12.20~2025.12.31-주요 계약조건1. 계약
계약1. 차세대 커넥티드카 인포테인먼트 서비스 추가 개발
계약금액 : 1,003,000,000원
계약기간 : 2024-12-23 ~ 2025-10-31
- 1차 선급금(계약금액의 30%) : 300,900,000원
- 2차 중도금(계약금액의 40%) : 401,200,000원
- 3차 잔 금 (계약금액의 30%) : 300,900,000원
계약2. 차세대 커넥티드카 인포테인먼트 서비스 추가 개발
계약금액 : 1,185,000,000원
계약기간 : 2024-12-20 ~ 2025-12-31
- 1차 선급금(계약금액의 30%) : 355,500,000원
- 2차 중도금(계약금액의 40%) : 474,000,000원
- 3차 잔 금 (계약금액의 30%) : 355,500,000원
2. 지급방법
현금 분할 지급
계약1 청구예정일자
-선급금: 2024.12.23
-중도금: 2025.05.01
-잔 금: 2025.10.31
계약2 청구예정일자
-선급금: 2024.12.20
-중도금: 2025.08.29
-잔 금: 2025.12.31
2,188
-
-
-
-
- 대금 미수령 사유 및 추진계획
신고일자 2024.12.26 계약의 건 :
고객사 사정으로 선급금의 검수 지연으로 대금 청구일,수령일이 지연되었습니다.
계약1의 1차 선급금은 25년
3월 대금수령 완료 예정입니다
. 2차 중도금과 3차 잔금은 계약에 따라서 2025년에 공급 및 대금 수령예정입니다.
계약2의 1차 선급금은 25년 2월 대금 수령완료, 2차 중도금과 3차 잔금은 계약에 따라서 2025년에 공급 및 대금 수령예정입니다."	"1. 공시내용 진행 및 변경사항
가. 공시내용의 진행ㆍ변경 상황
신고일자
제 목
신고내용
신고사항의 진행사항
2023.06.26
단일판매 공급계약 체결
-계약명:LG유플러스 차세대 커넥티드카 인포테인먼트 서비스 개발-계약상대방: 주식회사 엘지유플러스-계약금액: 5,355,400,000원-계약기간: 2023.06.01~2025.08.31
- 단일판매 공급계약 체결(2023.06.26)
2024.12.26
단일판매 공급계약 체결
-계약명:LG유플러스 차세대 커넥티드카 인포테인먼트 서비스 추가 개발-계약상대방: 주식회사 엘지유플러스-계약금액: 2,188,000,000원-계약기간: 2024.12.20~2025.12.31
- 단일판매 공급계약 체결(2024.12.26)
- 진행상황
(단위 : 백만원)
신고일자
계약내역
계약금액총액
판매ㆍ공급금액
대금수령금액
당기
누적
당기
누적
2023.06.26
-계약명:LG유플러스 차세대 커넥티드카 인포테인먼트 서비스 개발-계약상대방: 주식회사 엘지유플러스-계약기간: 2023.06.01~2025.08.31-주요 계약조건1. 계약서비스1. 차세대 커넥티드카 인포테인먼트 서비스 개발계약금액 : 4,436,400,000원- 1차 선급금(계약금액의 30%) : 1,330,920,000원- 2차 중도금(계약금액의 40%) : 1,774,560,000원- 3차 잔금 (계약금액의 30%) : 1,330,920,000원서비스2. 차세대 커넥티드카 인포테인먼트 서비스 개발계약금액 : 919,000,000원- 1차 선급금(계약금액의 30%) : 275,700,000원- 2차 중도금(계약금액의 40%) : 367,600,000원- 3차 잔금 (계약금액의 30%) : 275,700,000원2. 지급방법-선급금(2023.06.30)-중도금(2024.04.30)-잔금(2025.08.31)현금 분할지급
5,355
2,142
3,749
2,142
3,749
2024.12.26
-계약명:LG유플러스 차세대 커넥티드카 인포테인먼트 서비스 추가 개발-계약상대방: 주식회사 엘지유플러스-계약기간: 2024.12.20~2025.12.31-주요 계약조건1. 계약계약1. 차세대 커넥티드카 인포테인먼트 서비스 추가 개발계약금액 : 1,003,000,000원계약기간 : 2024-12-23 ~ 2025-10-31- 1차 선급금(계약금액의 30%) : 300,900,000원- 2차 중도금(계약금액의 40%) : 401,200,000원- 3차 잔 금 (계약금액의 30%) : 300,900,000원계약2. 차세대 커넥티드카 인포테인먼트 서비스 추가 개발계약금액 : 1,185,000,000원계약기간 : 2024-12-20 ~ 2025-12-31 - 1차 선급금(계약금액의 30%) : 355,500,000원- 2차 중도금(계약금액의 40%) : 474,000,000원- 3차 잔 금 (계약금액의 30%) : 355,500,000원2. 지급방법현금 분할 지급계약1 청구예정일자-선급금: 2024.12.23-중도금: 2025.05.01-잔 금: 2025.10.31계약2 청구예정일자-선급금: 2024.12.20-중도금: 2025.08.29-잔 금: 2025.12.31
2,188
-
-
-
-
- 대금 미수령 사유 및 추진계획
신고일자 2024.12.26 계약의 건 :
고객사 사정으로 선급금의 검수 지연으로 대금 청구일,수령일이 지연되었으나, 공시일 현재 기준으로 계약 1과 계약2의 1차 선급금을 수령 완료했습니다.
2차 중도금과 3차 잔금은 각 계약에 따른 일정에 따라 2025년 내에 공급 및 대금 수령예정입니다. 선급금 검수 지연 등 고객사 사정으로 인한 수령일 변동 가능성은 있으나, 해당 사항이 발생할 경우 공시를 통해 이를 안내할 계획입니다."	ok
20250814002100	세원이앤씨	예	Ⅵ. 3. 소수주주권, 경영권경쟁	미기재 및 미흡기재	20250321001919	"3. 주주총회 등에 관한 사항
1. 투표제도 현황
(기준일 :
2024년 12월 31일
)
투표제도 종류
집중투표제
서면투표제
전자투표제
도입여부
배제
미도입
도입
실시여부
-
-
-
※ 당사의 정관 제23조와 제26조에 따라 의결권은 1주마다 1개 이며, 대리인으로 하여금 그 의결권을 행사하게 할 수 있습니다. 당사는 주주의 의결권 행사와 관련하여 집중투표제, 서면투표제, 전자투표제 중 전자투표제만을 채택하고 있습니다. 당사 정관은 ""사업보고서에 첨부된 정관""을 참조하여 주시기 바랍니다.※ 당사는 주주들의 원활한 의결권 행사를 위해 상법 제368조의4에 따른 전자투표제도를 활용하기로 이사회에서 결의하고, 이 제도의 관리 업무를 한국예탁결제원에 위탁하여 시행하고 있습니다.※ 당사는「상법」 제368조의 4에 따른 전자투표제도를 제19기 정기주주총회에서 활용하기로 결정하였고, 관리업무를 한국예탁결제원에 위탁하였습니다. 주주님들께서는 주주총회에 참석하지 아니하고 전자투표방식으로 귀중한 의결권을 행사하실 수 있습니다.※ 당사는 당기 임시주주총회에서는 전자투표제도를 실시하지 않았습니다. 의결권대리행사권유제도를 도입하였으며, 위임방법으로 서면위임장을 채택하였습니다.
2. 의결권 현황
(기준일 :
2024년 12월 31일
)
(단위 : 주)
구 분
주식의 종류
주식수
비고
발행주식총수(A)
보통주
78,626,635
-
-
-
-
의결권없는 주식수(B)
보통주
8,477
자기주식(주1)
-
-
-
정관에 의하여 의결권 행사가 배제된 주식수(C)
보통주
-
-
-
-
-
기타 법률에 의하여의결권 행사가 제한된 주식수(D)
보통주
25,871,912
소송 등의
판결(주2)
-
-
-
의결권이 부활된 주식수(E)
보통주
-
-
-
-
-
의결권을 행사할 수 있는 주식수(F = A - B - C - D + E)
보통주
52,746,246
-
-
-
-
주1)「상법」제369조 제2항에 의거 자기주식의 의결권 제한. 주2) 창원지방법원 2024카합10137(상장금지 가처분 등), 2024가합101889(신주발행무효 등 청구의 소) 판결에 따른 의결권 행사 제한. ※ 상기 소송은 항소인들의 신청으로 인해 항소심 진행 중 입니다.
3. 주식사무
정관상신주인수권의 내용
제10조(신주인수권)①이 회사의 주주는 신주발행에 있어서 그가 소유한 주식수에 비례하여 신주의 배정을 받을 권리를 가진다.②제1항의 규정에 불구하고 다음 각호의 경우에는 주주외의 자에게 이사회 결의로 신주를 배정할 수 있다.1. 발행주식총수의 100분의 50을 초과하지 않는 범위 내에서 신주를 모집하거나 모집을 위하여 인수인에게 인수하게 하는 경우2. 발행주식총수의 100분의 50을 초과하지 않는 범위내에서 증권거래법 제189조의3의 규정에 의하여 이사회의 결의로 일반공모증자방식으로 신주를 발행하는 경우3. 증권거래법 제191조의7의 규정에 의하여 우리사주조합원에게 신주를 우선배정하는 경우4. 증권거래법 제189조의4의 규정에 의하여 주식매수선택권의 행사로 인하여 신주를 발행하는 경우5. 액면총액이 일백억원을 초과하지 않는 범위 내에서 증권거래법 제192조의 규정에 의하여 주식예탁증서(DR) 발행에 따라 신주를 발행하는 경우6. 액면총액이 일백억원을 초과하지 않는 범위 내에서 사업상 중요한 기술도입, 연구개발, 생산, 판매, 자본제휴를 위하여 그 상대방에게 신주를 발행하는 경우7. 액면총액이 일백억원을 초과하지 않는 범위 내에서 긴급한 자금조달을 위하여 국내외 금융기관 또는 기타투자기구 및 기타법인 등에게 신주를 발행하는 경우③제2항 제1호, 제2호, 제5호 및 제6호의 방식에 의해 신주를 발행할 경우에는 발행할 주식의 종류와 수 및 발행가격 등은 이사회의 결의로 정한다.④주주가 신주인수권을 포기 또는 상실하거나 신주배정에서 단주가 발생하는 경우에 그 처리방법은 이사회의 결의로 정한다.⑤제2항에 따라 주주외의 자에게 신주를 배정하는 경우 상법 제416조제1호, 제2호, 제2호의2, 제3호 및 제4호에서 정하는 사항을 그 납입기일의 2주전까지 주주에게 통지하거나 공고하여야 한다.
결 산 일
12월 31일
정기주주총회
매 사업년도 종료 후 3개월 이내
주주명부폐쇄시기
제13조(주주명부의 폐쇄 및 기준일)①이 회사는 매년 1월 1일부터 1월 7일까지 권리에 관한 주주명부의 기재변경을 정지한다.②이 회사는 매년 12월 31일 최종의 주주명부에 기재되어 있는 주주를 그 결산기에 관한 정기주주총회에서 권리를 행사할 주주로 한다.③이 회사는 임시주주총회의 소집 기타 필요한 경우 이사회의 결의로 3개월을 경과하지 아니하는 일정한 기간을 정하여 권리에 관한 주주명부의 기재변경을 정지하거나 이사회의 결의로 정한 날에 주주명부에 기재되어 있는 주주를 그 권리를 행사할 주주로 할 수 있으며, 이사회가 필요하다고 인정하는 경우에는 주주명부의 기재변경 정지와 기준일의 지정을 함께 할 수 있다. 회사는 이를 2주간전에 공고하여야 한다.
주권의 종류
「주식ㆍ사채 등의 전자등록에 관한 법률」에 따라 주권 및 신주인수권증서 에 표시되어야 할 권리가 의무적으로 전자등록됨에 따라 '주권의 종류'를 기재하지 않습니다.
명의개서대리인
한국예탁결제원
주주의 특전
해당사항없음
공고게재신문
회사의 인터넷 홈페이지(http://www.sewonenc.com)에 게재. 다만 전산장애 또는 그 밖의 부득이한 사유로 회사의 인터넷 홈페이지에 공고를 할 수 없을 때에는 서울특별시에서 발행되는 한국경제신문에 게재.
4. 주주총회의사록 요약
주총일자
안 건
결 의 내 용
임시주주총회(2021.02.08.).
1. 정관 일부 변경의 건
원안대로 승인
2-1. 사내이사 선임의 건
원안대로 승인 (신규선임 : 이동기)
2-2. 사내이사 선임의 건
원안대로 승인 (신규선임 : 형진우)
2-3. 사외이사 선임의 건
원안대로 승인 (신규선임 : 이수영)
2-4. 사외이사 선임의 건
원안대로 승인 (신규선임 : 성덕호)
3. 감사 선임의 건
원안대로 승인 (신규선임 : 이주연)
제15기정기주주총회(2021.03.26.)
1. 제15기(2020사업년도) 재무제표 및 연결재무제표 승인의 건
원안대로 승인
2. 분할계획서 승인의 건
원안대로 승인
3. 사내이사 선임의 건
원안대로 승인 (신규선임 : 하만봉)
4. 이사 보수 한도 승인의 건
제16기 이사 보수 한도 : 25억원
5. 감사 보수 한도 승인의 건
제16기 감사 보수 한도 : 1억원
임시주주총회(2022.01.21.)
1. 정관 일부 변경의 건
부결
2-1. 사내이사 선임의 건
후보자 자진 사퇴
2-2. 사내이사 선임의 건
원안대로 승인 (신규선임 : 전종태)
2-3. 사내이사 선임의 건
원안대로 승인 (신규선임 : 최진한)
2-4. 사외이사 선임의 건
원안대로 승인 (신규선임 : 김선봉)
제16기정기주주총회(2022.03.24.)
1. 제16기(2021사업년도) 재무제표 및 연결재무제표 승인의 건
원안대로 승인
2. 정관 일부 변경의 건
원안대로 승인
3-1. 사내이사 선임의 건
원안대로 승인 (신규선임 : 안영용)
3-2. 사내이사 선임의 건
원안대로 승인 (신규선임 : 오선종)
3-3. 사외이사 선임의 건
원안대로 승인 (신규선임 : 한승엽)
4. 이사 보수 한도 승인의 건
제17기 이사 보수 한도 : 20억원
5. 감사 보수 한도 승인의 건
제17기 감사 보수 한도 : 2억원
임시주주총회(2022.07.20.)
1. 정관 일부 변경의 건
원안대로 승인
제17기정기주주총회(2023.04.10.)
1. 제17기(2022사업년도) 재무제표 및 연결재무제표 승인의 건
원안대로 승인
2. 정관 일부 변경의 건
원안대로 승인
3. 감사 해임의 건
원안대로 승인 (해임 : 이주연)
4. 감사 선임의 건
원안대로 승인 (신규선임 : 감규순)
5-1. 사내이사 선임의 건
원안대로 승인 (재선임 : 이종인)
5-2. 사내이사 선임의 건
원안대로 승인 (신규선임 : 최정환)
5-3. 사내이사 선임의 건
원안대로 승인 (신규선임 : 이성열)
5-4. 사내이사 선임의 건
원안대로 승인 (신규선임 : 김동화)
5-5. 사내이사 선임의 건
원안대로 승인 (신규선임 : 송의준)
5-6. 사외이사 선임의 건
원안대로 승인 (신규선임 : 정임식)
5-7. 사외이사 선임의 건
원안대로 승인 (신규선임 : 오성용)
5-8. 사외이사 선임의 건
원안대로 승인 (신규선임 : 표창용)
6. 이사 보수 한도 승인의 건
제18기 이사 보수 한도 : 20억원
7. 감사 보수 한도 승인의 건
제18기 감사 보수 한도 : 2억원
임시주주총회(2023.06.19.)
1. 자본금 감소의 건
원안대로 승인
2024년 제1회 임시주주총회(2024.01.29.)
1-1. 정관 일부 변경의건(정관 제3조)(본점의 소재지 및 지점 등의 설치)
특별결의 의결 정족수에 미달하여 부결
1-2. 정관 일부 변경의건(정관 제29조)(이사의 수)
정관 제27조 2항에 따른 의결정족수에 미달하여 부결
2-1. 사내이사 해임의 건
특별결의 의결 정족수에 미달하여 부결(사내이사 이종인 해임의 건)
2-2. 사내이사 해임의 건
정관 제27조 2항에 따른 의결정족수에 미달하여 부결(사내이사 이종인, 오선종, 최정환, 이성열, 김동화, 미합중국인 송의준 해임의 건)
2-3. 사외이사 해임의 건
정관 제27조 2항에 따른 의결정족수에 미달하여 부결(사외이사 정임식, 오성용, 표창용 해임의 건)
3-1. 사내이사 선임의 건
보통결의 의결 정족수에 미달하여 부결(사내이사 이승우, 김종서 선임의 건)
3-2. 사내이사 선임의 건
정관 제27조 2항에 따른 의결정족수에 미달하여 부결(사내이사 최민철, 황경수, 김성욱, 이준혁, 김동민, 박찬일, 장수진 선임의 건)
3-3. 사외이사 선임의 건
보통결의 의결 정족수에 미달하여 부결(사외이사 윤익로 선임의 건)
3-4. 사외이사 선임의 건
정관 제27조 2항에 따른 의결정족수에 미달하여 부결(사외이사 정선미, 황순언, 박지환 선임의 건)
제18기정기주주총회(2024.03.29.)
1. 제18기(202사업년도) 재무제표 및 연결재무제표 승인의 건
원안대로 승인
2-1. 사내이사 선임의 건
원안대로 승인 (신규선임 : 이승우)
2-2. 사내이사 선임의 건
원안대로 승인 (신규선임 : 김종서)
2-3. 사외이사 선임의 건
원안대로 승인 (신규선임 : 윤익로)
3. 상근감사 선임의 건
보통결의 의결정족수에 미달하여 부결
4. 이사 보수 한도 승인의 건
제19기 이사 보수 한도 : 20억원
5. 감사보수 한도 승인의 건
제19기 감사 보수 한도 : 5억원
2024년 제2회 임시주주총회(2024.04.12.)
1. 정관 변경의 건
정관 제27조 2항에 따른 의결정족수에 미달하여 부결
2-1. 사내이사 해임의 건
정관 제27조 2항에 따른 의결정족수에 미달하여 부결(사내이사 이종인, 오선종, 최정환, 이성열, 김동화, 미합중국인 송의준 해임의 건)
2-2. 사외이사 해임의 건
정관 제27조 2항에 따른 의결정족수에 미달하여 부결(사외이사 정임식, 오성용, 표창용 해임의 건)
3-1. 사내이사 선임의 건
정관 제27조 2항에 따른 의결정족수에 미달하여 부결(사내이사 최민철, 황경수, 김성욱, 이준혁, 김동민, 박찬일, 장수진 선임의 건)
3-2. 사외이사 선임의 건
정관 제27조 2항에 따른 의결정족수에 미달하여 부결(사외이사 정선미, 황순언, 박지환 선임의 건)
2024년 제3회 임시주주총회(2024.08.27.)
1-1. 사내이사 해임의 건
의결정족수 등의 흠결로 인한 부결
(사내이사 김동화 해임의 건)
1-2. 사내이사 해임의 건
의결정족수 등의 흠결로 인한 부결
(사내이사 송의준 해임의 건)
1-3. 사내이사 해임의 건
의결정족수 등의 흠결로 인한 부결
(사내이사 최정환 해임의 건)
1-4. 사내이사 해임의 건
의결정족수 등의 흠결로 인한 부결
(사내이사 이성열 해임의 건)
1-5. 사내이사 해임의 건
의결정족수 등의 흠결로 인한 부결
(사내이사 이종인 해임의 건)
1-6. 사내이사 해임의 건
의결정족수 등의 흠결로 인한 부결
(사내이사 이승우 해임의 건)
1-7. 사내이사 해임의 건
의결정족수 등의 흠결로 인한 부결
(사내이사 김종서 해임의 건)
1-8. 사외이사 해임의 건
의결정족수 등의 흠결로 인한 부결
(사외이사 윤익로 해임의 건)
1-9. 사외이사 해임의 건
의결정족수 등의 흠결로 인한 부결
(사외이사 오성용 해임의 건)
1-10. 사내이사 해임의 건
의결정족수 등의 흠결로 인한 부결
(사내이사 이종인 해임의 건)
2-1. 사내이사 선임의 건
의결정족수 등의 흠결로 인한 부결
(사내이사 김강우 선임의 건)
2-2. 사내이사 선임의 건
의결정족수 등의 흠결로 인한 부결
(사내이사 김종성 선임의 건)
2-3. 사내이사 선임의 건
의결정족수 등의 흠결로 인한 부결
(사내이사 강홍철 선임의 건)
2-4. 사외이사 선임의 건
의결정족수 등의 흠결로 인한 부결
(사외이사 나유신 선임의 건)
2-5. 사외이사 선임의 건
의결정족수 등의 흠결로 인한 부결
(사외이사 조상익 선임의 건)
2-6. 사내이사 선임의 건
의결정족수 등의 흠결로 인한 부결
(사내이사 백성현 선임의 건)
2-7. 사내이사 선임의 건
의결정족수 등의 흠결로 인한 부결
(사내이사 주의식 선임의 건)
2-8. 사내이사 선임의 건
의결정족수 등의 흠결로 인한 부결
(사내이사 신성현 선임의 건)
2-9. 사내이사 선임의 건
의결정족수 등의 흠결로 인한 부결
(사내이사 김영준 선임의 건)
2-10. 사외이사 선임의 건
의결정족수 등의 흠결로 인한 부결
(사외이사 이종섭 선임의 건)
2-11. 사외이사 선임의 건
의결정족수 등의 흠결로 인한 부결
(사외이사 오용규 선임의 건
3-1. 감사 해임의 건
의결정족수 등의 흠결로 인한 부결
(
상근감사 감규순 해임의 건)
4-1. 감사 선임의 건
의결정족수 등의 흠결로 인한 부결
(
상근감사 김홍식 선임의 건)
4-2. 감사 선임의 건
본인의 후보자 사퇴로 인한 의안 미상정
(
상근감사 권의재
선임의 건)
2025년 제 1회 임시주주총회
(2025.01.15)
1-1. 사내이사 해임의 건
원안대로 가결
(
사내이사 김동화 해임의 건)
1-1. 사내이사 해임의 건
원안대로 가결
(
사내이사 최정환 해임의 건)
1-1. 사내이사 해임의 건
찬성주식수 부족으로 부결
(
사내이사 이종인 해임의 건
)
2-1. 사내이사 선임의 건
원안대로 가결
(사내이사 김강우 선임의 건)
2-1. 사내이사 선임의 건
원안대로 가결
(사내이사 김종성 선임의 건)
2-1. 사내이사 선임의 건
본인의 후보자 사퇴로 인한 의안 미상정
(사내이사 강홍철 선임의 건)
2-1. 사외이사 선임의 건
원안대로 가결
(사외이사 나유신 선임의 건)
2-1. 사외이사 선임의 건
본인의 후보자 사퇴로 인한 의안 미상정
(사외이사 조상익 선임의 건)
※ 당사의 정관 제27조 2항은 아래와 같습니다.
제27조 (주주총회의 결의방법)
② 다음 각 호에 해당하는 경우의 의결은 출석한 주주의 의결권의 5분의 4이상으로 하되 발행주식 총수의 4분의 3이상의 수로 하여야 한다.
1. 주주총회에 의한 이사 해임 시 기존의 이사회에서 적대적 기업인수 또는 합병에 의한 기존 이사의 해임이라고 결의하는 경우 해당 이사의 해임에 관한 의결
2. 주주총회에 의한 이사 선임 시 기존의 이사회에서 적대적 기업인수 또는 합병에 의한 신규 이사의 선임이라고 결의하는 경우 해당 이사의 선임에 관한 의결
3. 주주총회에 의한 정관 변경 시 기존의 이사회에서 적대적 기업인수 또는 합병에 의한 정관 변경이라고 결의하는 경우 해당 정관개정에 관한 의결. 단, 이 경우 제1호 내지 2호의 개정이나 제1호 내지 2호의 효력에 영향을 미치는 조항의 신설이 아닌 경우에는 법령이나 기타 정관에서 정하는 바에 따른다.."	"3. 주주총회 등에 관한 사항
1. 투표제도 현황
(기준일 :
2024년 12월 31일
)
투표제도 종류
집중투표제
서면투표제
전자투표제
도입여부
배제
미도입
도입
실시여부
-
-
-
※ 당사의 정관 제23조와 제26조에 따라 의결권은 1주마다 1개 이며, 대리인으로 하여금 그 의결권을 행사하게 할 수 있습니다. 당사는 주주의 의결권 행사와 관련하여 집중투표제, 서면투표제, 전자투표제 중 전자투표제만을 채택하고 있습니다. 당사 정관은 ""사업보고서에 첨부된 정관""을 참조하여 주시기 바랍니다.※ 당사는 주주들의 원활한 의결권 행사를 위해 상법 제368조의4에 따른 전자투표제도를 활용하기로 이사회에서 결의하고, 이 제도의 관리 업무를 한국예탁결제원에 위탁하여 시행하고 있습니다.※ 당사는「상법」 제368조의 4에 따른 전자투표제도를 제19기 정기주주총회에서 활용하기로 결정하였고, 관리업무를 한국예탁결제원에 위탁하였습니다. 주주님들께서는 주주총회에 참석하지 아니하고 전자투표방식으로 귀중한 의결권을 행사하실 수 있습니다.※ 당사는 당기 임시주주총회에서는 전자투표제도를 실시하지 않았습니다. 의결권대리행사권유제도를 도입하였으며, 위임방법으로 서면위임장을 채택하였습니다.2. 소수주주권 공시기간대상 중 소수주주권이 행사된 내역은 다음과 같습니다.
행사자
소수주주권내용
행사목적
진행경과
주식회사 멜파스
상장금지 가처분 등
24.05.14 전환 청구된신주 상장 제한, 신주발행 무효 확인
신청 : 24.05.23, 종국 : 인용 24.08.23
주식회사 멜파스
신주발행무효 등 청구의 소
신청 : 24.05.24 종국 : 원고 일부 승24.12.18
주식회사 멜파스
신주발행무효 등 청구의 소(상기 1심 사건에 대한 항소심)
신청 : 25.02.11 사건 진행 중
강oo 외 36명
주주총회 소집허가
임시 주주총회 개최 요청안건 :【제1호 의안】 : 임시의장 선임의 건【제2호 의안】 : 이사 5인 해임의 건(사내이사 김동화, 송의준, 최정환, 이종인 및 사외이사 오성용)【제3호 의안】 : 이사 5인 선임의 건【제3- 1호 의안】 : 사내이사 김강우 선임의 건【제3- 2호 의안】 : 사내이사 김종성 선임의 건【제3- 3호 의안】 : 사내이사 강홍철 선임의 건【제3- 4호 의안】 : 사외이사 나유신 선임의 건【제3- 5호 의안】 : 사외이사 조상익 선임의 건
신청 : 24.06.24종국 : 기각24.08.23
주식회사 멜파스
직무집행정지가처분
경영진 직무 정지(이승우, 김종서, 윤익로)
신청 : 24.06.24 종국 : 신청취하24.07.09
주식회사 멜파스
주주총회 결의부존재확인
주주총회 결의 부존재 주장(사내이사 이승우, 사내이사 김종서, 사외이사 윤익로에 대한 선임 결의안에 대한 부존재 주장)
신청 : 24.06.24 종국 : 소취하25.04.14
강00 외 39명
회계장부 등 열람등사 가처분
재무 정보 확인 주주 정보 확인 의사결정 내용 확인
신청 : 24.07.02 종국 : 인용24.09.02
주식회사 멜파스
주주명부 열람등사 가처분
신청 : 24.07.02 종국 : 인용24.08.09
주식회사 멜파스
이사회 의사록 열람 등사 허가
신청 : 24.07.02 종국: 신청취하24.07.19
주식회사 멜파스
의결권행사금지가처분
24.05.14 전환 청구 주식 의결권 행사제한 금지 신청
신청 : 24.08.05 종국 : 신청취하24.08.22
강oo 외 35명
주주총회개최금지 가처분
24.08.26 개최 예정인 임시주주총회 개최금지 신청
종국 : 기각 24.08.23
강00 외 41명
검사인 선임
24.08.27 임시주주총회에 검사인 요청
신청 : 24.08.13종국 : 기각 24.08.23
강00 외 33명
직무집행정지가처분
사내이사 겸 대표이사 김동화, 사내이사 최정환에 직무를 정지요구
신청 : 24.08.22 종국 : 인용 24.10.23
주식회사 멜파스
증거보전
24.08.27자 임시주주총회에 관련하여 소지하고 있는 문서, 영상 을 포함한 기록물 보전 요청
신청 : 24.09.03종국 : 인용 24.09.24증거제출일 : 24.10.18
주식회사 멜파스
직무집행정지가처분
24.08.27자 임시주주총회 결의를 통해선임된 사내이사 백성현, 사내이사 주의식, 사내이사 신성현, 사내이사 김영준,사외이사 이종섭, 사외이사 오용규의 직무 집행정지 요구(상기 임시주주총회 결의는 흠결사항을 발견하여 모두 부결처리 하였습니다.)
신청 : 24.09.05종국 : 인용24.10.23
주식회사 멜파스
회사에 관한 소송(임시주주총회 결의 부존재)
24.08.27자 임시주주총회 결의사항이 부존재함을 확인하는 소(상기 임시주주총회 결의는 흠결사항을 발견하여 모두 부결처리 하였습니다.)
신청 : 24.09.06종국 : 원고 승25.04.30
강00 외 33명
주주총회소집허가
임시 주주총회 개최 요청안건 :▶ 별지1【제1호 의안】 : 이사 3인 해임의 건【제1- 1호 의안】 : 사내이사 김동화 해임의 건【제1- 2호 의안】 : 사내이사 최정환 해임의 건【제1- 3호 의안】 : 사내이사 이종인 해임의 건【제2호 의안】 : 이사 5인 선임의 건【제2- 1호 의안】 : 사내이사 김강우 선임의 건【제2- 2호 의안】 : 사내이사 김종성 선임의 건【제2- 3호 의안】 : 사내이사 강홍철 선임의 건【제2- 4호 의안】 : 사외이사 나유신 선임의 건【제2- 5호 의안】 : 사외이사 조상익 선임의 건▶ 별지2【제1호 의안】 : 임시의장 선임의 건【제2호 의안】 : 이사 3인 해임의 건【제2- 1호 의안】 : 사내이사 김동화 해임의 건【제2- 2호 의안】 : 사내이사 최정환 해임의 건【제2- 3호 의안】 : 사내이사 이종인 해임의 건【제3호 의안】 : 이사 5인 선임의 건【제3- 1호 의안】 : 사내이사 김강우 선임의 건【제3- 2호 의안】 : 사내이사 김종성 선임의 건【제3- 3호 의안】 : 사내이사 강홍철 선임의 건【제3- 4호 의안】 : 사외이사 나유신 선임의 건【제3- 5호 의안】 : 사외이사 조상익 선임의 건
신청 : 24.09.10종국 : 신청취하24.10.15
강00 외 33명
이사해임의 소
사내이사 겸 대표이사 김동화, 사내이사 최정환에 이사 해임을 요구
신청 : 24.09.25종국 : 소취하 25.04.08
김oo
의결권행사금지가처분
당사 최대주주인 범한메카텍 주식회사의 유상증자분에 대한 무효 소송 판결전까지 의결권 행사 금지를 요구
신청 : 24.10.24종국 : 기각 24.12.30
강00 외 33명
주주총회소집허가
임시 주주총회 개최 요청안건 :▶ 별지【제1호 의안】 : 이사 3인 해임의 건【제1- 1호 의안】 : 사내이사 김동화 해임의 건【제1- 2호 의안】 : 사내이사 최정환 해임의 건【제1- 3호 의안】 : 사내이사 이종인 해임의 건【제2호 의안】 : 이사 5인 선임의 건【제2- 1호 의안】 : 사내이사 김강우 선임의 건【제2- 2호 의안】 : 사내이사 김종성 선임의 건【제2- 3호 의안】 : 사내이사 강홍철 선임의 건【제2- 4호 의안】 : 사외이사 나유신 선임의 건【제2- 5호 의안】 : 사외이사 조상익 선임의 건
신청 : 24.10.24종국 : 허가 24.11.27
3. 경영권 경쟁가. 당사 경영권 경쟁은 범한메카텍 주식회사 및 기타 소수주주가 참여하였습니다.나. 당사의 경영권 경쟁은 2025.01.15 임시주주총회를 통해 ..대표이사 김동화 해임안이 가결되어 경영권 경쟁이 종료되었습니다. 현재는 최대주주인 범한메카텍 주식회사의 추천을 받은 이사진이 회사 경영에 참여하고 있습니다.다. 당사는 범한메카텍 주식회사의 요청으로 총 3차례의 임시주주총회를 개회 하였고(2024년 01월 29일 임시주주총회, 2024년 04월 12일 임시주주총회, 2024년 08월27일 임시주주총회) 주주제안 안건에 대해 당사 정관 제27조 2항 주주총회 결의 방법을 적용하였습니다.※ 당사의 정관 제27조 2항은 아래와 같습니다.
※ 당사의 정관 제27조 2항은 아래와 같습니다.제27조 (주주총회의 결의방법)② 다음 각 호에 해당하는 경우의 의결은 출석한 주주의 의결권의 5분의 4이상으로 하되발행주식 총수의 4분의 3이상의 수로 하여야 한다.1. 주주총회에 의한 이사 해임 시 기존의 이사회에서 적대적 기업인수 또는 합병에 의한기존 이사의 해임이라고 결의하는 경우 해당 이사의 해임에 관한 의결2. 주주총회에 의한 이사 선임 시 기존의 이사회에서 적대적 기업인수 또는 합병에 의한신규 이사의 선임이라고 결의하는 경우 해당 이사의 선임에 관한 의결3. 주주총회에 의한 정관 변경 시 기존의 이사회에서 적대적 기업인수 또는 합병에 의한정관 변경이라고 결의하는 경우 해당 정관개정에 관한 의결. 단, 이 경우 제1호 내지 2호의 개정이나 제1호 내지 2호의 효력에 영향을 미치는 조항의 신설이 아닌 경우에는 법령이나 기타 정관에서 정하는 바에 따른다..
4. 의결권 현황
(기준일 :
2024년 12월 31일
)
(단위 : 주)
구 분
주식의 종류
주식수
비고
발행주식총수(A)
보통주
78,626,635
-
-
-
-
의결권없는 주식수(B)
보통주
8,477
자기주식(주1)
-
-
-
정관에 의하여 의결권 행사가 배제된 주식수(C)
보통주
-
-
-
-
-
기타 법률에 의하여의결권 행사가 제한된 주식수(D)
보통주
25,871,912
소송 등의
판결(주2)
-
-
-
의결권이 부활된 주식수(E)
보통주
-
-
-
-
-
의결권을 행사할 수 있는 주식수(F = A - B - C - D + E)
보통주
52,746,246
-
-
-
-
주1)「상법」제369조 제2항에 의거 자기주식의 의결권 제한. 주2) 창원지방법원 2024카합10137(상장금지 가처분 등), 2024가합101889(신주발행무효 등 청구의 소) 판결에 따른 의결권 행사 제한. ※ 상기 소송은 항소인들의 신청으로 인해 항소심 진행 중 입니다.
5. 주식사무
정관상신주인수권의 내용
제10조(신주인수권)①이 회사의 주주는 신주발행에 있어서 그가 소유한 주식수에 비례하여 신주의 배정을 받을 권리를 가진다.②제1항의 규정에 불구하고 다음 각호의 경우에는 주주외의 자에게 이사회 결의로 신주를 배정할 수 있다.1. 발행주식총수의 100분의 50을 초과하지 않는 범위 내에서 신주를 모집하거나 모집을 위하여 인수인에게 인수하게 하는 경우2. 발행주식총수의 100분의 50을 초과하지 않는 범위내에서 증권거래법 제189조의3의 규정에 의하여 이사회의 결의로 일반공모증자방식으로 신주를 발행하는 경우3. 증권거래법 제191조의7의 규정에 의하여 우리사주조합원에게 신주를 우선배정하는 경우4. 증권거래법 제189조의4의 규정에 의하여 주식매수선택권의 행사로 인하여 신주를 발행하는 경우5. 액면총액이 일백억원을 초과하지 않는 범위 내에서 증권거래법 제192조의 규정에 의하여 주식예탁증서(DR) 발행에 따라 신주를 발행하는 경우6. 액면총액이 일백억원을 초과하지 않는 범위 내에서 사업상 중요한 기술도입, 연구개발, 생산, 판매, 자본제휴를 위하여 그 상대방에게 신주를 발행하는 경우7. 액면총액이 일백억원을 초과하지 않는 범위 내에서 긴급한 자금조달을 위하여 국내외 금융기관 또는 기타투자기구 및 기타법인 등에게 신주를 발행하는 경우③제2항 제1호, 제2호, 제5호 및 제6호의 방식에 의해 신주를 발행할 경우에는 발행할 주식의 종류와 수 및 발행가격 등은 이사회의 결의로 정한다.④주주가 신주인수권을 포기 또는 상실하거나 신주배정에서 단주가 발생하는 경우에 그 처리방법은 이사회의 결의로 정한다.⑤제2항에 따라 주주외의 자에게 신주를 배정하는 경우 상법 제416조제1호, 제2호, 제2호의2, 제3호 및 제4호에서 정하는 사항을 그 납입기일의 2주전까지 주주에게 통지하거나 공고하여야 한다.
결 산 일
12월 31일
정기주주총회
매 사업년도 종료 후 3개월 이내
주주명부폐쇄시기
제13조(주주명부의 폐쇄 및 기준일)①이 회사는 매년 1월 1일부터 1월 7일까지 권리에 관한 주주명부의 기재변경을 정지한다.②이 회사는 매년 12월 31일 최종의 주주명부에 기재되어 있는 주주를 그 결산기에 관한 정기주주총회에서 권리를 행사할 주주로 한다.③이 회사는 임시주주총회의 소집 기타 필요한 경우 이사회의 결의로 3개월을 경과하지 아니하는 일정한 기간을 정하여 권리에 관한 주주명부의 기재변경을 정지하거나 이사회의 결의로 정한 날에 주주명부에 기재되어 있는 주주를 그 권리를 행사할 주주로 할 수 있으며, 이사회가 필요하다고 인정하는 경우에는 주주명부의 기재변경 정지와 기준일의 지정을 함께 할 수 있다. 회사는 이를 2주간전에 공고하여야 한다.
주권의 종류
「주식ㆍ사채 등의 전자등록에 관한 법률」에 따라 주권 및 신주인수권증서 에 표시되어야 할 권리가 의무적으로 전자등록됨에 따라 '주권의 종류'를 기재하지 않습니다.
명의개서대리인
한국예탁결제원
주주의 특전
해당사항없음
공고게재신문
회사의 인터넷 홈페이지(http://www.sewonenc.com)에 게재. 다만 전산장애 또는 그 밖의 부득이한 사유로 회사의 인터넷 홈페이지에 공고를 할 수 없을 때에는 서울특별시에서 발행되는 한국경제신문에 게재.
6. 주주총회의사록 요약
주총일자
안 건
결 의 내 용
임시주주총회(2021.02.08.).
1. 정관 일부 변경의 건
원안대로 승인
2-1. 사내이사 선임의 건
원안대로 승인 (신규선임 : 이동기)
2-2. 사내이사 선임의 건
원안대로 승인 (신규선임 : 형진우)
2-3. 사외이사 선임의 건
원안대로 승인 (신규선임 : 이수영)
2-4. 사외이사 선임의 건
원안대로 승인 (신규선임 : 성덕호)
3. 감사 선임의 건
원안대로 승인 (신규선임 : 이주연)
제15기정기주주총회(2021.03.26.)
1. 제15기(2020사업년도) 재무제표 및 연결재무제표 승인의 건
원안대로 승인
2. 분할계획서 승인의 건
원안대로 승인
3. 사내이사 선임의 건
원안대로 승인 (신규선임 : 하만봉)
4. 이사 보수 한도 승인의 건
제16기 이사 보수 한도 : 25억원
5. 감사 보수 한도 승인의 건
제16기 감사 보수 한도 : 1억원
임시주주총회(2022.01.21.)
1. 정관 일부 변경의 건
부결
2-1. 사내이사 선임의 건
후보자 자진 사퇴
2-2. 사내이사 선임의 건
원안대로 승인 (신규선임 : 전종태)
2-3. 사내이사 선임의 건
원안대로 승인 (신규선임 : 최진한)
2-4. 사외이사 선임의 건
원안대로 승인 (신규선임 : 김선봉)
제16기정기주주총회(2022.03.24.)
1. 제16기(2021사업년도) 재무제표 및 연결재무제표 승인의 건
원안대로 승인
2. 정관 일부 변경의 건
원안대로 승인
3-1. 사내이사 선임의 건
원안대로 승인 (신규선임 : 안영용)
3-2. 사내이사 선임의 건
원안대로 승인 (신규선임 : 오선종)
3-3. 사외이사 선임의 건
원안대로 승인 (신규선임 : 한승엽)
4. 이사 보수 한도 승인의 건
제17기 이사 보수 한도 : 20억원
5. 감사 보수 한도 승인의 건
제17기 감사 보수 한도 : 2억원
임시주주총회(2022.07.20.)
1. 정관 일부 변경의 건
원안대로 승인
제17기정기주주총회(2023.04.10.)
1. 제17기(2022사업년도) 재무제표 및 연결재무제표 승인의 건
원안대로 승인
2. 정관 일부 변경의 건
원안대로 승인
3. 감사 해임의 건
원안대로 승인 (해임 : 이주연)
4. 감사 선임의 건
원안대로 승인 (신규선임 : 감규순)
5-1. 사내이사 선임의 건
원안대로 승인 (재선임 : 이종인)
5-2. 사내이사 선임의 건
원안대로 승인 (신규선임 : 최정환)
5-3. 사내이사 선임의 건
원안대로 승인 (신규선임 : 이성열)
5-4. 사내이사 선임의 건
원안대로 승인 (신규선임 : 김동화)
5-5. 사내이사 선임의 건
원안대로 승인 (신규선임 : 송의준)
5-6. 사외이사 선임의 건
원안대로 승인 (신규선임 : 정임식)
5-7. 사외이사 선임의 건
원안대로 승인 (신규선임 : 오성용)
5-8. 사외이사 선임의 건
원안대로 승인 (신규선임 : 표창용)
6. 이사 보수 한도 승인의 건
제18기 이사 보수 한도 : 20억원
7. 감사 보수 한도 승인의 건
제18기 감사 보수 한도 : 2억원
임시주주총회(2023.06.19.)
1. 자본금 감소의 건
원안대로 승인
2024년 제1회 임시주주총회(2024.01.29.)
1-1. 정관 일부 변경의건(정관 제3조)(본점의 소재지 및 지점 등의 설치)
특별결의 의결 정족수에 미달하여 부결
1-2. 정관 일부 변경의건(정관 제29조)(이사의 수)
정관 제27조 2항에 따른 의결정족수에 미달하여 부결
2-1. 사내이사 해임의 건
특별결의 의결 정족수에 미달하여 부결(사내이사 이종인 해임의 건)
2-2. 사내이사 해임의 건
정관 제27조 2항에 따른 의결정족수에 미달하여 부결(사내이사 이종인, 오선종, 최정환, 이성열, 김동화, 미합중국인 송의준 해임의 건)
2-3. 사외이사 해임의 건
정관 제27조 2항에 따른 의결정족수에 미달하여 부결(사외이사 정임식, 오성용, 표창용 해임의 건)
3-1. 사내이사 선임의 건
보통결의 의결 정족수에 미달하여 부결(사내이사 이승우, 김종서 선임의 건)
3-2. 사내이사 선임의 건
정관 제27조 2항에 따른 의결정족수에 미달하여 부결(사내이사 최민철, 황경수, 김성욱, 이준혁, 김동민, 박찬일, 장수진 선임의 건)
3-3. 사외이사 선임의 건
보통결의 의결 정족수에 미달하여 부결(사외이사 윤익로 선임의 건)
3-4. 사외이사 선임의 건
정관 제27조 2항에 따른 의결정족수에 미달하여 부결(사외이사 정선미, 황순언, 박지환 선임의 건)
제18기정기주주총회(2024.03.29.)
1. 제18기(202사업년도) 재무제표 및 연결재무제표 승인의 건
원안대로 승인
2-1. 사내이사 선임의 건
원안대로 승인 (신규선임 : 이승우)
2-2. 사내이사 선임의 건
원안대로 승인 (신규선임 : 김종서)
2-3. 사외이사 선임의 건
원안대로 승인 (신규선임 : 윤익로)
3. 상근감사 선임의 건
보통결의 의결정족수에 미달하여 부결
4. 이사 보수 한도 승인의 건
제19기 이사 보수 한도 : 20억원
5. 감사보수 한도 승인의 건
제19기 감사 보수 한도 : 5억원
2024년 제2회 임시주주총회(2024.04.12.)
1. 정관 변경의 건
정관 제27조 2항에 따른 의결정족수에 미달하여 부결
2-1. 사내이사 해임의 건
정관 제27조 2항에 따른 의결정족수에 미달하여 부결(사내이사 이종인, 오선종, 최정환, 이성열, 김동화, 미합중국인 송의준 해임의 건)
2-2. 사외이사 해임의 건
정관 제27조 2항에 따른 의결정족수에 미달하여 부결(사외이사 정임식, 오성용, 표창용 해임의 건)
3-1. 사내이사 선임의 건
정관 제27조 2항에 따른 의결정족수에 미달하여 부결(사내이사 최민철, 황경수, 김성욱, 이준혁, 김동민, 박찬일, 장수진 선임의 건)
3-2. 사외이사 선임의 건
정관 제27조 2항에 따른 의결정족수에 미달하여 부결(사외이사 정선미, 황순언, 박지환 선임의 건)
2024년 제3회 임시주주총회(2024.08.27.)
1-1. 사내이사 해임의 건
의결정족수 등의 흠결로 인한 부결
(사내이사 김동화 해임의 건)
1-2. 사내이사 해임의 건
의결정족수 등의 흠결로 인한 부결
(사내이사 송의준 해임의 건)
1-3. 사내이사 해임의 건
의결정족수 등의 흠결로 인한 부결
(사내이사 최정환 해임의 건)
1-4. 사내이사 해임의 건
의결정족수 등의 흠결로 인한 부결
(사내이사 이성열 해임의 건)
1-5. 사내이사 해임의 건
의결정족수 등의 흠결로 인한 부결
(사내이사 이종인 해임의 건)
1-6. 사내이사 해임의 건
의결정족수 등의 흠결로 인한 부결
(사내이사 이승우 해임의 건)
1-7. 사내이사 해임의 건
의결정족수 등의 흠결로 인한 부결
(사내이사 김종서 해임의 건)
1-8. 사외이사 해임의 건
의결정족수 등의 흠결로 인한 부결
(사외이사 윤익로 해임의 건)
1-9. 사외이사 해임의 건
의결정족수 등의 흠결로 인한 부결
(사외이사 오성용 해임의 건)
1-10. 사내이사 해임의 건
의결정족수 등의 흠결로 인한 부결
(사내이사 이종인 해임의 건)
2-1. 사내이사 선임의 건
의결정족수 등의 흠결로 인한 부결
(사내이사 김강우 선임의 건)
2-2. 사내이사 선임의 건
의결정족수 등의 흠결로 인한 부결
(사내이사 김종성 선임의 건)
2-3. 사내이사 선임의 건
의결정족수 등의 흠결로 인한 부결
(사내이사 강홍철 선임의 건)
2-4. 사외이사 선임의 건
의결정족수 등의 흠결로 인한 부결
(사외이사 나유신 선임의 건)
2-5. 사외이사 선임의 건
의결정족수 등의 흠결로 인한 부결
(사외이사 조상익 선임의 건)
2-6. 사내이사 선임의 건
의결정족수 등의 흠결로 인한 부결
(사내이사 백성현 선임의 건)
2-7. 사내이사 선임의 건
의결정족수 등의 흠결로 인한 부결
(사내이사 주의식 선임의 건)
2-8. 사내이사 선임의 건
의결정족수 등의 흠결로 인한 부결
(사내이사 신성현 선임의 건)
2-9. 사내이사 선임의 건
의결정족수 등의 흠결로 인한 부결
(사내이사 김영준 선임의 건)
2-10. 사외이사 선임의 건
의결정족수 등의 흠결로 인한 부결
(사외이사 이종섭 선임의 건)
2-11. 사외이사 선임의 건
의결정족수 등의 흠결로 인한 부결
(사외이사 오용규 선임의 건
3-1. 감사 해임의 건
의결정족수 등의 흠결로 인한 부결
(상근감사 감규순 해임의 건)
4-1. 감사 선임의 건
의결정족수 등의 흠결로 인한 부결
(상근감사 김홍식 선임의 건)
4-2. 감사 선임의 건
본인의 후보자 사퇴로 인한 의안 미상정
(상근감사 권의재 선임의 건)
2025년 제 1회 임시주주총회
(2025.01.15)
1-1. 사내이사 해임의 건
원안대로 가결
(사내이사 김동화 해임의 건)
1-1. 사내이사 해임의 건
원안대로 가결
(사내이사 최정환 해임의 건)
1-1. 사내이사 해임의 건
찬성주식수 부족으로 부결(사내이사 이종인 해임의 건)
2-1. 사내이사 선임의 건
원안대로 가결
(사내이사 김강우 선임의 건)
2-1. 사내이사 선임의 건
원안대로 가결
(사내이사 김종성 선임의 건)
2-1. 사내이사 선임의 건
본인의 후보자 사퇴로 인한 의안 미상정
(사내이사 강홍철 선임의 건)
2-1. 사외이사 선임의 건
원안대로 가결
(사외이사 나유신 선임의 건)
2-1. 사외이사 선임의 건
본인의 후보자 사퇴로 인한 의안 미상정
(사외이사 조상익 선임의 건)
※ 당사의 정관 제27조 2항은 아래와 같습니다.
제27조 (주주총회의 결의방법)
② 다음 각 호에 해당하는 경우의 의결은 출석한 주주의 의결권의 5분의 4이상으로 하되 발행주식 총수의 4분의 3이상의 수로 하여야 한다.
1. 주주총회에 의한 이사 해임 시 기존의 이사회에서 적대적 기업인수 또는 합병에 의한 기존 이사의 해임이라고 결의하는 경우 해당 이사의 해임에 관한 의결
2. 주주총회에 의한 이사 선임 시 기존의 이사회에서 적대적 기업인수 또는 합병에 의한 신규 이사의 선임이라고 결의하는 경우 해당 이사의 선임에 관한 의결
3. 주주총회에 의한 정관 변경 시 기존의 이사회에서 적대적 기업인수 또는 합병에 의한 정관 변경이라고 결의하는 경우 해당 정관개정에 관한 의결. 단, 이 경우 제1호 내지 2호의 개정이나 제1호 내지 2호의 효력에 영향을 미치는 조항의 신설이 아닌 경우에는 법령이나 기타 정관에서 정하는 바에 따른다.."	ok
20250814002100	세원이앤씨	예	XI. 1. 계약 진행사항, 대금 미수령 사유, 향후 추진계획	미기재	20250321001919	"1. 공시내용 진행 및 변경사항
신고일자
제 목
신 고 내 용
신고사항의 진행상황
2021년 05월 17일
주요사항보고서(전환사채권발행결정)
ㆍ사채의종류 : 제4회 무기명식이권부무보증사모전환사채ㆍ권면총액 : 68,000,000,000원ㆍ전환비율 : 기명식보통주 100%ㆍ사채만기일 : 2024년 05월 18일ㆍ전환청구기간 : 2022년 05월 19일 ~ 2024년 05월 14일
ㆍ이사회결의일 : 2021년 05월 17일ㆍ청약일 : 2021년 05월 17일ㆍ납입일 : 2021년 05월 18일ㆍ발행일 : 2021년 05월 18일ㆍ만기일 : 2024년 05월 18일
2022년 01월 12일
단일판매ㆍ공급계약 체결
ㆍ계약내용 : 플랜트기기ㆍ계약금액 : 14,910백만원ㆍ계약상대방 : 동해공업(주)ㆍ계약기간 : 2022년 01월 12일 ~ 2024년 12월 30일
진행중임
2022년 02월 25일
단일판매ㆍ공급계약 체결
ㆍ계약내용 : 플랜트기기ㆍ계약금액 : 72,397백만원ㆍ계약상대방 : CTEPㆍ계약기간 : 2022년 02월 24일 ~ 2025년 08월 31일
진행중임
2022년 05월 18일
단일판매ㆍ공급계약 체결
ㆍ계약내용 : 플랜트기기ㆍ계약금액 : 11,441백만원ㆍ계약상대방 : Dow Chemicalㆍ계약기간 : 2022년 03월 08일 ~ 2023년 05월 30일
납기완료
2022년 06월 17일
주요사항보고서(신주인수권부사채권발행결정)
ㆍ사채의종류 : 제5회 무기명식이권부무보증비분리형사모신주인수권부사채ㆍ권면총액 : 51,000,000,000원ㆍ행사비율 : 기명식보통주 100%ㆍ신주대금 납입방법 : 대용납입ㆍ사채만기일 : 2025년 06월 17일ㆍ권리행사기간 : 2023년 06월 19일 ~ 2025년 06월 10일
ㆍ이사회결의일 : 2022년 06월 17일ㆍ청약일 : 2022년 06월 17일ㆍ납입일 : 2022년 06월 17일ㆍ발행일 : 2022년 06월 17일ㆍ만기일 : 2025년 06월 17일
2022년 06월 22일
단일판매ㆍ공급계약 체결
ㆍ계약내용 : 플랜트기기ㆍ계약금액 : 20,892백만원ㆍ계약상대방 : KZJVㆍ계약기간 : 2022년 06월 21일 ~ 2024년 05월 29일
납기완료('24.08.09.)
2022년 07월 14일
단일판매ㆍ공급계약 체결
ㆍ계약내용 : 플랜트기기ㆍ계약금액 : 13,270백만원ㆍ계약상대방 : 롯데GS화학ㆍ계약기간 : 2022년 07월 13일 ~ 2024년 02월 25일
납기완료
2021년 08월 12일
주요사항보고서(전환사채권발행결정)
ㆍ사채의종류 : 제6회 무기명식이권부무보증사모전환사채ㆍ권면총액 : 3,000,000,000원ㆍ전환비율 : 기명식보통주 100%ㆍ사채만기일 : 2025년 08월 17일ㆍ전환청구기간 : 2023년 08월 17일 ~ 2025년 07월 17일
ㆍ이사회결의일 : 2022년 08월 12일ㆍ청약일 : 2022년 08월 12일ㆍ납입일 : 2022년 08월 17일※ 인수인이 발행한 전환사채 취득금액과 상계납입ㆍ발행일 : 2022년 08월 17일ㆍ만기일 : 2025년 08월 17일ㆍ전부상환 : 2023년 01월 06일
2022년 10월 12일
단일판매ㆍ공급계약 체결
ㆍ계약내용 : 플랜트기기ㆍ계약금액 : 7,379백만원ㆍ계약상대방 : ARVOSㆍ계약기간 : 2022년 10월 12일 ~ 2024년 05월 10일
납기완료
2022년 10월 24일
단일판매ㆍ공급계약 체결
ㆍ계약내용 : 플랜트기기ㆍ계약금액 : 15,400백만원ㆍ계약상대방 : Advanced Material Solutionsㆍ계약기간 : 2022년 10월 24일 ~ 2024년 05월 04일
납기완료
2022년 10월 25일
단일판매ㆍ공급계약 체결
ㆍ계약내용 : 플랜트기기ㆍ계약금액 : 18,590백만원ㆍ계약상대방 : LG화학ㆍ계약기간 : 2022년 10월 24일 ~ 2024년 2월 23일
납기완료
2022년 11월 01일
단일판매ㆍ공급계약 체결
ㆍ계약내용 : 플랜트기기ㆍ계약금액 : 29,500백만원ㆍ계약상대방 : JGC/Kiewit JVㆍ계약기간 : 2022년 10월 31일 ~ 2024년 05월 30일
납기완료
2022년 11월 01일
단일판매ㆍ공급계약 체결
ㆍ계약내용 : 플랜트기기ㆍ계약금액 : 22,450백만원ㆍ계약상대방 : McDermottㆍ계약기간 : 2022년 10월 31일 ~ 2024년 10월 20일
납기완료
2022년 12월 14일
단일판매ㆍ공급계약 체결
ㆍ계약내용 : 플랜트기기ㆍ계약금액 : 13,086백만원ㆍ계약상대방 : Zachry-DL Joint Ventureㆍ계약기간 : 2022년 12월 13일 ~ 2024년 05월 20일
납기완료
2022년 12월 28일
주요사항보고서(유상증자 결정)
ㆍ신주의 수 : 보통주 9,574,468주ㆍ자금조달의 목적 : 운영자금 8,999,999,920원ㆍ증자방식 : 제3자배정증자ㆍ신주의 발행가액 : 940원ㆍ기준주가에 대한 할인율 : 10%ㆍ제3자배정 대상자 : (주)디지털킹덤홀딩스
ㆍ이사회결의일 : 2022년 12월 28일ㆍ납입일 : 2023년 12월 04일 예정ㆍ발행일 : 2023년 12월 05일 예정ㆍ신주의 상장(예정)일 : 잠정 연기ㆍ상장일(예탁일)로부터 1년간 의무보유
2023년 05월 09일
주요사항보고서(감자결정)
ㆍ감자주식의 종류와 수 : 보통주식 172,721,022주ㆍ감자방법 : 기명식 보통주 5주를 동일한 액면주식 1주로 무상병합ㆍ감자기준일 : 2023년 07월 20일ㆍ주주총회예정일 : 2023년 06월 19일ㆍ신주상장예정일 : 2023년 08월 14일
ㆍ주주총회승인 : 2023년 06월 19일ㆍ채권자이의제출기간 : 2023년 06월 20일 ~ 2023년 07월 20일ㆍ감자효력발생일 : 2023년 07월 21일
2023년 08월 31일
단일판매ㆍ공급계약 체결
ㆍ계약내용 : 플랜트기기ㆍ계약금액 : 8,127백만원ㆍ계약상대방 : Saipem Clough Joint Ventureㆍ계약기간 : 2023년 08월 31일 ~ 2025년 01월 15일
진행중임
2023년 11월 15일
단일판매ㆍ공급계약 체결
ㆍ계약내용 : 플랜트기기ㆍ계약금액 : 11,371백만원ㆍ계약상대방 : Petrofac HQC IJV LLCㆍ계약기간 : 2023년 11월 15일 ~ 2025년 03월 08일
진행중임
2024년 03월 22일
단일판매ㆍ공급계약 체결
ㆍ계약내용 : 플랜트기기ㆍ계약금액 : 6,036백만원ㆍ계약상대방 : Dow Chemical Canada ULCㆍ계약기간 : 2024년 03월 21일 ~ 2025년 05월 14일
진행중임
2024년 08월 05일
단일판매ㆍ공급계약 체결
ㆍ계약내용 : 플랜트기기ㆍ계약금액 : 7,715백만원ㆍ계약상대방 : Dow Chemical Canada ULCㆍ계약기간 : 2024년 08월 02일 ~ 2026년 11월 21일
진행중임"	"1. 공시내용 진행 및 변경사항
신고일자
제 목
신 고 내 용
신고사항의 진행상황
2021년 05월 17일
주요사항보고서(전환사채권발행결정)
ㆍ사채의종류 : 제4회 무기명식이권부무보증사모전환사채ㆍ권면총액 : 68,000,000,000원ㆍ전환비율 : 기명식보통주 100%ㆍ사채만기일 : 2024년 05월 18일ㆍ전환청구기간 : 2022년 05월 19일 ~ 2024년 05월 14일
ㆍ이사회결의일 : 2021년 05월 17일ㆍ청약일 : 2021년 05월 17일ㆍ납입일 : 2021년 05월 18일ㆍ발행일 : 2021년 05월 18일ㆍ만기일 : 2024년 05월 18일
2022년 01월 12일
단일판매ㆍ공급계약 체결
ㆍ계약내용 : 플랜트기기ㆍ계약금액 : 14,910백만원ㆍ계약상대방 : 동해공업(주)ㆍ계약기간 : 2022년 01월 12일 ~ 2024년 12월 30일
진행중임
2022년 02월 25일
단일판매ㆍ공급계약 체결
ㆍ계약내용 : 플랜트기기ㆍ계약금액 : 72,397백만원ㆍ계약상대방 : CTEPㆍ계약기간 : 2022년 02월 24일 ~ 2025년 08월 31일
진행중임
2022년 05월 18일
단일판매ㆍ공급계약 체결
ㆍ계약내용 : 플랜트기기ㆍ계약금액 : 11,441백만원ㆍ계약상대방 : Dow Chemicalㆍ계약기간 : 2022년 03월 08일 ~ 2023년 05월 30일
납기완료
2022년 06월 17일
주요사항보고서(신주인수권부사채권발행결정)
ㆍ사채의종류 : 제5회 무기명식이권부무보증비분리형사모신주인수권부사채ㆍ권면총액 : 51,000,000,000원ㆍ행사비율 : 기명식보통주 100%ㆍ신주대금 납입방법 : 대용납입ㆍ사채만기일 : 2025년 06월 17일ㆍ권리행사기간 : 2023년 06월 19일 ~ 2025년 06월 10일
ㆍ이사회결의일 : 2022년 06월 17일ㆍ청약일 : 2022년 06월 17일ㆍ납입일 : 2022년 06월 17일ㆍ발행일 : 2022년 06월 17일ㆍ만기일 : 2025년 06월 17일
2022년 06월 22일
단일판매ㆍ공급계약 체결
ㆍ계약내용 : 플랜트기기ㆍ계약금액 : 20,892백만원ㆍ계약상대방 : KZJVㆍ계약기간 : 2022년 06월 21일 ~ 2024년 05월 29일
납기완료('24.08.09.)
2022년 07월 14일
단일판매ㆍ공급계약 체결
ㆍ계약내용 : 플랜트기기ㆍ계약금액 : 13,270백만원ㆍ계약상대방 : 롯데GS화학ㆍ계약기간 : 2022년 07월 13일 ~ 2024년 02월 25일
납기완료
2021년 08월 12일
주요사항보고서(전환사채권발행결정)
ㆍ사채의종류 : 제6회 무기명식이권부무보증사모전환사채ㆍ권면총액 : 3,000,000,000원ㆍ전환비율 : 기명식보통주 100%ㆍ사채만기일 : 2025년 08월 17일ㆍ전환청구기간 : 2023년 08월 17일 ~ 2025년 07월 17일
ㆍ이사회결의일 : 2022년 08월 12일ㆍ청약일 : 2022년 08월 12일ㆍ납입일 : 2022년 08월 17일※ 인수인이 발행한 전환사채 취득금액과 상계납입ㆍ발행일 : 2022년 08월 17일ㆍ만기일 : 2025년 08월 17일ㆍ전부상환 : 2023년 01월 06일
2022년 10월 12일
단일판매ㆍ공급계약 체결
ㆍ계약내용 : 플랜트기기ㆍ계약금액 : 7,379백만원ㆍ계약상대방 : ARVOSㆍ계약기간 : 2022년 10월 12일 ~ 2024년 05월 10일
납기완료
2022년 10월 24일
단일판매ㆍ공급계약 체결
ㆍ계약내용 : 플랜트기기ㆍ계약금액 : 15,400백만원ㆍ계약상대방 : Advanced Material Solutionsㆍ계약기간 : 2022년 10월 24일 ~ 2024년 05월 04일
납기완료
2022년 10월 25일
단일판매ㆍ공급계약 체결
ㆍ계약내용 : 플랜트기기ㆍ계약금액 : 18,590백만원ㆍ계약상대방 : LG화학ㆍ계약기간 : 2022년 10월 24일 ~ 2024년 2월 23일
납기완료
2022년 11월 01일
단일판매ㆍ공급계약 체결
ㆍ계약내용 : 플랜트기기ㆍ계약금액 : 29,500백만원ㆍ계약상대방 : JGC/Kiewit JVㆍ계약기간 : 2022년 10월 31일 ~ 2024년 05월 30일
납기완료
2022년 11월 01일
단일판매ㆍ공급계약 체결
ㆍ계약내용 : 플랜트기기ㆍ계약금액 : 22,450백만원ㆍ계약상대방 : McDermottㆍ계약기간 : 2022년 10월 31일 ~ 2024년 10월 20일
납기완료
2022년 12월 14일
단일판매ㆍ공급계약 체결
ㆍ계약내용 : 플랜트기기ㆍ계약금액 : 13,086백만원ㆍ계약상대방 : Zachry-DL Joint Ventureㆍ계약기간 : 2022년 12월 13일 ~ 2024년 05월 20일
납기완료
2022년 12월 28일
주요사항보고서(유상증자 결정)
ㆍ신주의 수 : 보통주 9,574,468주ㆍ자금조달의 목적 : 운영자금 8,999,999,920원ㆍ증자방식 : 제3자배정증자ㆍ신주의 발행가액 : 940원ㆍ기준주가에 대한 할인율 : 10%ㆍ제3자배정 대상자 : (주)디지털킹덤홀딩스
ㆍ이사회결의일 : 2022년 12월 28일ㆍ납입일 : 2023년 12월 04일 예정ㆍ발행일 : 2023년 12월 05일 예정ㆍ신주의 상장(예정)일 : 잠정 연기ㆍ상장일(예탁일)로부터 1년간 의무보유
2023년 05월 09일
주요사항보고서(감자결정)
ㆍ감자주식의 종류와 수 : 보통주식 172,721,022주ㆍ감자방법 : 기명식 보통주 5주를 동일한 액면주식 1주로 무상병합ㆍ감자기준일 : 2023년 07월 20일ㆍ주주총회예정일 : 2023년 06월 19일ㆍ신주상장예정일 : 2023년 08월 14일
ㆍ주주총회승인 : 2023년 06월 19일ㆍ채권자이의제출기간 : 2023년 06월 20일 ~ 2023년 07월 20일ㆍ감자효력발생일 : 2023년 07월 21일
2023년 08월 31일
단일판매ㆍ공급계약 체결
ㆍ계약내용 : 플랜트기기ㆍ계약금액 : 8,127백만원ㆍ계약상대방 : Saipem Clough Joint Ventureㆍ계약기간 : 2023년 08월 31일 ~ 2025년 01월 15일
진행중임
2023년 11월 15일
단일판매ㆍ공급계약 체결
ㆍ계약내용 : 플랜트기기ㆍ계약금액 : 11,371백만원ㆍ계약상대방 : Petrofac HQC IJV LLCㆍ계약기간 : 2023년 11월 15일 ~ 2025년 03월 08일
진행중임
2024년 03월 22일
단일판매ㆍ공급계약 체결
ㆍ계약내용 : 플랜트기기ㆍ계약금액 : 6,036백만원ㆍ계약상대방 : Dow Chemical Canada ULCㆍ계약기간 : 2024년 03월 21일 ~ 2025년 05월 14일
진행중임
2024년 08월 05일
단일판매ㆍ공급계약 체결
ㆍ계약내용 : 플랜트기기ㆍ계약금액 : 7,715백만원ㆍ계약상대방 : Dow Chemical Canada ULCㆍ계약기간 : 2024년 08월 02일 ~ 2026년 11월 21일
진행중임
2. 단일판매 ㆍ공급계약 공시사항의 진행상황 (단위 : 백만원)
구분
계약내역
계약금총액
계약현황
판매 공급금액
대금수령금액
당기
누적
당기
누적
1
ㆍ계약내용 : 플랜트기기ㆍ계약상대방 : 동해공업(주)ㆍ계약기간 : 2022년01월12일~2025년02월28일
14,910
진행중
1,149
13,822
1,149
13,822
2
ㆍ계약내용 : 플랜트기기ㆍ계약상대방 : CTEPㆍ계약기간 : 2022년02월24일~2025년04월30일
70,472
진행중
24,125
69,893
24,275
68,750
3
ㆍ계약내용 : 플랜트기기ㆍ계약상대방 : KZJVㆍ계약기간 : 2022년06월21일~2024년08월14일
20,892
납기완료
20,892
20,892
-
-
4
ㆍ계약내용 : 플랜트기기ㆍ계약상대방 : 롯데GS화학ㆍ계약기간 : 2022년07월13일~2024년02월25일
13,270
납기완료
13,270
13,270
-
-
5
ㆍ계약내용 : 플랜트기기ㆍ계약상대방 : ARVOSㆍ계약기간 : 2022년10월12일~2024년05월10일
7,379
납기완료
7,379
7,379
-
-
6
ㆍ계약내용 : 플랜트기기ㆍ계약상대방 : LG화학ㆍ계약기간 : 2022년10월24일~2024년02월23일
18,590
납기완료
18,590
18,590
-
-
7
ㆍ계약내용 : 플랜트기기ㆍ계약상대방 : JGC/Kiewit JVㆍ계약기간 : 2022년10월31일~2024년05월30일
29,500
납기완료
29,500
29,500
-
-
8
ㆍ계약내용 : 플랜트기기ㆍ계약상대방 : McDermottㆍ계약기간 : 2022년10월31일~2024년11월24일
22,450
납기완료
22,450
22,450
-
-
9
ㆍ계약내용 : 플랜트기기ㆍ계약상대방 : Zachry-DL Joint Ventureㆍ계약기간 : 2022년12월31일~2024년05월20일
13,086
납기완료
13,086
13,086
-
-
10
ㆍ계약내용 : 플랜트기기ㆍ계약상대방 : Saipem Clough Joint Ventureㆍ계약기간 : 2023년08월31일~2025년01월15일
8,127
진행중
1,700
3,330
1,770
3,330
11
ㆍ계약내용 : 플랜트기기ㆍ계약상대방 : 디엘이앤씨ㆍ계약기간 : 2023년09월25일~2025년04월27일
6,780
진행중
3,737
3,737
4,111
4,111
12
ㆍ계약내용 : 플랜트기기ㆍ계약상대방 :Worleyㆍ계약기간 : 2023년11월13일~2025년05월05일
4,990
진행중
2,806
2,806
2,806
2,806
13
ㆍ계약내용 : 플랜트기기ㆍ계약상대방 :Petrofac HQC IJV LLCㆍ계약기간 : 2023년11월15일~2025년03월08일
11,371
진행중
-
-
-
-
14
ㆍ계약내용 : 플랜트기기ㆍ계약상대방 :REPCOㆍ계약기간 : 2023년12월15일~2025년01월15일
4,535
진행중
2,169
2,169
2,169
2,169
15
ㆍ계약내용 : 플랜트기기ㆍ계약상대방 :Arvos Gmbhㆍ계약기간 : 2024년01월31일~2025년09월15일
7,086
진행중
4,276
6,912
3,890
6,525
16
ㆍ계약내용 : 플랜트기기ㆍ계약상대방 : Dow Chemical Canada ULCㆍ계약기간 : 2024년03월21일~2025년05월14일
6,036
진행중
3,849
3,849
3,490
3,490
17
ㆍ계약내용 : 플랜트기기ㆍ계약상대방 : Dow Chemical Canada ULCㆍ계약기간 : 2024년03월27일~2025년05월25일
6,356
진행중
3,365
3,365
3,196
3,196
18
ㆍ계약내용 : 플랜트기기ㆍ계약상대방 : Dow Chemical Canada ULCㆍ계약기간 : 2024년08월02일~2026년11월21일
7,715
진행중
2,121
2,121
2,121
2,121
주1) 상기 계약은 납품일정에 따라 공급 및 대금수령을 진행하고 있습니다.주2) 당사는 향후 판매ㆍ공급 이행, 대금 수령 등 기 공시한 계약사항을 이행함에 있어 주요 계약내용 변경 및 공시의무 발생시 지체없이 공시할 예정입니다.3. 대금 미수령 사유 및 향후 계획
구분
계약내역
대금 미수령 사유 및 향후 계획
1
ㆍ계약내용 : 플랜트기기ㆍ계약상대방 : CTEPㆍ계약기간 : 2022년02월24일~2025년04월30일
FINAL DOC. 완료 후 수금 계획
2
ㆍ계약내용 : 플랜트기기ㆍ계약상대방 : KZJVㆍ계약기간 : 2022년06월21일~2024년08월14일
거래처와 협의 중
3
ㆍ계약내용 : 플랜트기기ㆍ계약상대방 : 롯데GS화학ㆍ계약기간 : 2022년07월13일~2024년02월25일
보증서 발급 후 수금 계획
4
ㆍ계약내용 : 플랜트기기ㆍ계약상대방 : ARVOSㆍ계약기간 : 2022년10월12일~2024년05월10일
보증서 발급 후 수금 계획
5
ㆍ계약내용 : 플랜트기기ㆍ계약상대방 : LG화학ㆍ계약기간 : 2022년10월24일~2024년02월23일
보증서 발급 후 수금 계획
6
ㆍ계약내용 : 플랜트기기ㆍ계약상대방 : JGC/Kiewit JVㆍ계약기간 : 2022년10월31일~2024년05월30일
보증서 발급 후 수금 계획
7
ㆍ계약내용 : 플랜트기기ㆍ계약상대방 : McDermottㆍ계약기간 : 2022년10월31일~2024년11월24일
FINAL DOC 승인 및 보증서 발급 후 수금 계획
8
ㆍ계약내용 : 플랜트기기ㆍ계약상대방 : Zachry-DL Joint Ventureㆍ계약기간 : 2022년12월31일~2024년05월20일
보증서 발급 후 수금 계획
9
ㆍ계약내용 : 플랜트기기ㆍ계약상대방 :Petrofac HQC IJV LLCㆍ계약기간 : 2023년11월15일~2025년03월08일
공사 HOLDING
10
ㆍ계약내용 : 플랜트기기ㆍ계약상대방 :Arvos Gmbhㆍ계약기간 : 2024년01월31일~2025년09월15일
보증서 발급 후 수금 계획"	ok
20250814002092	씨에스윈드	예	XI. 1. 공시내용 진행 및 변경사항	미흡기재	20250325000771	"1. 공시내용 진행 및 변경사항
1) 진행사항
(단위: 백만원)
신고일자
계약내역
계약금액총액
판매공급금액
대금수령금액
당기
누적
당기
누적
2024-02-28
계약명: WIND TOWER 공급계약 체결계약상대방: Vestas American Wind Technology계약기간: 2024.02.27 ~ 2025.01.03계약조건: FCA CSW America(미국법인 생산 납품)
128,610
110,983
110,983
21,208
21,208
2024-03-15
계약명: WIND TOWER 공급계약 체결계약상대방: Siemens Gamesa Renewable Energy계약기간: 2024.03.14 ~ 2025.05.16계약조건: FAS Phu My port(베트남법인 생산 납품)
137,697
44,856
44,856
-
-
2024-03-21
계약명: WIND TOWER 공급계약 체결계약상대방: Vestas Taiwan Ltd계약기간: 2024.03.20 ~ 2025.03.14계약조건: FCA CSW Taiwan(대만법인 생산 납품)
58,552
44,949
44,949
27,950
27,950
2024-05-14
계약명: WIND TOWER 공급계약 체결계약상대방: Siemens Gamesa Renewable Energy계약기간: 2024.05.13 ~ 2025.05.09계약조건: FCA CSW Taiwan(대만법인 생산 납품)
64,494
22,692
22,692
13,138
13,138
2024-10-14
계약명: WIND TOWER 공급계약 체결계약상대방: Vestas American Wind Technology계약기간: 2024.10.14 ~ 2025.10.24계약조건: FCA CSW America(미국법인 생산 납품)
100,580
-
-
-
-
2024-10-29
계약명: WIND TOWER 공급계약 체결계약상대방: Siemens Gamesa Renewable Energy계약기간: 2024.10.29 ~ 2026.01.25계약조건: FCA CSW Portugal(포르투갈법인 생산 납품)
237,484
13,790
13,790
-
-
2024-11-07
계약명: WIND TOWER 공급계약 체결계약상대방: Vestas American Wind Technology계약기간: 2024.11.07 ~ 2025.05.23계약조건: FCA CSW America(미국법인 생산 납품)
77,815
-
-
-
-
2024-11-18
계약명: WIND TOWER 공급계약 체결계약상대방: Vestas American Wind Technology계약기간: 2024.11.15 ~ 2025.05.16계약조건: FCA CSW America(미국법인 생산 납품)
53,661
-
-
-
-
2024-11-28
계약명: WIND TOWER 공급계약 체결계약상대방: Vestas American Wind Technology계약기간: 2024.11.27 ~ 2026.01.30계약조건: FCA CSW America(미국법인 생산 납품)
103,302
-
-
-
-
2024-12-18
계약명: WIND TOWER 공급계약 체결계약상대방: Vestas American Wind Technology계약기간: 2024.12.18 ~ 2025.07.11대금지급조건: 납품일+60일+월말기준+5일
53,430
-
-
-
-
※ 상기 내용 중 공시 유보된 단일판매ㆍ공급계약 체결 공시에
대한 기재를 생략합니다.
※ 상기 금액은 각 통화별 공시서류작성기준일(2024.12.31) 최초고시 환율(USD/KRW=1,470.00, EUR/KRW=1,528.73)을 적용한 금액입니다.
2) 대금 미수령 사유 및 향후 추진 계획판매 공급금액과 대금 수령금액과의 차이는 계약서 상 대금일자 지급일에 따라 발생하는 차이로써, 대금 미수령 계약 건들은 대금 지급기일이 미도래함에 따라 대금 수령금액이 발생하지 않았습니다.더불어, 해당 계약건들은 공급(납품)일정에 따라 차질없이 진행할 예정입니다."	"1. 공시내용 진행 및 변경사항
1) 진행사항
(단위: 백만원)
신고일자
계약내역
계약금액총액
판매공급금액
대금수령금액
당기
누적
당기
누적
2023-08-09
계약명: WIND TOWER 공급계약 체결계약상대방: Siemens Gamesa Renewable Energy계약기간: 2023.08.09 ~ 2024.11.22계약조건: FAS CSW Portugal(포르투갈법인 생산 납품)
101,781
101,781
101,781
20,819
20,819
2024-02-28
계약명: WIND TOWER 공급계약 체결계약상대방: Vestas American Wind Technology계약기간: 2024.02.27 ~ 2025.01.03계약조건: FCA CSW America(미국법인 생산 납품)
128,610
110,983
110,983
21,208
21,208
2024-03-15
계약명: WIND TOWER 공급계약 체결계약상대방: Siemens Gamesa Renewable Energy계약기간: 2024.03.14 ~ 2025.05.16계약조건: FAS Phu My port(베트남법인 생산 납품)
137,697
44,856
44,856
-
-
2024-03-21
계약명: WIND TOWER 공급계약 체결계약상대방: Vestas Taiwan Ltd계약기간: 2024.03.20 ~ 2025.03.14계약조건: FCA CSW Taiwan(대만법인 생산 납품)
58,552
44,949
44,949
27,950
27,950
2024-05-14
계약명: WIND TOWER 공급계약 체결계약상대방: Siemens Gamesa Renewable Energy계약기간: 2024.05.13 ~ 2025.05.09계약조건: FCA CSW Taiwan(대만법인 생산 납품)
64,494
22,692
22,692
13,138
13,138
2024-10-14
계약명: WIND TOWER 공급계약 체결계약상대방: Vestas American Wind Technology계약기간: 2024.10.14 ~ 2025.10.24계약조건: FCA CSW America(미국법인 생산 납품)
100,580
-
-
-
-
2024-10-29
계약명: WIND TOWER 공급계약 체결계약상대방: Siemens Gamesa Renewable Energy계약기간: 2024.10.29 ~ 2026.01.25계약조건: FCA CSW Portugal(포르투갈법인 생산 납품)
237,484
13,790
13,790
-
-
2024-11-07
계약명: WIND TOWER 공급계약 체결계약상대방: Vestas American Wind Technology계약기간: 2024.11.07 ~ 2025.05.23계약조건: FCA CSW America(미국법인 생산 납품)
77,815
-
-
-
-
2024-11-18
계약명: WIND TOWER 공급계약 체결계약상대방: Vestas American Wind Technology계약기간: 2024.11.15 ~ 2025.05.16계약조건: FCA CSW America(미국법인 생산 납품)
53,661
-
-
-
-
2024-11-28
계약명: WIND TOWER 공급계약 체결계약상대방: Vestas American Wind Technology계약기간: 2024.11.27 ~ 2026.01.30계약조건: FCA CSW America(미국법인 생산 납품)
103,302
-
-
-
-
2024-12-18
계약명: WIND TOWER 공급계약 체결계약상대방: Vestas American Wind Technology계약기간: 2024.12.18 ~ 2025.07.11대금지급조건: 납품일+60일+월말기준+5일
53,430
-
-
-
-
2024-12-26
계약명: 풍력발전기 구조물 공급계약 체결계약상대방: Vattenfall계약기간: 2024.12.24 ~ 2027.09.11선급금: (전체 계약 규모 3%),대금지급조건: 인보이스 발행 후 30일 or 60일
(기재생략)
(기재생략)
(기재생략)
-
-
2025-03-27 (최초공시일:2024-12-26)
계약명: 풍력발전기 구조물 공급계약 체결계약상대방: Vattenfall계약기간: 2024.12.24 ~ 2026.10.31선급금: (전체 계약 규모 3%),대금지급조건: 인보이스 발행 후 30일 or 60일
(기재생략)
(기재생략)
(기재생략)
-
-
※ 2024년 12월 26일과 2025년 3월 27일(최초공시일 2024년 12월 26일)에 공시된 계약은 공시 유보된 계약입니다.※ 상기 금액은 각 통화별 공시서류작성기준일(2024.12.31) 최초고시 환율(USD/KRW=1,470.00, EUR/KRW=1,528.73)을 적용한 금액입니다.2) 대금 미수령 사유공시작성기준일까지 대금수령금액이 0인 계약 건들은 계약서 상 기재된 대금일자 지급일이 도래하지 않은 건들로써, 해당 계약 건들은 대금지급 일정에 따라 차질없이 대금을 수령할 예정입니다.
3) 향후 추진계획3-1) 향후 판매공급 ㆍ이행작성기준일(2024.12.31) 현재, 상기 계약들을 통해 당사는 별도의 특이사항 없이 정해진 공급일자에 맞춰 제품을 공급했으며, 잔여 물량 역시 공급일자에 맞춰 공급할 예정입니다.3-2) 대금수령작성기준일(2024.12.31) 현재, 상기 계약들을 통해 당사는 별도의 특이사항 없이 정해진 대금수령일자에 맞춰 대금을 수령했으며, 잔금 역시 대금수령일자에맞춰 수령할 예정입니다.3-3) 계획의 변동 가능성보고일 현재 계획의 변동 가능성은 없으며, 향후 정해진 공급일자와 대금수령일자에 맞춰 계약을 이행할 것이며, 변동사항 발생시 해당 사실과 그 사유를 정정공시를 통해 상세히 기재할 예정입니다."	ok
20250814002070	에스티팜	여	XI. 1. 2) 진행중인 단일판매공급계약 진행 경과	단일판매ㆍ공급계약공시 진행상황 추가기재	20250321001513	"1. 공시내용 진행 및 변경사항
1) 단일판매공급계약 공시
가) MRI 조영제 제네릭 원료의약품 공급계약 (공급 완료)
- 공시 일자 : 2019년 8월 23일 - 납기일 : 2024년 12월 31일 - 계약 금액 : USD 13,871,625 - 계약 상대방 : 유럽 소재 글로벌 진단장비사
나) 올리고 핵산치료제 원료의약품 공급계약 체결 (공급 완료)
- 공시 일자 : 2019년 11월 15일(최초) - 납기일 : 2020년 7월 17일 (* 정정 납기일 2022년 6월 30일, 최종 정정) - 계약 금액 : USD 11,459,000 (* 정정 금액 USD 15,347,718) - 계약 상대방 : 미국 바이오텍사 * 상기 계약은 임상 3상 진행 약물로 적응증 확장으로 인한 추가 증액 및 연장 계약을 체결 함
다) 올리고 핵산 치료제 신약 임상용 원료의약품 공급 계약 체결 (공급 완료)
- 공시 일자 : 2020년 6월 22일 (최초), 2021년 5월 10일 (최종 정정) - 납기일 : 2021년 1월 11일 (* 정정 납기일 2021년 7월 31일) - 계약 금액 : CHF 25,344,000 (* 정정 금액 CHF 21,120,000) - 계약 상대방 : 유럽 소재 글로벌 제약사 * 계약 상대방의 임상 중단으로 인한 일부 공급 물량 취소 및 해당 계약 공급 완료
라) 상업화용 올리고 핵산치료제 원료의약품 공급계약 체결 (공급 완료)
- 공시 일자 : 2020년 9월 16일, 2022.02.16 (최종 정정) - 납기일 : 2022년 2월 28일 (* 정정 납기일 2022년 3월 31일) - 계약 금액 : USD 38,736,600 - 계약 상대방 : 유럽 소재 글로벌 제약사 * 추가로 2022년부터 2027년 까지 6년 간 매년 최소 100kg 이상 공급할 예정
마) 올리고 생산설비 투자 지원 및 설비사용에 대한 수수료 (진행 중)
- 공시 일자 : 2020년 10월 16일 - 납기일 : 2030년 12월 31일 - 계약 금액 : USD 57,286,627 (총 계약금액) * USD 49,286,627 (확정), USD 8,000,000 (조건부) - 계약 상대방 : 유럽 소재 글로벌 제약사 * 상기 계약은 2020년 10월 7일 공시한 신규시설투자 건과 관련 전체 시설투자 금액 (USD 30,000,000)의 3분의 2를 당사에게 지급하는 투자지원과 설비 증설 완료 후 8년 (최대 13년) 간 설비 사용 수수료를 포함한 것임
바) 올리고 핵산치료제 원료의약품 공급계약 체결 (공급 완료)
- 공시 일자 : 2020년 12월 10일 - 납기일 : 2023년 8월 31일 - 계약 금액 : CHF 7,009,485 - 계약 상대방 : 유럽 소재 글로벌 제약사
사) 만성 질환용 올리고 핵산치료제 원료의약품 공급계약 체결 (공급 완료)
- 공시 일자 : 2020년 12월 14일, 2022년 3월 21일 (최종 정정) - 납기일 : 2023년 3월 31일 (* 납기일 정정: 1차 2023년 7월 28일, 2차 2023년 8월 31일) - 계약 금액 : USD 11,227,000 (* 정정 금액 USD 18,474,591) - 계약 상대방 : 유럽 소재 글로벌 제약사 * 물량 증가 요청으로 인한 증액 수정 공시
아) 올리고 핵산치료제 원료의약품 공급계약 체결 (공급 완료)
- 공시 일자 : 2021년 1월 8일, 2022년 6월 22일 (최종 정정) - 납기일 : 2022년 6월 30일 (* 정정 납기일 2022년 11월 30일) - 계약 금액 : USD 9,904,910 - 계약 상대방 : 유럽 소재 글로벌 제약사
자) 임상 3상용 올리고핵산치료제 신약 원료의약품 공급계약 체결 (공급 완료)
- 공시 일자 : 2021년 3월 15일 - 납기일 : 2022년 6월 30일 - 계약 금액 : USD 5,495,400 - 계약 상대방 : 미국 소재 글로벌 바이오텍 * 상기 계약은 글로벌 임상 3상 진행 중인 만성질환용 신약으로 희귀질환까지 적응증을 확장하여 승인받을 예정임.
차) 희귀질환용 저분자 화학합성 신약 원료의약품 공급계약 체결 (공급 완료)
- 공시 일자 : 2021년 3월 9일 (최초), 2021년 11월 30일 (최종 정정) - 납기일 : 2021년 11월 30일 - 계약 금액 : USD 7,971,600 (최초), USD 6,802,174 (최종 정정) - 계약 상대방 : 미국 소재 글로벌 바이오텍 * 상기 계약은 계약 기간 만료일까지 거래처로부터 기한 연장에 대한 공문을 받지 못하여 현재까지 선적 완료된 금액으로 정정공시 함
카) 올리고 핵산치료제 원료의약품 공급계약 체결 (공급 완료)
- 공시 일자 : 2021년 12월 2일 (최초), 2021년 12월 20일 (최종 정정) - 납기일 : 2023년 9월 30일 (최초) - 계약 금액 : USD 9,662,626 (최초), USD 12,797,626 (최종 정정) - 계약 상대방 : 유럽 소재 글로벌제약사 * 상기 계약은 수주 금액 증액으로 인한 정정 공시 임
타) 만성질환용 올리고핵산치료제 원료의약품의 상업화(Commercial) 물량 공급 (공급 완료)
- 공시 일자 : 2022년 3월 17일 - 납기일 : 2023년 1월 3일 (최초), 2023년 12월 31일 (정정) - 계약 금액 : USD 65,344,000 - 계약 상대방 : 유럽 소재 글로벌 제약사
파) mRNA백신 LNP용 핵심 인지질 2종(이온화지질 및 PEG지질) 공급계약 (공급 중단)
- 공시 일자 : 2022년 5월 3일 - 납기일 : 2023년 6월 30일 - 계약 금액 : USD 13,971,498 (최초), USD 10,554,474 (최종) - 계약 상대방 : 북미 지역 글로벌 바이오텍- 해당 계약은 코로나 mRNA백신에 사용되는 지질 공급건으로 코로나 엔데믹으로 임상3상이 종료되 어 거래처 요청에 따라 잔여 발주가 취소됨.
하) 임상3상용(동맥경화증) 올리고 핵산치료제 원료의약품 공급계약 (공급 완료)
- 공시 일자 : 2023년 1월 19일, 2024년 2월 27일 (정정) - 납기일 : 2023년 9월 29일, 2024년 3월 31일 (정정) - 계약 금액 : USD 14,480,001 - 계약 상대방 : 유럽 소재 글로벌제약사
거) 만성질환용 올리고핵산치료제 원료의약품의 상업화(Commercial) 물량 공급 (공급 완료)
- 공시 일자 : 2023년 3월 22일 - 납기일 : 2024년 12월 11일 - 계약 금액 : USD 48,528,000 - 계약 상대방 : 유럽 소재 글로벌제약사
너) 올리고핵산치료제 원료의약품의 상업화(Commercial) 물량 공급 (진행 중)
- 공시 일자 : 2024년 7월 18일 - 납기일 : 2025년 12월 31일 - 계약 금액 : USD 35,728,790 - 계약 상대방 : 미국 소재 바이오텍
더) 만성질환용 올리고핵산치료제 원료의약품의 상업화(Commercial) 물량 공급 (진행 중)
- 공시 일자 : 2024년 8월 14일 - 납기일 : 2025년 12월 09일 - 계약 금액 : USD 63,263,200 - 계약 상대방 : 유럽 소재 제약사
2) 진행중인 단일판매공급계약 진행 경과
(단위: 천 USD, 천 CHF)
구분
신고일자
계약내역
계약금액총액
판매ㆍ공급금액
대금수령금액
당기
누적
당기
누적
1
2020.10.16
올리고 생산설비 투자 지원 및 설비사용에 대한 수수료
54,353
33,113
9,979
33,113
9,979
2
2024.07.18
올리고핵산치료제 원료의약품의 상업화(Commercial) 물량 공급
35,729
10,627
10,627
10,627
10,627
3
(*)
2024.08.14
만성질환용 올리고핵산치료제 원료의약품의 상업화(Commercial) 물량 공급
63,263
-
-
-
-
주1) 상기 구분1 계약은 USD 기준으로 계약하였으나 CHF으로 결제되고 있어 수치의 단위는 1,000CHF로 기재하였습니다. 구분 2 및 3계약의 수치의 단위는 1,000USD 단위입니다.
2-1) 대
금 미수령 사유
구분 3의 단일판매공급계약 건은 선행된
동일 고객사,
동일 원료의약품의 공급계약(2023년 3월)의 공급이 완료된 후 공급될 예정입니다. 이전 단일판매공급계약 건의
공급은
2024년 완료되었으며 구분3의 단일판매공급계약은 2025년 1분기부터
공급
예정입니다.
3) 신규시설투자 공시
가) 올리고 생산 설비 증설 자체 투자 (이행 완료)
- 공시 일자 : 2020년 8월 27일 (최초), 2021년 12월 23일 (최종 정정) - 투자 기간 종료일 : 2021년 12월 31일 (최초), 2022년 3월 31일 (최종 정정) - 투자 규모 : 307 억원 - 공시 내역 기존 반월공장의 올리고동 3, 4층의 60%의 공간을 이용하여 기존 올리고뉴클레오타이드 생산 규모를 2배 증설 결정 - 정정 내역 해당 계약은 당초 대비 설비 추가 증설로 인하여 소요 기간이 연장됨에 따라 투자 소요 기간을 정정 공시하였음
나) 올리고 생산 설비 증설 공동 투자 - 글로벌 제약사 총 투자규모의 2/3 지원 (이행 완료)
- 공시 일자 : 2020년 10월 7일 - 투자 기간 종료일 : 2022년 08월 31일 - 투자 규모 : 348 억원 - 공시 내역 당사는 기존 반월공장의 올리고동 3,4 층의 40%의 공간을 이용하여 추가 설비 증설 결정 이는 해당 고객사와의 공동투자 형태로 진행되며 당사의 자금 부담은 크지 않을 것으로 판단 함
다) 제2올리고동 신축 및 생산 설비 증설 투자 (진행 중)
- 공시 일자 : 2021년 11월 24일 - 투자 기간 종료일 : 2025년 12월 31일 - 투자 규모 : 1,500 억원 - 공시 내역 상기 시설투자는 에스티팜 반월공장에 5-6층 규모의 제2올리고동을 신축하고 2단계에 걸쳐 4 ~ 6개의 생산 라인을 설치하는 것으로 토지 취득비용은 포함되지 않음. - 진행 상황: 건축 마무리 및 원료의약품 제조 시설 Validation 진행 중
4) 임상시험 공시
가) mRNA 기반 COVID-19 예방 백신 (STP2104) 임상 1상 시험 계획 신청 (이행 완료)
- 공시 일자 : 2021년 12월 24일 - 공시 내역 COVID-19 예방 백신 개발을 위한 임상 1상 시험계획 신청 임상시험 접수번호 : 20210283789 (프로토콜 No.: STP2104-101) 임상 시험 시행 방법 : 환자 규모 최소 30명, mRNA 기준 STP2104 25㎍, 50㎍ 용량으로 단계적 투여 후, 안전성 및 면역 원성 확인 자체 개발한 5'-Capping reagent(SMARTCAP®) 및 글로벌 임상을 통해 입증된 지질나노입자(LnP, Lipid Nano Particle) mRNA 전달체를 활용 해당 시험 결과 완료 후, Prototype (원형) COVID-19 백신의 신속한 개발 뿐만 아니라 오미크론 등 신규 변이에도 대응 가능한 백신을 개발할 수 있을 것으로 기대
나) mRNA-LNP기반 코로나19 예방 백신 후보물질STP2104의 임상 1상 시험계획(IND) 승인 (이행 완료)
- 공시 일자 : 2022년 3월 24일, 2024년 10월 7일 (임상시험 결과, 하기 내용 참고) - 공시 내역 (1) 임상 시험 제목 : COVID-19 예방 백신 개발을 위한 임상 1상 시험 계획 승인 임상 시험 내용 : 만 19~55세의 건강한 성인 대상, mRNA-LNP 기반 코로나19 예방 백신 후보 물질 STP2104의 안전성 및 면역원성 평가하기 위한 단계적 용량 증량, 다기관, 공개, 제 1상 임상시험 임상 시험 신청일 및 시험기관 : 신청일: 2021년 12월 24일 임상계획 승인일: 2022년 3월 24일 임상시험 승인기관: 한국 식품의약품안전처(MFDS) 임상시험 실시기관: 한국을 비롯한 다국가 시험 기관 (고려대학교 구로병원 외 3개 기관, 변경 가능) 임상시험 접수번호 : 20210283789(프로토콜 No.: STP2104-101) 임상시험의 목적: 만 19~55세의 건강한 성인에게 STP2104를 접종하여 계획된 모든 용량군에서 안 전성 및 면역원성을 평가하며 제2상 임상시험에 적합한 용량을 결정함 임상시험 시행 방법: 최소 30명의 환자를 2개 군으로 나누어 mRNA 기준 STP2104를 25㎍, 50㎍의 용량으로 총 2회 단계적으로 투여한 후 안전성 및 면역원성을 확인함
다) 에이즈치료제 STP0404 임상 1상 시험 결과보고서 수령 (이행 완료)
- 공시 일자 : 2022년 7월 4일 - 공시 내역 · 임상 시험 제목 : 건강한 남성 지원자를 대상으로 단회투여용량증가, 반복투여용량증가, 음식물영 향평가 시험을 통하여 STP0404의 안전성, 내약성 및 약동학을 평가하기 위한 이 중눈 가림, 위약대조, 무작위배정 제1상 임상시험 ·임상 승인 기관 및 시험기관 : - 임상승인기관: 프랑스 국립의약품청(ANSM) - 임상시험 승인일: 2020년 04월 28일 - 임상시험기관: 프랑스 내 1개 임상사이트 ·임상 시험 결과 - 안전성과 내약성 (Safety and Tolerability) / 이상반응 없음 - 약동학적 (PK, Pharmacokinetics) 프로파일 / 이상 없음 ·향후 계획 - 세계 최대 에이즈 학회인 AIDS 2022 - the 24th International AIDS Conference에서 발표 예정 - 임상2상의 Pre-IND(사전 임상시험계획) 미팅이 진행중이며, HIV-1에 감염되고 처방을 받지 않 은 성인을 대상으로 미국에서 임상 2a상을 진행할 예정
라) 에이즈치료제 STP0404 임상 2a상 IND 신청 (임상시험 진행 중)
- 공시 일자 : 2022년 8월 29일, 2024년 3월 21일 (정정) - 공시 내역 ·임상 시험 제목 : HIV-1에 감염되고 처방을 받지 않은 성인을 대상으로 STP0404의 항바이러스 활성, 안전성, 내약성 및 약동학을 평가하기 위한 무작위배정, 이중눈가림, 위약대조, 다 기관, 제2a상 임상시험 ·임상2a상 신청일 및 시험기관: - 신청일: 2022년 8월 27일, 2024년 3월 21일(변경) - 임상승인기관: 미국 FDA - 임상시험기관: 미국 내 여러 임상사이트 ·임상 시험 접수 번호 - 161924(프로토콜 No.: STP-POC-001) ·임상 시험 방법: - 환자 규모: 약 36명 - 실시 방법: 무작위배정, 이중눈가림, 위약대조 방법으로 STP0404를 10일동안 매 일 1일 1회 복용한 후 항바이러스 활성, 안전성, 내약성 및 약동학을 평가함.
마) mRNA기반 COVID-19 예방 추가접종 백신 STP2250의 임상 제1/2a상 시험계획(IND) 신청 (자진 취하)
- 공시 일자 : 2023년 2월 24일, 2023년 11월 14일 - 공시 내역 임상 시험 제목 :코로나19 예방 부스터 백신 STP2250의 임상 1/2a상 시험계획(IND) 신청/취하 임상 시험 내용 : '건강한 19세이상 성인을 대상으로 코로나19 예방 부스터 백신 STP2250의 안전성 및 내약성, 면역원성을 평가하기 위한 1/2a상 (다기관, 공개, 단계적 용량 조사, 제1상과 다기관, 관찰자 눈가림, 무작위배정, 위약대조제, 제2a상) 시험 임상시험 신청일: 2023년 2월 23일 임상계획 승인일: 2022년 2월 24일 임상시험 승인기관: 한국 식품의약품안전처(MFDS) 임상시험 실시기관: 국내 시험 기관 (가톨릭대학교 서울성모병원) 임상시험 접수번호 : 20230039178(프로토콜 No.: STP2250-201) 임상시험의 목적: 추가 접종 여부에 관계없이 1 차 시리즈의 COVID-19 백신을 접종 한 사람들에게 단회 추가 접종을 하였을 때 STP2250 25μg 및 50μg 을 포함한 STP2250 의 안전성 및 내약성을 평가하고 비교함. 추가 접종 여부에 관계없이 1 차 시리즈의 COVID-19 백신을 접종 한 사람들에게 단회 추가 접종을 하였을 때 베이스라인부터 주사 후 4 주까지 STP2250 25μg 및 50μg 에 의해 유도된 BA.1 에 대한 wild-type 중화 항체로 측정한 면역 반응을 평가하고 비교함 임상시험 시행 방법: 최소 90명의 환자를 2개 군으로 나누어 mRNA 기준 STP2250를 25㎍, 50㎍의 용량으로 총 2회 단계적으로 투여한 후 안전성 및 면역원성을 확인함 자진 취하 등 사유: 코로나가 앤데믹으로 전환된 상황에서 국내 임상 환자를 확보하는 것이 어려우며 상업화 가치가 크지 않을 것으로 판단되어 자진 철회를 결정함.
바) 탄키라제 항암제 STP1002의 제1상 임상시험 결과 (임상시험 완료)
- 공시 일자: 2024년 9월 9일- 공시 내역: 임상 시험 제목:
탄키라제 항암제 STP1002의 제1상 임상시험 결과
임상 시험 내용: 진행성 고형암 환자를 대상으로 STP1002의 최초 인간 대상 단계적 용량 증량 연구 임상 시험 신청일: 2019년 11월 25일 임상 시험 승인일: 2019년 12월 20일 임상 시험 승인기관: 미국 FDA 임상 시험 실시기관: 미국 내 3개 기관 임상 시험 접수번호: NCT04505839 임상 시험 목적: 진행성 고형암 환자에서 최대 내약용량(MTD)을 정의하고 임상2상 권장용량(RP2D)을 결정하여 STP1002의 안전성 및 내약성을 평가. 용량 제한 독성(DLT), 미국 국립암연구소 부작용 공통 용어 기준(NCI-CTCAE) 버전 5.0에 따른 부작용(AE)의 발생, 유형 및 중증도 등급, 치료로 인한 부작용(TEAE), 심각한 부작용(SAE), 사망 및 실험실 검사 측면에서 다양한 용량의 STP1002 단독 요법을 평가함. 진행성 고형암 환자에서 STP1002의 약동학(PK)을 측정함. 객관적인 방사선 사진 평가를 통해 STP1002의 항종양 활성을 관찰하고 기록함 임상 시험 시행방법: 진행성 고형암 환자를 대상으로 STP1002의 안전성, 내약성 및 약동학(PK)을 평가하고 최대 내약용량(MTD)을 결정하기 위한 오픈 라벨, 다기관, 용량 증량 연구 향후 계획: 진행성 고형암 환자를 대상으로 STP1002의 안전성, 내약성 및 약동학(PK)을 평가하여 최대 내약용량 및 임상2상 권장용량을 확인함에 따라서, 탁월한 병용투여 전임상 결과를 바탕으로 후속 임상시험 전략을 수립할 예정임.
사) mRNA-LNP 기반 코로나19 예방 백신 후보물질 STP2104의 임상 제1상 시험 결과 (임상시험 완료)
- 공시 일자: 2024년 10월 7일- 공시 내역: 임상 시험 제목: mRNA-LNP 기반 코로나19 예방 백신 후보물질 STP2104의 임상 제1상 시험 결과 임상 시험 내용: 건강한 성인을 대상으로 코로나19 예방 백신 STP2104의 안전성 및 면역원성을 평가하기 위한 단계적 용량 증량, 다기관, 공개, 제1상 임상시험 임상 시험 신청일: 2021년 12월 24일 임상 시험 승인일: 2022년 5월 31일 임상 시험 기간: 2022년 11월 15일부터 2023년 7월 3일까지 임상 시험 승인기관: 대한민국 식품의약품안전처(MFDS), 남아프리카공화국 SAHPRA (South African Health Products Regulatory Authority) 임상 시험 실시기관: 대한민국을 비롯한 다국가 시험기관 (대한민국 4, 남아프리카공화국 4), 총 30명 임상 시험 접수번호: STP2104-101 임상 시험 목적: 건강한 성인에게 STP2104를 접종하는 모든 용량군에서 안전성 및 면역원성을 평가하여 잠재적인 제2상 임상시험에 적합한 용량을 결정함 임상 시험 시행방법: 면역원성(중화 항체에 대한 혈청 반응률, 결합 항체에 대한 기하 평균 농도, 인터페론 감마 ELISpot을 사용한 T 세포 반응, 세포내 사이토카인 염색 (ICS) 분석을 통한 1형 및 2형 보조 T 세포 (Th1/Th2) 비율) 및 안전성 평가(이상 반응, 임상 검사 결과, 활력 징후 결과, 신체 검사 결과) 임상 시험 결과: 중화항체 역가 분포 - 2차 접종 후 28일째에 항체 역가가 높은 피험자의 비율은 25 μg 코호트보다 50 μg 코호트에서 약간 더 높았음. 역가 범위 ≥ 1341.9979, ≥ 2101.6012 IU/mL를 고려할 때, 해당 범위에 속한 피험자의 수는 25 μg 코호트에서 각각 6명, 3명, 50 μg 코호트에서는 7명, 4명이었음. 결합항체 역가 분포 - 2차접종 후 28일째 결합항체 역가 분포를 평가하였음. 결합 항체 역가가 높은 피험자의 비율은 두 코호트에서 동일했음. 역가 범위 ≥ 250.0000 U/mL를 고려할 때, 해당 범위에 속한 피험자의 수는 25 μg 코호트에서 12명이었고, 50 μg 코호트에서는 13명이었음. 안정성 평가 - 연구 결과 중대한 이상반응(MAAE)나 치료 중 발생한 중대한 이상반응(TEASE), 또는 사망은 보고되지 않음 향후 계획: 현재 전세계적으로 엔데믹 상황하에 전파되고 있는 사스코로나바이러스는 Ancestral 바이러스가 아닌 Omicron 변이주 JN.1임. Ancestral virus 스파이크 단백질을 항원으로 사용한 STP2104 를 대상으로 후기 임상시험을 진행하기보다는 필요하다면 JN.1 변이주를 대상으로 하는 mRNA 백신 개발에 초점을 맞추고자 함"	"1. 공시내용 진행 및 변경사항
1) 단일판매공급계약 공시
가) MRI 조영제 제네릭 원료의약품 공급계약 (공급 완료)
- 공시 일자 : 2019년 8월 23일 - 납기일 : 2024년 12월 31일 - 계약 금액 : USD 13,871,625 - 계약 상대방 : 유럽 소재 글로벌 진단장비사
나) 올리고 핵산치료제 원료의약품 공급계약 체결 (공급 완료)
- 공시 일자 : 2019년 11월 15일(최초) - 납기일 : 2020년 7월 17일 (* 정정 납기일 2022년 6월 30일, 최종 정정) - 계약 금액 : USD 11,459,000 (* 정정 금액 USD 15,347,718) - 계약 상대방 : 미국 바이오텍사 * 상기 계약은 임상 3상 진행 약물로 적응증 확장으로 인한 추가 증액 및 연장 계약을 체결 함
다) 올리고 핵산 치료제 신약 임상용 원료의약품 공급 계약 체결 (공급 완료)
- 공시 일자 : 2020년 6월 22일 (최초), 2021년 5월 10일 (최종 정정) - 납기일 : 2021년 1월 11일 (* 정정 납기일 2021년 7월 31일) - 계약 금액 : CHF 25,344,000 (* 정정 금액 CHF 21,120,000) - 계약 상대방 : 유럽 소재 글로벌 제약사 * 계약 상대방의 임상 중단으로 인한 일부 공급 물량 취소 및 해당 계약 공급 완료
라) 상업화용 올리고 핵산치료제 원료의약품 공급계약 체결 (공급 완료)
- 공시 일자 : 2020년 9월 16일, 2022.02.16 (최종 정정) - 납기일 : 2022년 2월 28일 (* 정정 납기일 2022년 3월 31일) - 계약 금액 : USD 38,736,600 - 계약 상대방 : 유럽 소재 글로벌 제약사 * 추가로 2022년부터 2027년 까지 6년 간 매년 최소 100kg 이상 공급할 예정
마) 올리고 생산설비 투자 지원 및 설비사용에 대한 수수료 (진행 중)
- 공시 일자 : 2020년 10월 16일 - 납기일 : 2030년 12월 31일 - 계약 금액 : USD 57,286,627 (총 계약금액) * USD 49,286,627 (확정), USD 8,000,000 (조건부) - 계약 상대방 : 유럽 소재 글로벌 제약사 * 상기 계약은 2020년 10월 7일 공시한 신규시설투자 건과 관련 전체 시설투자 금액 (USD 30,000,000)의 3분의 2를 당사에게 지급하는 투자지원과 설비 증설 완료 후 8년 (최대 13년) 간 설비 사용 수수료를 포함한 것임
바) 올리고 핵산치료제 원료의약품 공급계약 체결 (공급 완료)
- 공시 일자 : 2020년 12월 10일 - 납기일 : 2023년 8월 31일 - 계약 금액 : CHF 7,009,485 - 계약 상대방 : 유럽 소재 글로벌 제약사
사) 만성 질환용 올리고 핵산치료제 원료의약품 공급계약 체결 (공급 완료)
- 공시 일자 : 2020년 12월 14일, 2022년 3월 21일 (최종 정정) - 납기일 : 2023년 3월 31일 (* 납기일 정정: 1차 2023년 7월 28일, 2차 2023년 8월 31일) - 계약 금액 : USD 11,227,000 (* 정정 금액 USD 18,474,591) - 계약 상대방 : 유럽 소재 글로벌 제약사 * 물량 증가 요청으로 인한 증액 수정 공시
아) 올리고 핵산치료제 원료의약품 공급계약 체결 (공급 완료)
- 공시 일자 : 2021년 1월 8일, 2022년 6월 22일 (최종 정정) - 납기일 : 2022년 6월 30일 (* 정정 납기일 2022년 11월 30일) - 계약 금액 : USD 9,904,910 - 계약 상대방 : 유럽 소재 글로벌 제약사
자) 임상 3상용 올리고핵산치료제 신약 원료의약품 공급계약 체결 (공급 완료)
- 공시 일자 : 2021년 3월 15일 - 납기일 : 2022년 6월 30일 - 계약 금액 : USD 5,495,400 - 계약 상대방 : 미국 소재 글로벌 바이오텍 * 상기 계약은 글로벌 임상 3상 진행 중인 만성질환용 신약으로 희귀질환까지 적응증을 확장하여 승인받을 예정임.
차) 희귀질환용 저분자 화학합성 신약 원료의약품 공급계약 체결 (공급 완료)
- 공시 일자 : 2021년 3월 9일 (최초), 2021년 11월 30일 (최종 정정) - 납기일 : 2021년 11월 30일 - 계약 금액 : USD 7,971,600 (최초), USD 6,802,174 (최종 정정) - 계약 상대방 : 미국 소재 글로벌 바이오텍 * 상기 계약은 계약 기간 만료일까지 거래처로부터 기한 연장에 대한 공문을 받지 못하여 현재까지 선적 완료된 금액으로 정정공시 함
카) 올리고 핵산치료제 원료의약품 공급계약 체결 (공급 완료)
- 공시 일자 : 2021년 12월 2일 (최초), 2021년 12월 20일 (최종 정정) - 납기일 : 2023년 9월 30일 (최초) - 계약 금액 : USD 9,662,626 (최초), USD 12,797,626 (최종 정정) - 계약 상대방 : 유럽 소재 글로벌제약사 * 상기 계약은 수주 금액 증액으로 인한 정정 공시 임
타) 만성질환용 올리고핵산치료제 원료의약품의 상업화(Commercial) 물량 공급 (공급 완료)
- 공시 일자 : 2022년 3월 17일 - 납기일 : 2023년 1월 3일 (최초), 2023년 12월 31일 (정정) - 계약 금액 : USD 65,344,000 - 계약 상대방 : 유럽 소재 글로벌 제약사
파) mRNA백신 LNP용 핵심 인지질 2종(이온화지질 및 PEG지질) 공급계약 (공급 중단)
- 공시 일자 : 2022년 5월 3일 - 납기일 : 2023년 6월 30일 - 계약 금액 : USD 13,971,498 (최초), USD 10,554,474 (최종) - 계약 상대방 : 북미 지역 글로벌 바이오텍- 해당 계약은 코로나 mRNA백신에 사용되는 지질 공급건으로 코로나 엔데믹으로 임상3상이 종료되 어 거래처 요청에 따라 잔여 발주가 취소됨.
하) 임상3상용(동맥경화증) 올리고 핵산치료제 원료의약품 공급계약 (공급 완료)
- 공시 일자 : 2023년 1월 19일, 2024년 2월 27일 (정정) - 납기일 : 2023년 9월 29일, 2024년 3월 31일 (정정) - 계약 금액 : USD 14,480,001 - 계약 상대방 : 유럽 소재 글로벌제약사
거) 만성질환용 올리고핵산치료제 원료의약품의 상업화(Commercial) 물량 공급 (공급 완료)
- 공시 일자 : 2023년 3월 22일 - 납기일 : 2024년 12월 11일 - 계약 금액 : USD 48,528,000 - 계약 상대방 : 유럽 소재 글로벌제약사
너) 올리고핵산치료제 원료의약품의 상업화(Commercial) 물량 공급 (진행 중)
- 공시 일자 : 2024년 7월 18일 - 납기일 : 2025년 12월 31일 - 계약 금액 : USD 35,728,790 - 계약 상대방 : 미국 소재 바이오텍
더) 만성질환용 올리고핵산치료제 원료의약품의 상업화(Commercial) 물량 공급 (진행 중)
- 공시 일자 : 2024년 8월 14일 - 납기일 : 2025년 12월 09일 - 계약 금액 : USD 63,263,200 - 계약 상대방 : 유럽 소재 제약사
2-1) 진행중인 단일판매공급계약 진행 경과
(단위: 천 USD, 천 CHF)
구분
신고일자
계약내역
계약금액총액
판매ㆍ공급금액
대금수령금액
당기
누적
당기
누적
1
2020.10.16
올리고 생산설비 투자 지원 및 설비사용에 대한 수수료
54,353
9,979
33,113
9,979
33,113
2
2024.07.18
올리고핵산치료제 원료의약품의 상업화(Commercial) 물량 공급
35,729
10,627
10,627
10,627
10,627
3
2024.08.14
만성질환용 올리고핵산치료제 원료의약품의 상업화(Commercial) 물량 공급
63,263
-
-
-
-
주1) 상기 구분1 계약은 USD 기준으로 계약하였으나 CHF으로 결제되고 있어 수치의 단위는 1,000CHF로 기재하였습니다. 구분 2 및 3계약의 수치의 단위는 1,000USD 단위입니다.
2-2) 대금 미수령 사유
구분 3의 단일판매공급계약 건은 선행된 동일 고객사, 동일 원료의약품의 공급계약(2023년 3월)의 공급이 완료된 후 공급될 예정입니다. 이전 단일판매공급계약 건의 공급은 2024년 완료되었으며 구분3의 단일판매공급계약은 2025년 1분기부터 공급예정입니다.
2-3) 향후 추진계획
상기 단일판매공급계약 내역은 기 합의된 공급일정에 따라 판매공급이 이행될 예정이며, 대금은 대체로 공급 이후 3개월내에 수령하고 있습니다. 다만 상기 계약의 계약금액 및 계약기간 등은 실제 원료의약품의 제작 및 고객사 요청 등에 따라 변동 가능하며, 변동시 해당내용을 공시할 예정입니다.
(단위: 천 USD, 천 CHF)
구분
신고일자
계약내역
계약금액총액
향후추진계획
변동가능성
판매공급이행
대금수령
1
2020.10.16
올리고 생산설비 투자 지원 및 설비사용에 대한 수수료
54,353
기계약된 공급일정에 따라 공급 예정
공급 이후 3개월 내 수령 예정
실제 원료의약품의 생산 및 고객사 요청 등에 따라 변동 가능함
2
2024.07.18
올리고핵산치료제 원료의약품의 상업화(Commercial) 물량 공급
35,729
기계약된 공급일정에 따라 공급 예정
공급 이후 3개월 내 수령 예정
실제 원료의약품의 생산 및 고객사 요청 등에 따라 변동 가능함
3
2024.08.14
만성질환용 올리고핵산치료제 원료의약품의 상업화(Commercial) 물량 공급
63,263
기계약된 공급일정에 따라 공급 예정
공급 이후 3개월 내 수령 예정
실제 원료의약품의 생산 및 고객사 요청 등에 따라 변동 가능함
주1) 상기 구분1 계약은 USD 기준으로 계약하였으나 CHF으로 결제되고 있어 수치의 단위는 1,000CHF로 기재하였습니다. 구분 2 및 3계약의 수치의 단위는 1,000USD 단위입니다.
3) 신규시설투자 공시
가) 올리고 생산 설비 증설 자체 투자 (이행 완료)
- 공시 일자 : 2020년 8월 27일 (최초), 2021년 12월 23일 (최종 정정) - 투자 기간 종료일 : 2021년 12월 31일 (최초), 2022년 3월 31일 (최종 정정) - 투자 규모 : 307 억원 - 공시 내역 기존 반월공장의 올리고동 3, 4층의 60%의 공간을 이용하여 기존 올리고뉴클레오타이드 생산 규모를 2배 증설 결정 - 정정 내역 해당 계약은 당초 대비 설비 추가 증설로 인하여 소요 기간이 연장됨에 따라 투자 소요 기간을 정정 공시하였음
나) 올리고 생산 설비 증설 공동 투자 - 글로벌 제약사 총 투자규모의 2/3 지원 (이행 완료)
- 공시 일자 : 2020년 10월 7일 - 투자 기간 종료일 : 2022년 08월 31일 - 투자 규모 : 348 억원 - 공시 내역 당사는 기존 반월공장의 올리고동 3,4 층의 40%의 공간을 이용하여 추가 설비 증설 결정 이는 해당 고객사와의 공동투자 형태로 진행되며 당사의 자금 부담은 크지 않을 것으로 판단 함
다) 제2올리고동 신축 및 생산 설비 증설 투자 (진행 중)
- 공시 일자 : 2021년 11월 24일 - 투자 기간 종료일 : 2025년 12월 31일 - 투자 규모 : 1,500 억원 - 공시 내역 상기 시설투자는 에스티팜 반월공장에 5-6층 규모의 제2올리고동을 신축하고 2단계에 걸쳐 4 ~ 6개의 생산 라인을 설치하는 것으로 토지 취득비용은 포함되지 않음. - 진행 상황: 건축 마무리 및 원료의약품 제조 시설 Validation 진행 중
4) 임상시험 공시
가) mRNA 기반 COVID-19 예방 백신 (STP2104) 임상 1상 시험 계획 신청 (이행 완료)
- 공시 일자 : 2021년 12월 24일 - 공시 내역 COVID-19 예방 백신 개발을 위한 임상 1상 시험계획 신청 임상시험 접수번호 : 20210283789 (프로토콜 No.: STP2104-101) 임상 시험 시행 방법 : 환자 규모 최소 30명, mRNA 기준 STP2104 25㎍, 50㎍ 용량으로 단계적 투여 후, 안전성 및 면역 원성 확인 자체 개발한 5'-Capping reagent(SMARTCAP®) 및 글로벌 임상을 통해 입증된 지질나노입자(LnP, Lipid Nano Particle) mRNA 전달체를 활용 해당 시험 결과 완료 후, Prototype (원형) COVID-19 백신의 신속한 개발 뿐만 아니라 오미크론 등 신규 변이에도 대응 가능한 백신을 개발할 수 있을 것으로 기대
나) mRNA-LNP기반 코로나19 예방 백신 후보물질STP2104의 임상 1상 시험계획(IND) 승인 (이행 완료)
- 공시 일자 : 2022년 3월 24일, 2024년 10월 7일 (임상시험 결과, 하기 내용 참고) - 공시 내역 (1) 임상 시험 제목 : COVID-19 예방 백신 개발을 위한 임상 1상 시험 계획 승인 임상 시험 내용 : 만 19~55세의 건강한 성인 대상, mRNA-LNP 기반 코로나19 예방 백신 후보 물질 STP2104의 안전성 및 면역원성 평가하기 위한 단계적 용량 증량, 다기관, 공개, 제 1상 임상시험 임상 시험 신청일 및 시험기관 : 신청일: 2021년 12월 24일 임상계획 승인일: 2022년 3월 24일 임상시험 승인기관: 한국 식품의약품안전처(MFDS) 임상시험 실시기관: 한국을 비롯한 다국가 시험 기관 (고려대학교 구로병원 외 3개 기관, 변경 가능) 임상시험 접수번호 : 20210283789(프로토콜 No.: STP2104-101) 임상시험의 목적: 만 19~55세의 건강한 성인에게 STP2104를 접종하여 계획된 모든 용량군에서 안 전성 및 면역원성을 평가하며 제2상 임상시험에 적합한 용량을 결정함 임상시험 시행 방법: 최소 30명의 환자를 2개 군으로 나누어 mRNA 기준 STP2104를 25㎍, 50㎍의 용량으로 총 2회 단계적으로 투여한 후 안전성 및 면역원성을 확인함
다) 에이즈치료제 STP0404 임상 1상 시험 결과보고서 수령 (이행 완료)
- 공시 일자 : 2022년 7월 4일 - 공시 내역 · 임상 시험 제목 : 건강한 남성 지원자를 대상으로 단회투여용량증가, 반복투여용량증가, 음식물영 향평가 시험을 통하여 STP0404의 안전성, 내약성 및 약동학을 평가하기 위한 이 중눈 가림, 위약대조, 무작위배정 제1상 임상시험 ·임상 승인 기관 및 시험기관 : - 임상승인기관: 프랑스 국립의약품청(ANSM) - 임상시험 승인일: 2020년 04월 28일 - 임상시험기관: 프랑스 내 1개 임상사이트 ·임상 시험 결과 - 안전성과 내약성 (Safety and Tolerability) / 이상반응 없음 - 약동학적 (PK, Pharmacokinetics) 프로파일 / 이상 없음 ·향후 계획 - 세계 최대 에이즈 학회인 AIDS 2022 - the 24th International AIDS Conference에서 발표 예정 - 임상2상의 Pre-IND(사전 임상시험계획) 미팅이 진행중이며, HIV-1에 감염되고 처방을 받지 않 은 성인을 대상으로 미국에서 임상 2a상을 진행할 예정
라) 에이즈치료제 STP0404 임상 2a상 IND 신청 (임상시험 진행 중)
- 공시 일자 : 2022년 8월 29일, 2024년 3월 21일 (정정) - 공시 내역 ·임상 시험 제목 : HIV-1에 감염되고 처방을 받지 않은 성인을 대상으로 STP0404의 항바이러스 활성, 안전성, 내약성 및 약동학을 평가하기 위한 무작위배정, 이중눈가림, 위약대조, 다 기관, 제2a상 임상시험 ·임상2a상 신청일 및 시험기관: - 신청일: 2022년 8월 27일, 2024년 3월 21일(변경) - 임상승인기관: 미국 FDA - 임상시험기관: 미국 내 여러 임상사이트 ·임상 시험 접수 번호 - 161924(프로토콜 No.: STP-POC-001) ·임상 시험 방법: - 환자 규모: 약 36명 - 실시 방법: 무작위배정, 이중눈가림, 위약대조 방법으로 STP0404를 10일동안 매 일 1일 1회 복용한 후 항바이러스 활성, 안전성, 내약성 및 약동학을 평가함.
마) mRNA기반 COVID-19 예방 추가접종 백신 STP2250의 임상 제1/2a상 시험계획(IND) 신청 (자진 취하)
- 공시 일자 : 2023년 2월 24일, 2023년 11월 14일 - 공시 내역 임상 시험 제목 :코로나19 예방 부스터 백신 STP2250의 임상 1/2a상 시험계획(IND) 신청/취하 임상 시험 내용 : '건강한 19세이상 성인을 대상으로 코로나19 예방 부스터 백신 STP2250의 안전성 및 내약성, 면역원성을 평가하기 위한 1/2a상 (다기관, 공개, 단계적 용량 조사, 제1상과 다기관, 관찰자 눈가림, 무작위배정, 위약대조제, 제2a상) 시험 임상시험 신청일: 2023년 2월 23일 임상계획 승인일: 2022년 2월 24일 임상시험 승인기관: 한국 식품의약품안전처(MFDS) 임상시험 실시기관: 국내 시험 기관 (가톨릭대학교 서울성모병원) 임상시험 접수번호 : 20230039178(프로토콜 No.: STP2250-201) 임상시험의 목적: 추가 접종 여부에 관계없이 1 차 시리즈의 COVID-19 백신을 접종 한 사람들에게 단회 추가 접종을 하였을 때 STP2250 25μg 및 50μg 을 포함한 STP2250 의 안전성 및 내약성을 평가하고 비교함. 추가 접종 여부에 관계없이 1 차 시리즈의 COVID-19 백신을 접종 한 사람들에게 단회 추가 접종을 하였을 때 베이스라인부터 주사 후 4 주까지 STP2250 25μg 및 50μg 에 의해 유도된 BA.1 에 대한 wild-type 중화 항체로 측정한 면역 반응을 평가하고 비교함 임상시험 시행 방법: 최소 90명의 환자를 2개 군으로 나누어 mRNA 기준 STP2250를 25㎍, 50㎍의 용량으로 총 2회 단계적으로 투여한 후 안전성 및 면역원성을 확인함 자진 취하 등 사유: 코로나가 앤데믹으로 전환된 상황에서 국내 임상 환자를 확보하는 것이 어려우며 상업화 가치가 크지 않을 것으로 판단되어 자진 철회를 결정함.
바) 탄키라제 항암제 STP1002의 제1상 임상시험 결과 (임상시험 완료)
- 공시 일자: 2024년 9월 9일- 공시 내역: 임상 시험 제목: 탄키라제 항암제 STP1002의 제1상 임상시험 결과 임상 시험 내용: 진행성 고형암 환자를 대상으로 STP1002의 최초 인간 대상 단계적 용량 증량 연구 임상 시험 신청일: 2019년 11월 25일 임상 시험 승인일: 2019년 12월 20일 임상 시험 승인기관: 미국 FDA 임상 시험 실시기관: 미국 내 3개 기관 임상 시험 접수번호: NCT04505839 임상 시험 목적: 진행성 고형암 환자에서 최대 내약용량(MTD)을 정의하고 임상2상 권장용량(RP2D)을 결정하여 STP1002의 안전성 및 내약성을 평가. 용량 제한 독성(DLT), 미국 국립암연구소 부작용 공통 용어 기준(NCI-CTCAE) 버전 5.0에 따른 부작용(AE)의 발생, 유형 및 중증도 등급, 치료로 인한 부작용(TEAE), 심각한 부작용(SAE), 사망 및 실험실 검사 측면에서 다양한 용량의 STP1002 단독 요법을 평가함. 진행성 고형암 환자에서 STP1002의 약동학(PK)을 측정함. 객관적인 방사선 사진 평가를 통해 STP1002의 항종양 활성을 관찰하고 기록함 임상 시험 시행방법: 진행성 고형암 환자를 대상으로 STP1002의 안전성, 내약성 및 약동학(PK)을 평가하고 최대 내약용량(MTD)을 결정하기 위한 오픈 라벨, 다기관, 용량 증량 연구 향후 계획: 진행성 고형암 환자를 대상으로 STP1002의 안전성, 내약성 및 약동학(PK)을 평가하여 최대 내약용량 및 임상2상 권장용량을 확인함에 따라서, 탁월한 병용투여 전임상 결과를 바탕으로 후속 임상시험 전략을 수립할 예정임.
사) mRNA-LNP 기반 코로나19 예방 백신 후보물질 STP2104의 임상 제1상 시험 결과 (임상시험 완료)
- 공시 일자: 2024년 10월 7일- 공시 내역: 임상 시험 제목: mRNA-LNP 기반 코로나19 예방 백신 후보물질 STP2104의 임상 제1상 시험 결과 임상 시험 내용: 건강한 성인을 대상으로 코로나19 예방 백신 STP2104의 안전성 및 면역원성을 평가하기 위한 단계적 용량 증량, 다기관, 공개, 제1상 임상시험 임상 시험 신청일: 2021년 12월 24일 임상 시험 승인일: 2022년 5월 31일 임상 시험 기간: 2022년 11월 15일부터 2023년 7월 3일까지 임상 시험 승인기관: 대한민국 식품의약품안전처(MFDS), 남아프리카공화국 SAHPRA (South African Health Products Regulatory Authority) 임상 시험 실시기관: 대한민국을 비롯한 다국가 시험기관 (대한민국 4, 남아프리카공화국 4), 총 30명 임상 시험 접수번호: STP2104-101 임상 시험 목적: 건강한 성인에게 STP2104를 접종하는 모든 용량군에서 안전성 및 면역원성을 평가하여 잠재적인 제2상 임상시험에 적합한 용량을 결정함 임상 시험 시행방법: 면역원성(중화 항체에 대한 혈청 반응률, 결합 항체에 대한 기하 평균 농도, 인터페론 감마 ELISpot을 사용한 T 세포 반응, 세포내 사이토카인 염색 (ICS) 분석을 통한 1형 및 2형 보조 T 세포 (Th1/Th2) 비율) 및 안전성 평가(이상 반응, 임상 검사 결과, 활력 징후 결과, 신체 검사 결과) 임상 시험 결과: 중화항체 역가 분포 - 2차 접종 후 28일째에 항체 역가가 높은 피험자의 비율은 25 μg 코호트보다 50 μg 코호트에서 약간 더 높았음. 역가 범위 ≥ 1341.9979, ≥ 2101.6012 IU/mL를 고려할 때, 해당 범위에 속한 피험자의 수는 25 μg 코호트에서 각각 6명, 3명, 50 μg 코호트에서는 7명, 4명이었음. 결합항체 역가 분포 - 2차접종 후 28일째 결합항체 역가 분포를 평가하였음. 결합 항체 역가가 높은 피험자의 비율은 두 코호트에서 동일했음. 역가 범위 ≥ 250.0000 U/mL를 고려할 때, 해당 범위에 속한 피험자의 수는 25 μg 코호트에서 12명이었고, 50 μg 코호트에서는 13명이었음. 안정성 평가 - 연구 결과 중대한 이상반응(MAAE)나 치료 중 발생한 중대한 이상반응(TEASE), 또는 사망은 보고되지 않음 향후 계획: 현재 전세계적으로 엔데믹 상황하에 전파되고 있는 사스코로나바이러스는 Ancestral 바이러스가 아닌 Omicron 변이주 JN.1임. Ancestral virus 스파이크 단백질을 항원으로 사용한 STP2104 를 대상으로 후기 임상시험을 진행하기보다는 필요하다면 JN.1 변이주를 대상으로 하는 mRNA 백신 개발에 초점을 맞추고자 함"	ok
20250814002060	에스텍	예	(첨부사항)자기주식보고서	미흡기재	20250319000561			no_section
20250814002055	세방	예	Ⅵ. 3. 소수주주권·경영권경쟁·주식사무·주주총회의사록 요약	미기재	20250318000667	"3. 주주총회 등에 관한 사항
가. 투표제도 현황
(기준일 :
2024년 12월 31일
)
투표제도 종류
집중투표제
서면투표제
전자투표제
도입여부
배제
미도입
도입
실시여부
-
-
실시
나. 의결권 현황
(기준일 :
2024년 12월 31일
)
(단위 : 주)
구 분
주식의 종류
주식수
비고
발행주식총수(A)
보통주
19,308,690
-
우선주
3,689,250
-
의결권없는 주식수(B)
보통주
1,359,706
상법제369조 제2항의 규정에 의한의결권이 없는 주식
우선주
-
-
정관에 의하여 의결권 행사가 배제된 주식수(C)
보통주
-
-
우선주
3,689,250
-
기타 법률에 의하여의결권 행사가 제한된 주식수(D)
보통주
400,000
상법제369조 제2항, 제3항의 규정에 의한 의결권이 없는 주식
우선주
-
-
의결권이 부활된 주식수(E)
보통주
-
-
우선주
-
-
의결권을 행사할 수 있는 주식수(F = A - B - C - D + E)
보통주
17,548,984
-
우선주
-
-
다. 주주총회 의사록 요약
주총일자
안 건
결 의 내 용
비 고
제58기정기주주총회(2023.03.24)
제2호의안이사 선임의 건
ㆍ사내이사 5명 선임 (이상웅, 최종일, 이지훈, 김정호, 이원섭)ㆍ사외이사 3명 선임 (윤종훈, 최우수, 김우현)
▷원안대로 승인
제3호의안감사위원이 되는 사외이사 선임의 건
ㆍ감사위원이 되는 사외이사 1인 분리선출 (최우수)
▷원안대로 승인
제4호의안감사위원회 위원 선임의 건
ㆍ감사위원회 위원 2인 선임 (윤종훈, 김우현)
▷원안대로 승인
제5호의안이사 보수지급한도액 승인의 건
ㆍ전기 보수한도액 40억원 / 전기 보수집행액 34.4억원ㆍ당기 보수한도액 60억원
▷원안대로 승인
제57기정기주주총회(2022.03.25)
제2호의안정관 일부 변경의 건
ㆍ내부거래위원회 신설
▷원안대로 승인
제3호의안이사 보수지급한도액 승인의 건
ㆍ전기 보수한도액 40억원 / 전기 보수집행액 21억원ㆍ당기 보수한도액 40억원
▷원안대로 승인
제56기정기주주총회(2021.03.26)
제2호의안정관 일부 변경의 건
ㆍ상법 변경사항 반영
▷원안대로 승인
제3호의안이사 선임의 건
ㆍ사내이사 4명 선임 (이상웅, 최종일, 이지훈, 김정호)ㆍ사외이사 3명 선임 (김학수, 최우수, 김우현)
▷원안대로 승인
제4호의안감사위원이 되는 사외이사 선임의 건
ㆍ감사위원이 되는 사외이사 1인 분리선출 (최우수)
▷원안대로 승인
제5호의안감사위원회 위원 선임의 건
ㆍ감사위원회 위원 2인 선임 (김학수, 김우현)
▷원안대로 승인
제6호의안이사 보수지급한도액 승인의 건
ㆍ전기 보수한도액 40억원 / 전기 보수집행액 17.6억원ㆍ당기 보수한도액 40억원
▷원안대로 승인
제7호의안임원퇴직금 지급규정 제정의 건
ㆍ임원퇴직금 지급규정 신설
▷원안대로 승인
제55기정기주주총회(2020.03.27)
제2호의안정관 일부 변경의 건
ㆍ사업목적 추가
▷원안대로 승인
제3호의안이사 선임의 건
ㆍ사내이사 4명 선임 (이상웅, 최종일, 이지훈, 김정호)ㆍ사외이사 3명 선임 (김용재, 류지성, 강정대)
▷원안대로 승인
제4호의안감사위원 선임의 건
ㆍ사외이사인 감사위원회 위원 3명 선임 (김용재, 류지성, 강정대)
▷원안대로 승인
제5호의안이사 보수지급한도액 승인의 건
ㆍ전기 보수한도액 40억원 / 전기 보수집행액 21.5억원ㆍ당기 보수한도액 40억원
▷원안대로 승인
제54기정기주주총회(2019.03.22)
제2호의안정관 일부 변경의 건
ㆍ사업목적 추가ㆍ전자증권법 개설에 따른 관련내용 반영ㆍ[주식회사 등의 외부감사에 관한 법률] 개정에 따른 반영
▷원안대로 승인
제3호의안이사 선임의 건
ㆍ사내이사 5명 선임 (이의순, 이상웅, 최종일, 이지훈, 김정호)ㆍ사외이사 3명 선임 (임정훈, 류지성, 강정대)
▷원안대로 승인
제4호의안감사위원 선임의 건
ㆍ사외이사인 감사위원회 위원 3명 선임 (임정훈, 류지성, 강정대)
▷원안대로 승인
제5호의안이사 보수지급한도액 승인의 건
ㆍ전기 보수한도액 40억원 / 전기 보수집행액 18억원ㆍ당기 보수한도액 40억원
▷원안대로 승인
※ 제54기~ 제59기 정기주주총회 제 1호 의안은 상법 제449조의 2 및 당사 정관 제40조 4항에 의거 외부감사인의 '적정'의견과 감사위원 전원 '동의'요건이 충족되어 이사회 승인 요건을 충족하여 보고사항으로 갈음함.
※
제60기 정기주주총회(2025년 3월 21일) 상정 안건
- 제1호 의안 : 제60기(2024.1.1 ~ 2024.12.31)
재무제표(이익잉여금처분계산서 포함) 및 연결재무제표 승인의 건
·제1-1호 : 제60기 재무제표(이익잉여금처분계산서 제외) 및 연결재무제표 승인의 건
·제1-2호 : 제60기 이익배당 및 이익잉여금처분계산서 승인의 건
제1-2-1호(이사회안): 보통주 현금배당 주당 300원 / 우선주 현금배당 주당 305원 제1-2-2호(주주제안): 보통주 현금배당 주당 800원 / 우선주 현금배당 주당 805원
- 제2호 의안 : 이사 선임의 건
- 제3호 의안 : 감사위원이 되는 사외이사 선임의 건 - 제4호 의안 : 감사위원회 위원 선임의 건
- 제5호 의안 : 이사 보수한도 승인의 건"	"3. 주주총회 등에 관한 사항
가. 투표제도 현황
(기준일 :
2024년 12월 31일
)
투표제도 종류
집중투표제
서면투표제
전자투표제
도입여부
배제
미도입
도입
실시여부
-
-
실시
나. 의결권 현황
(기준일 :
2024년 12월 31일
)
(단위 : 주)
구 분
주식의 종류
주식수
비고
발행주식총수(A)
보통주
19,308,690
-
우선주
3,689,250
-
의결권없는 주식수(B)
보통주
1,359,706
상법제369조 제2항의 규정에 의한의결권이 없는 주식
우선주
-
-
정관에 의하여 의결권 행사가 배제된 주식수(C)
보통주
-
-
우선주
3,689,250
-
기타 법률에 의하여의결권 행사가 제한된 주식수(D)
보통주
400,000
상법제369조 제2항 제3항의 규정에 의한 의결권이 없는 주식
우선주
-
-
의결권이 부활된 주식수(E)
보통주
-
-
우선주
-
-
의결권을 행사할 수 있는 주식수(F = A - B - C - D + E)
보통주
17,548,984
-
우선주
-
-
다. 소수주주권
행사자
안건
목적사항 포함여부
진행경과
소액주주(개인 3인 공동제안)
현금배당 보통주 800원 / 우선주 805원
포함
제60기 정기주주총회 안건 상정, 부결
- 2025년 2월 7일 주주제안 접수되어 제60기 정기주주총회 안건으로 상정하였습니다.
라. 경영권 경쟁
당사는 공시대상기간 중 경영지배권에 관하여 경쟁이 있었던 경우가 없습니다.
마. 주식 사무
정관상신주인수권의 내용
제
9
조
(
주식의 발행 및 배정
)
① 이 회사가 이사회의 결의로 신주를 발행하는 경우 다음 각 호의 방식에 의한다
.
1.
주주에게 그가 가진 주식 수에 따라서 신주를 배정하기 위하여 신주인수의 청약
을 할 기회를 부여하는 방식
2.
발행주식총수의
100
분의
50
을 초과하지 않는 범위 내에서 신기술의 도입
,
재무
구조의 개선 등 회사의 경영상 목적을 달성하기 위하여 필요한 경우 제
1
호 외의
방법으로 특정한 자
(
이 회사의 주주를 포함한다
)
에게 신주를 배정하기 위하여 신
주인수의 청약을 할 기회를 부여하는 방식
3.
발행주식총수의
100
분의
50
을 초과하지 않는 범위 내에서 제
1
호 외의 방법으로
불특정 다수인
(
이 회사의 주주를 포함한다
)
에게 신주인수의 청약을 할 기회를 부
여하고 이에 따라 청약을 한 자에 대하여 신주를 배정하는 방식
② 제
1
항 제
3
호의 방식으로 신주를 배정하는 경우에는 이사회의 결의로 다음 각 호
의 어느 하나에 해당하는 방식으로 신주를 배정하여야 한다
.
1.
신주인수의 청약을 할 기회를 부여하는 자의 유형을 분류하지 아니하고 불특정
다수의 청약자에게 신주를 배정하는 방식
2.
관계 법령에 따라 우리사주조합원에 대하여 신주를 배정하고 청약되지 아니한 주
식까지 포함하여 불특정 다수인에게 신주인수의 청약을 할 기회를 부여하는 방식
3.
주주에 대하여 우선적으로 신주인수의 청약을 할 수 있는 기회를 부여하고 청약
되지 아니한 주식이 있는 경우 이를 불특정 다수인에게 신주를 배정받을 기회를
부여하는 방식
4.
투자매매업자 또는 투자중개업자가 인수인 또는 주선인으로서 마련한 수요예측
등 관계 법규에서 정하는 합리적인 기준에 따라 특정한 유형의 자에게 신주인수
의 청약을 할 수 있는 기회를 부여하는 방식
③ 제
1
항 제
2
호 및 제
3
호에 따라 신주를 배정하는 경우 상법 제
416
조 제
1
호
,
제
2
호
,
제
2
호의
2,
제
3
호 및 제
4
호에서 정하는 사항을 그 납입기일의
2
주 전까지 주주에
게 통지하거나 공고하여야 한다
.
다만
,
자본시장과 금융투자업에 관한 법률 제
165
조의
9
에 따라 주요사항보고서를 금융위원회 및 거래소에 공시함으로써 그 통지
및 공고를 갈음할 수 있다
.
④ 제
1
항 각호의 어느 하나의 방식에 의해 신주를 발행할 경우에는 발행할 주식의
종류와 수 및 발행가격 등은 이사회의 결의로 정한다
.
⑤ 회사는 신주를 배정하는 경우 그 기일까지 신주인수의 청약을 하지 아니하거나 그
가액을 납입하지 아니한 주식이 발생하는 경우에 그 처리방법은 발행가액의 적정
성 등 관련 법령에서 정하는 바에 따라 이사회 결의로 정한다
.
⑥ 회사는 신주를 배정하면서 발생하는 단주에 대한 처리방법은 이사회의 결의로 정
한다
.
⑦ 회사는 제
1
항 제
1
호에 따라 신주를 배정하는 경우에는 주주에게 신주인수권증서
를 발행하여야 한다
.
결 산 일
12월 31일
정기주주총회
3월 중
주주명부폐쇄시기*
-
주권의 종류
-
명의개서대리인
한국예탁결제원
주주의 특전
해당사항 없음
공고방법
홈페이지게재
바. 주주총회 의사록 요약
주총일자
안 건
결 의 내 용
주요 논의 내용
제60기정기주주총회(2025.03.21)
제1호의안재무제표(이익잉여금 처분계산서 포함) 및 연결재무제표 승인의 건
▷1-1호의안 원안대로 승인▷1-2호의안 이사회안 승인
ㆍ제1-1호 제60기 재무제표(이익잉여금처분계산서 제외) 및 연결재무제표 승인의 건ㆍ제1-2호 제60기 이익배당 및 이익잉여금처분계산서 승인의 건 -제1-2-1호 : 보통주 현금배당 주당 300원, 우선주 주당 305원(이사회안) -제1-2-2호 : 보통주 현금배당 주당 800원, 우선주 주당 805원(주주제안) *주주의 주주제안 배경설명 및 주주환원 확대를 위한 의견 제시
제2호의안이사 선임의 건
▷원안대로 승인
ㆍ사내이사 4명 선임 (이상웅, 최종일, 이원섭, 김근영)ㆍ사외이사 3명 선임 (윤종훈, 최우수, 김우현)
제3호의안감사위원이 되는 사외이사 선임의 건
▷원안대로 승인
ㆍ감사위원이 되는 사외이사 1인 분리선출 (최우수)
제4호의안감사위원회 위원 선임의 건
▷원안대로 승인
ㆍ감사위원회 위원 2인 선임 (윤종훈, 김우현)
제5호의안이사 보수지급한도액 승인의 건
▷원안대로 승인
ㆍ당기 보수한도액 60억원
제59기정기주주총회(2024.03.)
제2호의안정관 변경의 건
▷원안대로 승인
ㆍ이사의 임기 변경(1년으로 단축)
제3호의안이사 선임의 건
▷원안대로 승인
ㆍ사내이사 1명 선임 (김근영)
제4호의안이사 보수지급한도액 승인의 건
▷원안대로 승인
ㆍ당기 보수한도액 60억원
제58기정기주주총회(2023.03.24)
제2호의안이사 선임의 건
▷원안대로 승인
ㆍ사내이사 5명 선임 (이상웅, 최종일, 이지훈, 김정호, 이원섭)ㆍ사외이사 3명 선임 (윤종훈, 최우수, 김우현)
제3호의안감사위원이 되는 사외이사 선임의 건
▷원안대로 승인
ㆍ감사위원이 되는 사외이사 1인 분리선출 (최우수)
제4호의안감사위원회 위원 선임의 건
▷원안대로 승인
ㆍ감사위원회 위원 2인 선임 (윤종훈, 김우현)
제5호의안이사 보수지급한도액 승인의 건
▷원안대로 승인
ㆍ전기 보수한도액 40억원 / 전기 보수집행액 34.4억원ㆍ당기 보수한도액 60억원
- 제58기, 제59기 정기주주총회 1호 의안 재무제표 승인의 건은 보고사항으로 갈음하였습니다."	ok
20250814002051	삼부토건	여	XI. 1. 공시내용 진행 및 변경사항	단일판매공급계약 체결 진행현황 상세기재 누락	20250407003073	"1. 공시내용 진행 및 변경사항
가. 공시사항 이행 미완료 및 주요변경사항
최초신고일자
제목
최초 신고내용
신고사항의 진행 및 변경사항
2023.01.06
영업정지
토목건축공사업에 대한 영업정지 2개월(2023.01.31~2023.03.30)행정처분에 대한 집행정지 가처분 신청 및 행정처분 취소소송을 통해 대응할 예정이며, 영업정지 행정처분에 대한 집행정지 가처분 신청이 받아 들여지는 경우에는 행정처분 취소소송의 판결시까지 당사의 영업활동에 아무런 영향이 없습니다.
2023.01.26 기타 경영사항(자율공시)영업정지 행정처분에 대한 집행정지 가처분 인용 결정- 결정내용 : 서울시의 당사에 대한 영업정지 행정처분과 관련하여 영업정지 처분취소 청구사건의 판결 선고일부터 30일이 되는 날까지 그 집행을 정지함.- 당사에 미치는 영향 : 이와 관련하여 영업정지 행정처분 취소소송의 판결 선고 후 30일까지 당사의 영업활동에 아무런 영향이 없음.2023.07.31 정정신고 영업정지-당사는 2023년 1월 13일 영업정지처분 취소 소장을 접수하였으며, 2023년 1월 26일 영업정지 행정처분에 대한 집행정지 가처분 인용을 받아 기공시하였습니다.-집행정지 가처분 인용에 따라 서울시의 당사에 대한 영업정지 행정처분은 영업정지 처분취소 청구사건의 판결 선고일부터 30일이 되는 날까지 그 집행이 정지되며, 동 기간까지 당사의 영업활동에 아무런 영향이 없습니다.-추후 1심판결 선고시 재공시 하겠습니다.
2024.05.16
거래처와의 거래중단
국내 공공공사 입찰 참가자격 제한 1년(2024.05.29 ~ 2025.05.28)입찰참가자격제한처분에 대한 집행정지신청 및 처분취소소송을 제기할 예정이며, 입찰참가자격제한처분에 대한 집행정지신청이 받아들여지는 경우에는 처분취소소송의 판결시까지 당사의 입찰 참가자격에 영향이 없습니다.
2024.05.16 거래처와의 거래중단(정정)- 피고(한국토지주택공사)가 2024. 5. 9. 원고(삼부토건)에 대하여 한 1년의 입찰참가자격제한처분은 2024. 6. 4.까지 그 효력을 정지함.- 창원지방법원 2024아10139 집행정지 사건의 심리 및 종국결정에 필요한 기간 동안 잠정적으로 위 주문 기재 각 처분의 효력을 일시 정지함.- 위 잠정처분에 따라 2024. 6. 4.까지 당사의 입찰 참가 자격에 영향이 없습니다.2024.06.03 거래처와의 거래중단(정정)- 피고(한국토지주택공사)가 2024. 5. 9. 원고(삼부토건)에 대하여 한 1년의 입찰참가자격제한처분은 '입찰참가자격제한처분 취소소송'의 판결 선고일로부터 30일이 되는 날까지 그 효력을 정지함.- 위 집행정지 인용에 따라 입찰참가자격제한처분 취소소송의 판결 선고일로부터 30일이 되는 날까지 당사의 입찰 참가 자격에 영향이 없습니다.- 추후 1심 판결 선고 시 재공시 하겠습니다."	"1. 공시내용 진행 및 변경사항
가. 공시사항 이행 미완료 및 주요변경사항
최초신고일자
제목
최초 신고내용
신고사항의 진행 및 변경사항
2023.01.06
영업정지
토목건축공사업에 대한 영업정지 2개월(2023.01.31~2023.03.30)행정처분에 대한 집행정지 가처분 신청 및 행정처분 취소소송을 통해 대응할 예정이며, 영업정지 행정처분에 대한 집행정지 가처분 신청이 받아 들여지는 경우에는 행정처분 취소소송의 판결시까지 당사의 영업활동에 아무런 영향이 없습니다.
2023.01.26 기타 경영사항(자율공시)영업정지 행정처분에 대한 집행정지 가처분 인용 결정- 결정내용 : 서울시의 당사에 대한 영업정지 행정처분과 관련하여 영업정지 처분취소 청구사건의 판결 선고일부터 30일이 되는 날까지 그 집행을 정지함.- 당사에 미치는 영향 : 이와 관련하여 영업정지 행정처분 취소소송의 판결 선고 후 30일까지 당사의 영업활동에 아무런 영향이 없음.2023.07.31 정정신고 영업정지-당사는 2023년 1월 13일 영업정지처분 취소 소장을 접수하였으며, 2023년 1월 26일 영업정지 행정처분에 대한 집행정지 가처분 인용을 받아 기공시하였습니다.-집행정지 가처분 인용에 따라 서울시의 당사에 대한 영업정지 행정처분은 영업정지 처분취소 청구사건의 판결 선고일부터 30일이 되는 날까지 그 집행이 정지되며, 동 기간까지 당사의 영업활동에 아무런 영향이 없습니다.-추후 1심판결 선고시 재공시 하겠습니다.
2024.05.16
거래처와의 거래중단
국내 공공공사 입찰 참가자격 제한 1년(2024.05.29 ~ 2025.05.28)입찰참가자격제한처분에 대한 집행정지신청 및 처분취소소송을 제기할 예정이며, 입찰참가자격제한처분에 대한 집행정지신청이 받아들여지는 경우에는 처분취소소송의 판결시까지 당사의 입찰 참가자격에 영향이 없습니다.
2024.05.16 거래처와의 거래중단(정정)- 피고(한국토지주택공사)가 2024. 5. 9. 원고(삼부토건)에 대하여 한 1년의 입찰참가자격제한처분은 2024. 6. 4.까지 그 효력을 정지함.- 창원지방법원 2024아10139 집행정지 사건의 심리 및 종국결정에 필요한 기간 동안 잠정적으로 위 주문 기재 각 처분의 효력을 일시 정지함.- 위 잠정처분에 따라 2024. 6. 4.까지 당사의 입찰 참가 자격에 영향이 없습니다.2024.06.03 거래처와의 거래중단(정정)- 피고(한국토지주택공사)가 2024. 5. 9. 원고(삼부토건)에 대하여 한 1년의 입찰참가자격제한처분은 '입찰참가자격제한처분 취소소송'의 판결 선고일로부터 30일이 되는 날까지 그 효력을 정지함.- 위 집행정지 인용에 따라 입찰참가자격제한처분 취소소송의 판결 선고일로부터 30일이 되는 날까지 당사의 입찰 참가 자격에 영향이 없습니다.- 추후 1심 판결 선고 시 재공시 하겠습니다.
나. 한국거래소 공시규정에 따라 단일판매ㆍ공급계약체결 공시 진행상황
(단위: 백만원, VAT포함)
신고일자(최근일)
계약내역
계약금액총액
판매ㆍ공급금액
대금수령금액
비고
당기
누적
당기
누적
2024.12.30
1)계약명 :
중부내륙선 이천~문경 철도건설 제7공구 노반신설 기타공사2)계약상대방 : 한국철도시설공단3)계약기간 : 2018.05.09 ~ 2025.12.314)계약(수주)일자 : 2018.05.095)주요계약조건 : 기성불, 당사지분 60%
95,999
4,263
93,983
1,983
90,923
2024.12.24
1)계약명 :
고속국도 제255호선 강진~광주간 건설공사 3공구2)계약상대방 : 한국도로공사3)계약기간 : 2017.08.30 ~ 2026.12.314)계약(수주)일자 : 2017.08.305)주요계약조건 : 기성불, 당사지분 30%
43,184
3,199
35,940
2,423
35,163
2024.12.23
1)계약명 :
무주 무주-설천 도로확장공사2)계약상대방 : 국토교통부 익산지방국토관리청3)계약기간 : 2021.05.24 ~ 2028.04.164)계약(수주)일자 : 2021.05.035)주요계약조건 : 기성불, 당사지분 70%
75,016
7,670
21,078
7,670
21,078
2024.12.18
1)계약명 :
행복도시 연결도로(경부고속도로 회덕IC 신설)2)계약상대방 : 한국도로공사3)계약기간 : 2022.04.20 ~ 2026.04.184)계약(수주)일자 : 2022.03.315)주요계약조건 : 기성불, 당사지분 60%
36,540
8,588
16,126
7,490
15,028
2024.11.15
1)계약명 :
서귀포시 토평동 도시형생활주택 신축공사2)계약상대방 : 토평지역주택조합3)계약기간 : 2021.12.15 ~ 2025.05.314)계약(수주)일자 : 2021.08.315)주요계약조건 : 기성불, 당사지분 100%
35,763
3,678
28,589
8,459
28,588
2024.11.07
1)계약명 :
경주시 외동읍 공동주택 신축공사2)계약상대방 : 주식회사 성우건업3)계약기간 : 2021.10.07 ~ -4)계약(수주)일자 : 2021.04.235)주요계약조건 : 기성불, 당사지분 100%
108,226
60,781
106,4800
60,781
106,488
2024.10.30
1)계약명 :
봉화댐 건설공사2)계약상대방 : 한국수자원공사3)계약기간 : 2019.11.05 ~ 2025.11.244)계약(수주)일자 : 2019.09.255)주요계약조건 : 기성불, 당사지분 60%
19,486
1,330
15,157
1,298
15,126
2024.06.20
1)계약명 :
춘천~속초 철도건설 제3공구 노반시설 기타공사2)계약상대방 : 국가철도공단3)계약기간 : 2024.06.19 ~ 2029.03.194)계약(수주)일자 : 2024.06.195)주요계약조건 : 기성불, 당사지분 40%
98,621
-
-
-
-
대표사가 당사 지분포함한 선수금 전액 청구 및 수령하여 공사수행
2024.05.31
1)계약명 :
제주외도지역주택조합 공동주택 신축공사2)계약상대방 :
제주외도지역주택조합
3)계약기간 : 2024.05.31 ~ -4)계약(수주)일자 : 2023.11.245)주요계약조건 : 기성불, 당사지분 100%
39,000
10,335
10,335
10,113
10,113
2024.04.30
1)계약명 :
도시고속도로 연결램프(화랑로 진출입) 설치공사2)계약상대방 : 서울특별시3)계약기간 : 2019.05.08 ~ 2025.02.114)계약(수주)일자 : 2019.04.265)주요계약조건 : 기성불, 당사지분 49%
10,786
2,927
7,308
2,748
7,128
2024.04.29
1)계약명 :
춘천시 온의동 테라스하우스 신축공사2)계약상대방 : 봄내산업개발 주식회사, 주식회사 선진디앤씨3)계약기간 : 2022.02.28 ~ -4)계약(수주)일자 : 2021.09.065)주요계약조건 : 기성불, 당사지분 100%
36,771
11,350
31,877
10,850
31,377
2023.12.21
1)계약명 :
호남고속철도2단계(고막원~목포) 제7공구 노반신설 기타공사2)계약상대방 : 국가철도공단3)계약기간 : 2020.12.23 ~ 2026.06.224)계약(수주)일자 : 2020.12.225)주요계약조건 : 기성불, 당사지분 70%
164,463
26,913
77,511
26,425
77,023
2023.12.14
1)계약명 :
부산 광안리 삼부Atlas72 오피스텔 신축사업2)계약상대방 : 주식회사 더베이2043)계약기간 : 실착공일로부터 31개월4)계약(수주)일자 : 2023.05.315)주요계약조건 : 기성불, 당사지분 100%
47,025
-
-
-
-
미착공
2023.05.19
1)계약명 :
안양관양 관악로 우회도로 개설공사2)계약상대방 : 한국토지주택공사3)계약기간 : 2021.02.15 ~ 2025.04.144)계약(수주)일자 : 2021.01.185)주요계약조건 : 기성불, 당사지분 30%
26,420
2,642
6,494
2,077
5,929
2023.01.05
1)계약명 :
제주시 화북이동 민간임대주택 신축공사2)계약상대방 : 제주화북주택협동조합3)계약기간 : 실착공일로부터 21개월4)계약(수주)일자 : 2023.01.045)주요계약조건 : 기성불, 당사지분 100%
35,819
-
-
-
-
미착공
2022.06.14
1)계약명 :
강원도 정선군 사북읍 공동주택 신축공사2)계약상대방 : 대한토지신탁(주)3)계약기간 : 실착공일로부터 29개월4)계약(수주)일자 : 2022.06.135)주요계약조건 : 기성불, 당사지분 100%
63,965
-
-
-
-
미착공
2022.02.16
1)계약명 :
감천항 일반부두(3,4부두 인근지역) 확장공사2)계약상대방 : 부산항만공사3)계약기간 : 2022.02.21 ~ 2025.06.204)계약(수주)일자 : 2022.02.155)주요계약조건 : 기성불, 당사지분 90%
55,996
23,161
46,035
22,920
45,794
2022.01.05
1)계약명 :
광주광역시 평동산업단지 내 물류센터 신축공사2)계약상대방 : 유한회사 평동로지스틱스3)계약기간 : 실착공일로부터 18개월4)계약(수주)일자 : 2022.01.045)주요계약조건 : 기성불, 당사지분 100%
63,077
-
-
-
-
미착공
2021.06.21
1)계약명 :
창원 내곡지구 도시개발사업 부지조성공사2)계약상대방 : 내곡지구도시개발사업조합, 유한회사 일봉도시개발3)계약기간 : 2021.06.21 ~ 2025.06.204)계약(수주)일자 : 2020.12.035)주요계약조건 : 기성불, 당사지분 100%
181,056
-
2,530
-
-
발주처의 요구에 따라 단독공사에서 공동도급으로 변경하여 지분안분 협의 중
※ 상기 신고일자는 최근 공시일자이며, 계약금액은 전체 계약금액 중 당사지분 금액이며, 해지 및 완료현장은 제외하였습니다.※ 상기 내역은 향후 사업추진과정 또는 도급계약에서 규정하는 조건 등에 따라 계약기간, 금액, 향후 추진계획 등이 변경될 수 있습니다.
1) 대금 미수령 사유상기 기재된 미착공 현장의 경우 발주처의 사업진행 준비과정 장기화 및 사업성 저하 등으로 사업이 지연되어 대금 미수령인 상태입니다. 향후 사업진행완료시 착공이 진행 될 예정이며, 착공 후 계액조건에 따라 대금을 수령할 예정입니다. 사업 진행 과정에서 주요 인허가 일정, 설계 변경, 금융조달 등 다양한 요인에 따라 계약금액 및 착공 일정을 포함한 사업 일정 등에 변동이 발생할 수 있습니다.
춘천~속초 철도건설 제3공구 노반시설 기타공사현장의 경우 공사 진행 중이며, 대표사에서 당사지분포함 선수금 전액을 청구 및 수령하여 공사를 진행 중에 있으며, 공정진행시 기성금을 청구하여 대금을 수령할 예정입니다.
창원 내곡지구 도시개발사업 부지조성공사현장은 발주처의 PF조달의 어려움으로 당사 단독공사에서 공동도급 공사로 변경을 요청하여 공동사와 지분안분에 대해 협의 중에 있으며, 협의 완료시 변경계약을 진행하고 기청구한 대금을 수령하고, 향후 공사에 대해서 변경된 계약에 따라 대금을 수령할 예정입니다.
2)향후 추진계획당사는 계약조건에 따라 공사를 수행하고 공정률에 따라 공사대금을 수령 중이며, 계약기간내 준공을 목표로 관리하고 있습니다. 향후 사업추진과정 또는 도급계약에서 규정하는 조건 등에 따라 계약기간, 금액, 향후 추진계획 등이 변경될 수 있으며, 변동사항 발생시 단일판매공급계약체결 정정공시 하겠습니다.당사는 발주처의 사업진행 준비과정이 장기화되며 사업이 지연되고 있는 미착공현장4개는 향후 사업진행완료시 착공이 진행 될 예정이며, 착공 후 계액조건에 따라 대금을 수령할 예정입니다.사업 진행 과정에서 주요 인허가 일정, 설계 변경, 금융조달 등 다양한 요인에 따라 계약금액 및 착공 일정을 포함한 사업 일정 등에 변동이 발생할 수 있습니다."	ok
20250814002004	대한화섬	예	Ⅰ. 4. 4-2 자기주식 보유 목적 ~ 4-5	금융감독원 2024년 사업보고서 비재무사항 점검 결과 미흡사항 정정	20250814001570	"4. 주식의 총수 등
당사는 보고서 작성기준일 현재 정관에 의해 발행할 주식의 총수는 보통주 2,400,000주이며 이 중 현재까지 발행한 주식의 총수는 의결권 있는 주식 (이하 보통주) 1,328,000주, 의결권 없는 주식(이하 우선주)은 해당사항 없습니다.감자, 이익소각 등으로 현재까지 감소한 주식은 없으며, 보고서 작성기준일 현재 보유중인 자기주식수는 보통주 246,595주이며, 유통주식수는 자기주식수를 제외한 보통주 1,081,405주 입니다.
가. 주식의 총수
(기준일 :
2024년 12월 31일
)
(단위 : 주, %)
구 분
주식의 종류
비고
보통주
합계
Ⅰ. 발행할 주식의 총수
2,400,000
2,400,000
-
Ⅱ. 현재까지 발행한 주식의 총수
1,328,000
1,328,000
-
Ⅲ. 현재까지 감소한 주식의 총수
-
-
-
1. 감자
-
-
-
2. 이익소각
-
-
-
3. 상환주식의 상환
-
-
-
4. 기타
-
-
-
Ⅳ. 발행주식의 총수 (Ⅱ-Ⅲ)
1,328,000
1,328,000
-
Ⅴ. 자기주식수
246,595
246,595
-
Ⅵ. 유통주식수 (Ⅳ-Ⅴ)
1,081,405
1,081,405
-
Ⅶ. 자기주식 보유비율
18.57
18.57
-
나. 자기주식 취득 및 처분 현황
(기준일 :
2024년 12월 31일
)
(단위 : 주)
취득방법
주식의 종류
기초수량
변동 수량
기말수량
비고
취득(+)
처분(-)
소각(-)
배당가능이익범위이내취득
직접취득
장내 직접 취득
보통주
110,000
41,900
-
-
151,900
-
우선주
-
-
-
-
-
-
장외직접 취득
보통주
-
-
-
-
-
-
우선주
-
-
-
-
-
-
공개매수
보통주
-
-
-
-
-
-
우선주
-
-
-
-
-
-
소계(a)
보통주
110,000
41,900
-
-
151,900
-
우선주
-
-
-
-
-
-
신탁계약에 의한취득
수탁자 보유물량
보통주
-
-
-
-
-
-
우선주
-
-
-
-
-
-
현물보유물량
보통주
94,680
-
-
-
94,680
-
우선주
-
-
-
-
-
-
소계(b)
보통주
94,680
-
-
-
94,680
-
우선주
-
-
-
-
-
-
기타 취득(c)
보통주
15
-
-
-
15
상법 제341조의2
우선주
-
-
-
-
-
-
총 계(a+b+c)
보통주
204,695
41,900
-
-
246,595
-
우선주
-
-
-
-
-
-
주1) 기타취득의 경우는 상법 제341조의 2(특정목적에 의한 자기주식의 취득)에 의거 단주(端株)의 처리를 위해 취득하였습니다.주2) 2024년 9월 12일 이사회의 자기주식 취득 결의에 따라 자기주식 41,900주를취득하였습니다.주3) 신탁계약에 의한 취득수량 94,680주는 24년12월24일 신탁계약해지에 따라 신탁계좌에서 인출하여 당사증권계좌에 입고하였습니다.
다. 자기주식 직접 취득ㆍ처분 이행현황
(기준일 :
2024년 12월 31일
)
(단위 : 주, %)
구 분
취득(처분)예상기간
예정수량(A)
이행수량(B)
이행률(B/A)
결과보고일
시작일
종료일
직접 취득
2024년 09월 23일
2024년 12월 11일
50,000
41,900
83.8
2024년 12월 12일
라. 자기주식 신탁계약 체결ㆍ해지 이행현황
(기준일 :
2024년 12월 31일
)
(단위 : 원, %, 회)
구 분
계약기간
계약금액(A)
취득금액(B)
이행률(B/A)
매매방향 변경
결과보고일
시작일
종료일
횟수
일자
신탁 해지
2023년 12월 24일
2024년 12월 24일
1,312,396,965
1,312,346,965
99.9
-
-
2024년 12월 24일
주1) 상기 계약기간은 신탁계약 해지전 최종 계약기간이며, 최초 신탁계약체결일은 2003년 12월 24일입니다. 1년단위 연장계약을 체결하여 최종 계약종료일은 2024년 12월 24일입니다.주2) 상기 계약금액은 신탁계약 해지전 최종계약기간의 금액입니다.주3) 신탁계약을 통한 취득ㆍ처분 상세내역은 2024년 12월 24일 공시한 '
신탁계약해지 결과보고서
'를 참고하시기 바랍니다.
1. 자기주식 보유현황 : 다음의 표에 따라 기재한다.
(단위 : 주)
취득방법
취득(계약체결)결정 공시일자
주식종류
취득기간
취득목적
최초보유예상기간
최초취득수량
변동 수량
기말수량
비고
처분(-)
소각(-)
배당가능이익범위이내취득
직접취득
-
보통주
94.10.10 ~ 94.12.22
자사주가격의 안정을 위함
-
30,000
-
-
30,000
-
-
보통주
97.04.11 ~ 97.06.11
자사주가격의 안정을 위함
-
80,000
-
-
80,000
-
2024년 09월 12일
보통주
24.09.23 ~ 24.12.11
주가안정 및 주주가치 제고
-
41,900
-
-
41,900
-
신탁계약에의한 취득
2003년 12월 24일
보통주
03.12.24 ~ 04.09.16
주식가격의 안정
-
107,960
13,280
-
94,680
주1)주2)
-
-
-
-
-
-
-
-
-
-
기타 취득
-
보통주
87.07.04
액면병합시단수주
-
15
-
-
15
-
-
-
-
-
-
-
-
-
-
-
총계
259,875
13,280
-
246,595
-
주1) 03년12월24일은 신탁계약 취득 최초계약일이며, 1년단위 연장계약을 체결하여 최종 해지일자는 24년12월24일입니다.주2) 기말수량 94,680주는 24년12월24일 신탁계약해지에 따라 자사주로 입고되었습니다.(자사주신탁에 의한 13,280주 처분일은 09년12월30일입니다.)
2. 자기주식 보유 목적
- 주가 안정 및 경영 환경 변화에 유연하게 대응하기 위하여 지속 보유중입니다.
3. 자기주식 취득계획
- 이사회 승인일 현재 이사회 승인을 받은 자기주식 보고서상 자기주식 취득계획은 없습니다.
4. 자기주식 소각 및 처분계획
- 이사회 승인일 현재 이사회 승인을 받은 자기주식 보고서상 자기주식 소각 및 처분계획은 없습니다.
5. 기타 투자자 보호를 위해 필요한 사항- 이사회 승인일 현재 자기주식 소각 및 처분계획은 없으며, 변동사항 발생 시 이사회 승인을 통해 처리할 예정입니다."	"4. 주식의 총수 등
당사는 보고서 작성기준일 현재 정관에 의해 발행할 주식의 총수는 보통주 2,400,000주이며 이 중 현재까지 발행한 주식의 총수는 의결권 있는 주식 (이하 보통주) 1,328,000주, 의결권 없는 주식(이하 우선주)은 해당사항 없습니다.감자, 이익소각 등으로 현재까지 감소한 주식은 없으며, 보고서 작성기준일 현재 보유중인 자기주식수는 보통주 246,595주이며, 유통주식수는 자기주식수를 제외한 보통주 1,081,405주 입니다.
가. 주식의 총수
(기준일 :
2024년 12월 31일
)
(단위 : 주, %)
구 분
주식의 종류
비고
보통주
합계
Ⅰ. 발행할 주식의 총수
2,400,000
2,400,000
-
Ⅱ. 현재까지 발행한 주식의 총수
1,328,000
1,328,000
-
Ⅲ. 현재까지 감소한 주식의 총수
-
-
-
1. 감자
-
-
-
2. 이익소각
-
-
-
3. 상환주식의 상환
-
-
-
4. 기타
-
-
-
Ⅳ. 발행주식의 총수 (Ⅱ-Ⅲ)
1,328,000
1,328,000
-
Ⅴ. 자기주식수
246,595
246,595
-
Ⅵ. 유통주식수 (Ⅳ-Ⅴ)
1,081,405
1,081,405
-
Ⅶ. 자기주식 보유비율
18.57
18.57
-
나. 자기주식 취득 및 처분 현황
(기준일 :
2024년 12월 31일
)
(단위 : 주)
취득방법
주식의 종류
기초수량
변동 수량
기말수량
비고
취득(+)
처분(-)
소각(-)
배당가능이익범위이내취득
직접취득
장내 직접 취득
보통주
110,000
41,900
-
-
151,900
-
우선주
-
-
-
-
-
-
장외직접 취득
보통주
-
-
-
-
-
-
우선주
-
-
-
-
-
-
공개매수
보통주
-
-
-
-
-
-
우선주
-
-
-
-
-
-
소계(a)
보통주
110,000
41,900
-
-
151,900
-
우선주
-
-
-
-
-
-
신탁계약에 의한취득
수탁자 보유물량
보통주
-
-
-
-
-
-
우선주
-
-
-
-
-
-
현물보유물량
보통주
94,680
-
-
-
94,680
-
우선주
-
-
-
-
-
-
소계(b)
보통주
94,680
-
-
-
94,680
-
우선주
-
-
-
-
-
-
기타 취득(c)
보통주
15
-
-
-
15
상법 제341조의2
우선주
-
-
-
-
-
-
총 계(a+b+c)
보통주
204,695
41,900
-
-
246,595
-
우선주
-
-
-
-
-
-
주1) 기타취득의 경우는 상법 제341조의 2(특정목적에 의한 자기주식의 취득)에 의거 단주(端株)의 처리를 위해 취득하였습니다.주2) 2024년 9월 12일 이사회의 자기주식 취득 결의에 따라 자기주식 41,900주를취득하였습니다.주3) 신탁계약에 의한 취득수량 94,680주는 24년12월24일 신탁계약해지에 따라 신탁계좌에서 인출하여 당사증권계좌에 입고하였습니다.
다. 자기주식 직접 취득ㆍ처분 이행현황
(기준일 :
2024년 12월 31일
)
(단위 : 주, %)
구 분
취득(처분)예상기간
예정수량(A)
이행수량(B)
이행률(B/A)
결과보고일
시작일
종료일
직접 취득
2024년 09월 23일
2024년 12월 11일
50,000
41,900
83.8
2024년 12월 12일
라. 자기주식 신탁계약 체결ㆍ해지 이행현황
(기준일 :
2024년 12월 31일
)
(단위 : 원, %, 회)
구 분
계약기간
계약금액(A)
취득금액(B)
이행률(B/A)
매매방향 변경
결과보고일
시작일
종료일
횟수
일자
신탁 해지
2023년 12월 24일
2024년 12월 24일
1,312,396,965
1,312,346,965
99.9
-
-
2024년 12월 24일
주1) 상기 계약기간은 신탁계약 해지전 최종 계약기간이며, 최초 신탁계약체결일은 2003년 12월 24일입니다. 1년단위 연장계약을 체결하여 최종 계약종료일은 2024년 12월 24일입니다.주2) 상기 계약금액은 신탁계약 해지전 최종계약기간의 금액입니다.주3) 신탁계약을 통한 취득ㆍ처분 상세내역은 2024년 12월 24일 공시한 '
신탁계약해지 결과보고서
'를 참고하시기 바랍니다.
1. 자기주식 보유현황 : 다음의 표에 따라 기재한다.
(단위 : 주)
취득방법
취득(계약체결)결정 공시일자
주식종류
취득기간
취득목적
최초보유예상기간
최초취득수량
변동 수량
기말수량
비고
처분(-)
소각(-)
배당가능이익범위이내취득
직접취득
-
보통주
94.10.10 ~ 94.12.22
자사주가격의 안정을 위함
-
30,000
-
-
30,000
-
-
보통주
97.04.11 ~ 97.06.11
자사주가격의 안정을 위함
-
80,000
-
-
80,000
-
2024년 09월 12일
보통주
24.09.23 ~ 24.12.11
주가안정 및 주주가치 제고
-
41,900
-
-
41,900
-
신탁계약에의한 취득
2003년 12월 24일
보통주
03.12.24 ~ 04.09.16
주식가격의 안정
-
107,960
13,280
-
94,680
주1)주2)
-
-
-
-
-
-
-
-
-
-
기타 취득
-
보통주
87.07.04
액면병합시단수주
-
15
-
-
15
-
-
-
-
-
-
-
-
-
-
-
총계
259,875
13,280
-
246,595
-
주1) 03년12월24일은 신탁계약 취득 최초계약일이며, 1년단위 연장계약을 체결하여 최종 해지일자는 24년12월24일입니다.주2) 기말수량 94,680주는 24년12월24일 신탁계약해지에 따라 자사주로 입고되었습니다.(자사주신탁에 의한 13,280주 처분일은 09년12월30일입니다.)
2. 자기주식 보유 목적
- 당사는 자기주식을 다음과 같은 목적에 따라 보유하고 있습니다.
1) 유사시 재원 확보
전략적 투자 및 사업 확장 등 유연한 재무 운용을 위한 재원
2) 주주환원 정책 실행 유연성
향후 배당, 처분, 소각 등 다양한 방식으로 주주환원 정책을 실행할 수 있는 선택권 확보
3. 자기주식 취득계획
- 시장상황에 따라 당사의 주식이 저평가되었다고 판단되는 경우, 자기주식 취득을 통해 주가를 안정화시키고 적정 가치를 회복할 수 있도록 기여할 예정이나, 현재로서는 취득과 관련된 구체적인 논의는 진행되고 있지 않습니다.
4. 자기주식 처분계획
- 전략적 투자 및 사업 확장을 지원하는 재원으로 활용하거나, 임직원 보상(RSU)재원 및 시장에서의 유동성을 확보하기 위한 방안으로 검토될 수 있습니다. 다만, 현재로서는 처분 계획에 대한 구체적인 논의나 실행 방안은 검토 중이지 않습니다.
5. 자기주식 소각계획
- 자기주식 소각 여부는 회사의 장기적인 자본 운용 계획과 재무 구조, 그리고 시장 상황 등을 종합적으로 고려하여 결정해야 하므로 신중한 접근이 필요하다고 판단하고 있습니다. 다만, 현재로서는 소각과 관련된 실행 계획이나 일정은 검토 중이지 않습니다. 6. 기타 투자자 보호를 위해 필요한 사항- 이사회 승인일 현재 상기 기재사항과 같이 자기주식 소각 및 처분 계획은 없으며, 변동사항 발생 시 이사회 승인을 통해 처리할 예정입니다.아울러, 상법 개정 등 정부의 정책 방향에 발맞춰 필요한 경우 대응할 계획입니다."	ok
20250814001988	DL이앤씨	예	XI. 1. 나. 단일판매ㆍ공급계약체결 공시 진행상황	기재 내용 보완	20250314001639	"나. 단일판매ㆍ공급계약체결 공시 진행상황
1) 진행상황
(단위 : 백만원)
신고일자
계약내역
계약금액
총액
판매
ㆍ
공급금액
대금수령금액
당기
누적
당기
누적
2022-01-03
계약명 : 도화1구역주택재개발정비사업 계약상대방 : 도화1구역 주택재개발정비사업조합 계약기간 : 착공일로부터 36개월
417,720
-
-
-
-
2022-06-29
계약명 : 서울특별시 영등포구 여의도동 25-11 복합시설 신축공사 계약상대방 : 원트웬티파이브피에프브이 주식회사 계약기간 : 실착공일로부터 50개월
231,765
47,173
76,856
48,620
81,985
2022-07-07
계약명 : 무지개아파트 일대 재건축정비사업 계약상대방 : 무지개아파트 일대 재건축정비사업조합 계약기간 : 실착공일로 부터 39개월
244,424
-
-
-
-
2022-09-05
계약명 : 평택 장당 2블럭 복합시설 신축공사 계약상대방 : 주식회사 베스트원골드 계약기간 : 실착공일로부터 42개월
330,000
79,375
118,483
93,324
133,155
2023-02-15
계약명 : 홍실아파트 주택재건축정비사업 계약상대방 : 홍실아파트 주택재건축정비사업조합 계약기간 : 2021-10-29 ~ 2025-01-29
192,726
110,130
195,980
43,696
192,787
2023-03-08
계약명 : 샤힌 프로젝트(SHAHEEN Project) 공사 PKG1 계약상대방 : S-OIL 계약기간 : 착공일로부터 42개월
1,412,084
362,802
529,946
489,631
798,705
2023-04-28
계약명 : 강북5구역 공공재개발사업 계약상대방 : 서울주택도시공사 계약기간 : 착공일로부터 55개월
315,138
-
-
-
-
2023-07-18
계약명 : 서초 신동아아파트 주택재건축정비사업 계약상대방 : 서초 신동아아파트 주택재건축정비사업 조합 계약기간 : 실착공일로부터 40개월
523,817
25,033
25,033
-
-
2023-09-26
계약명 : 가산디씨제이브이 데이터센터 신축공사 계약상대방 : 가산디씨제이브이 주식회사 계약기간 : 2023-06-09 ~ 2025-09-08
199,100
121,047
140,812
133,698
157,039
2023-10-23
계약명 : 티더블유바이오매스에너지 열병합 발전소 건설공사 계약상대방 : 티더블유바이오매스에너지 주식회사 계약기간 : 2023-10-20 ~ 2026-11-30
242,550
48,266
54,165
80,817
80,817
2023-11-01
계약명 : 여수신기주공지역주택조합 신축사업 계약상대방 : 신기주공지역주택조합 계약기간 : 실착공일로부터 37개월
338,000
35,082
35,082
39,244
39,244
2023-11-22
계약명 : 능곡5구역 주택재개발정비사업 계약상대방 : 능곡5구역 주택재개발정비사업조합 계약기간 : 실착공일로부터 38개월
58,652
-
-
-
-
2023-12-07
계약명 : 부천열병합발전소 현대화사업 건설공사 계약상대방 : 지에스파워주식회사 계약기간 : 2023-12-06 ~ 2029-10-31
432,300
46,895
47,064
20,517
63,747
2023-12-13
계약명 : 광진구 한강호텔 부지 공동주택 개발사업 신축공사 계약상대방 : 주식회사 엠디엠플러스 계약기간 : 2021-12-15 ~ 2025-08-14
192,568
54,453
101,663
86,703
126,338
2023-12-20
계약명 : 세종-포천 고속도로 안성~구리 건설공사(제11공구) 계약상대방 : 한국도로공사 계약기간 : 2017-04-25 ~ 2024-12-18
274,658
16,450
240,893
15,134
275,425
2023-12-21
계약명 : 고속국도 제29호선 안성~성남간 건설공사(제9공구) 계약상대방 : 한국도로공사 계약기간 : 2017-12-27 ~ 2024-12-18
203,781
18,661
170,054
17,732
191,190
2024-03-04
계약명 : 삼성4구역 재개발정비사업 계약상대방 : 삼성4구역 재개발정비사업조합 계약기간 : 실착공일로부터 37개월
403,778
-
-
-
-
2024-03-28
계약명 : 방배삼익아파트 주택재건축정비사업 계약상대방 : 방배삼익아파트 주택재건축정비사업조합 계약기간 : 실착공일로부터 41개월
321,740
67,454
67,454
40,835
40,835
2024-03-29
계약명 : 대명2동 명덕지구 주택재개발정비사업 계약상대방 : 대명2동 명덕지구 주택재개발정비사업조합 계약기간 : 2022-08-05 ~ 2025-12-05
269,438
108,186
161,886
127,422
191,092
2024-06-11
계약명 : 효제동 오피스 개발사업 계약상대방 : 효제피에프브이 주식회사 계약기간 : 2024-05-30 ~ 2027-06-30
183,367
16,860
16,860
-
-
2024-06-17
계약명 : 수도권광역급행철도 B노선(용산~상봉) 제3-1공구 노반신설 기타공사 계약상대방 : 국가철도공단 계약기간 : 2024-06-17 ~ 2030-01-16
244,599
1,832
1,832
50,000
50,000
2024-07-31
계약명 : 부산항 신항 북컨2단계 항만배후단지 조성공사 계약상대방 : 부산항만공사 계약기간 : 2022-07-18 ~ 2034-07-17
309,181
21,766
33,588
14,603
22,512
2024-08-14
계약명 : 수도권광역급행철도A노선 민간투자시설사업 건설공사 계약상대방 : 에스지레일주식회사 계약기간 : 2019-03-20 ~ 2024-12-29
873,730
234,352
829,640
251,670
617,723
2024-08-30
계약명 : 영동양수발전소 1,2호기 토건공사 계약상대방 : 한국수력원자력㈜ 계약기간 : 2024-09-01 ~ 2030-12-31
481,774
819
819
-
-
2024-09-30
계약명 : 부천대장 A-5BL, A-6BL 및 인천검단 AA19BL 통합형 민간참여 공공주택건설사업 계약상대방 : 한국토지주택공사 계약기간 : 2024-09-30 ~ 2027-12-31
362,357
-
-
-
-
2024-10-08
계약명 : 천안 성성호수공원 공동주택 신축공사 계약상대방 : ㈜숲이랑코퍼레이션 계약기간 : 착공일로부터 37개월
583,451
-
-
-
-
2024-10-16
계약명 : 아산탕정 HUG 공공지원민간임대주택사업 신축사업 계약상대방 : 대한토지신탁㈜ 계약기간 : 2024-10-31 ~ 2027-12-31
414,246
3,750
3,750
3,107
3,107
2024-10-25
계약명 : 분당복합 현대화사업 1Block 건설공사 계약상대방 : 한국남동발전㈜ 계약기간 : 2024-11-13 ~ 2028-05-31
254,552
352
352
-
-
2024-10-28
계약명 : 호계온천 주변지구 재개발정비사업 계약상대방 : 호계온천 주변지구 재개발정비사업 조합 계약기간 : 2021-10-19 ~ 2025-02-25
342,301
166,004
315,438
45,589
259,590
2024-11-08
계약명 : 울릉공항 건설공사 계약상대방 : 국토교통부 부산지방항공청 계약기간 : 2020-07-23 ~ 2025-12-30
269,211
45,356
148,323
38,825
160,238
2024-11-08
계약명 : 북아현2 재정비촉진구역 주택재개발정비사업 계약상대방 : 북아현2 재정비촉진구역 주택재개발정비사업조합 계약기간 : 실착공일로부터 40개월
398,786
-
-
-
-
2024-12-02
계약명 : 여수 ABS 공장 재구축 투자 계약상대방 : ㈜LG화학 계약기간 : 2022-08-16 ~ 2025-07-31
460,845
225,809
439,713
151,291
433,749
2024-12-13
계약명 : 판교 제2테크노밸리 특3구역 G2-1, 2BL 신축공사 계약상대방 : ㈜우아한형제들 포함 4개사 계약기간 : 2022-06-20 ~ 2025-03-31
239,460
126,041
206,012
133,460
186,728
2024-12-13
계약명 : 시민공원주변 재정비촉진지구 촉진3구역 주택재개발정비사업 계약상대방 : 시민공원주변 재정비촉진지구 촉진3구역 주택재개발정비사업조합 계약기간 : 실착공일로부터 66개월
1,780,266
-
-
-
-
2024-12-19
계약명 : 남해 서면-여수 신덕 국도건설공사 계약상대방 : 국토교통부 부산지방국토관리청 계약기간 : 2023-07-10 ~ 2031-10-25
392,833
6,777
11,956
11,956
19,185
2024-12-20
계약명 : 고속국도 제29호선 세종~안성간 건설공사(제4공구) 계약상대방 : 한국도로공사 계약기간 : 2019-12-27 ~ 2026-12-31
230,497
53,032
109,534
56,670
117,387
2024-12-20
계약명 : Gas Chemical Complex for Polymerization of ethylene into polyethylene and linear alpha-olefin production 계약상대방 : China National Chemical Engineering & Construction Corporation Seven, Ltd. 계약기간 : 2021-12-29 ~ 2025-02-18
326,803
182,359
267,512
27,533
244,847
2024-12-26
계약명 : 시흥대야3 영남아파트 재건축정비사업 계약상대방 : 시흥대야3 영남아파트 재건축정비사업조합 계약기간 : 2023-08-16 ~ 2026-04-15
249,065
56,648
71,864
47,776
95,451
2024-12-27
계약명 : GTG(Gas Turbine Generator) Project 계약상대방 : S-OIL 계약기간 : 2024-12-27 ~ 2027-04-30
236,700
-
-
-
-
2) 대금 미수령 사유 및 계획
신고일자
계약내역
대금 미수령 사유 및 계획
2022-01-03
계약명 : 도화1구역주택재개발정비사업 계약상대방 : 도화1구역 주택재개발정비사업조합 계약기간 : 착공일로부터 36개월
- 주택 재개발/재건축 사업으로 현재 착공 전 인허가 진행 단계이며, 실착공 후부터 대금 수령 예정
2022-07-07
계약명 : 무지개아파트 일대 재건축정비사업 계약상대방 : 무지개아파트 일대 재건축정비사업조합 계약기간 : 실착공일로 부터 39개월
- 주택 재개발/재건축 사업으로 현재 착공 전 인허가 진행 단계이며, 실착공 후부터 대금 수령 예정
2023-04-28
계약명 : 강북5구역 공공재개발사업 계약상대방 : 서울주택도시공사 계약기간 : 착공일로부터 55개월
- 주택 재개발/재건축 사업으로 현재 착공 전 인허가 진행 단계이며, 실착공 후부터 대금 수령 예정
2023-07-18
계약명 : 서초 신동아아파트 주택재건축정비사업 계약상대방 : 서초 신동아아파트 주택재건축정비사업 조합 계약기간 : 실착공일로부터 40개월
- '24년중 착공하였으며, 공사 진행에 따라 '25년부터 대금 수령 예정
2023-11-22
계약명 : 능곡5구역 주택재개발정비사업 계약상대방 : 능곡5구역 주택재개발정비사업조합 계약기간 : 실착공일로부터 38개월
- 주택 재개발/재건축 사업으로 현재 착공 전 인허가 진행 단계이며, 실착공 후부터 대금 수령 예정
2024-03-04
계약명 : 삼성4구역 재개발정비사업 계약상대방 : 삼성4구역 재개발정비사업조합 계약기간 : 실착공일로부터 37개월
- 주택 재개발/재건축 사업으로 현재 착공 전 인허가 진행 단계이며, 실착공 후부터 대금 수령 예정
2024-06-11
계약명 : 효제동 오피스 개발사업 계약상대방 : 효제피에프브이 주식회사 계약기간 : 2024-05-30 ~ 2027-06-30
- '24년중 착공하였으며, 공사 진행에 따라 '25년부터 대금 수령 예정
2024-08-30
계약명 : 영동양수발전소 1,2호기 토건공사 계약상대방 : 한국수력원자력㈜ 계약기간 : 2024-09-01 ~ 2030-12-31
- '24년중 착공하였으며, 공사 진행에 따라 '25년부터 대금 수령 예정
2024-09-30
계약명 : 부천대장 A-5BL, A-6BL 및 인천검단 AA19BL 통합형 민간참여 공공주택건설사업 계약상대방 : 한국토지주택공사 계약기간 : 2024-09-30 ~ 2027-12-31
- '25년중 착공 예정이며, 공사 진행에 따라 대금 수령 예정
2024-10-08
계약명 : 천안 성성호수공원 공동주택 신축공사 계약상대방 : ㈜숲이랑코퍼레이션 계약기간 : 착공일로부터 37개월
- '25년중 착공 예정이며, 공사 진행에 따라 대금 수령 예정
2024-10-25
계약명 : 분당복합 현대화사업 1Block 건설공사 계약상대방 : 한국남동발전㈜ 계약기간 : 2024-11-13 ~ 2028-05-31
- '24년중 착공하였으며, 공사 진행에 따라 '25년부터 대금 수령 예정
2024-11-08
계약명 : 북아현2 재정비촉진구역 주택재개발정비사업 계약상대방 : 북아현2 재정비촉진구역 주택재개발정비사업조합 계약기간 : 실착공일로부터 40개월
- 주택 재개발/재건축 사업으로 현재 착공 전 인허가 진행 단계이며, 실착공 후부터 대금 수령 예정
2024-12-13
계약명 : 시민공원주변 재정비촉진지구 촉진3구역 주택재개발정비사업 계약상대방 : 시민공원주변 재정비촉진지구 촉진3구역 주택재개발정비사업조합 계약기간 : 실착공일로부터 66개월
- 주택 재개발/재건축 사업으로 현재 착공 전 인허가 진행 단계이며, 실착공 후부터 대금 수령 예정
2024-12-27
계약명 : GTG(Gas Turbine Generator) Project 계약상대방 : S-OIL 계약기간 : 2024-12-27 ~ 2027-04-30
- '24년중 착공하였으며, 공사 진행에 따라 '25년부터 대금 수령 예정"	"나. 단일판매ㆍ공급계약체결 공시 진행상황
1) 계약 진행상황
(단위 : 백만원)
신고일자
계약내역
계약금액
총액
판매ㆍ공급금액
대금수령금액
당기
누적
당기
누적
2022-01-03
계약명 : 도화1구역주택재개발정비사업 계약상대방 : 도화1구역 주택재개발정비사업조합 계약기간 : 착공일로부터 36개월
417,720
-
-
-
-
2022-06-29
계약명 : 서울특별시 영등포구 여의도동 25-11 복합시설 신축공사 계약상대방 : 원트웬티파이브피에프브이 주식회사 계약기간 : 실착공일로부터 50개월
231,765
47,173
76,856
48,620
81,985
2022-07-07
계약명 : 무지개아파트 일대 재건축정비사업 계약상대방 : 무지개아파트 일대 재건축정비사업조합 계약기간 : 실착공일로 부터 39개월
244,424
-
-
-
-
2022-09-05
계약명 : 평택 장당 2블럭 복합시설 신축공사 계약상대방 : 주식회사 베스트원골드 계약기간 : 실착공일로부터 42개월
330,000
79,375
118,483
93,324
133,155
2023-02-15
계약명 : 홍실아파트 주택재건축정비사업 계약상대방 : 홍실아파트 주택재건축정비사업조합 계약기간 : 2021-10-29 ~ 2025-01-29
192,726
110,130
195,980
43,696
192,787
2023-03-08
계약명 : 샤힌 프로젝트(SHAHEEN Project) 공사 PKG1 계약상대방 : S-OIL 계약기간 : 착공일로부터 42개월
1,412,084
362,802
529,946
489,631
798,705
2023-04-28
계약명 : 강북5구역 공공재개발사업 계약상대방 : 서울주택도시공사 계약기간 : 착공일로부터 55개월
315,138
-
-
-
-
2023-07-18
계약명 : 서초 신동아아파트 주택재건축정비사업 계약상대방 : 서초 신동아아파트 주택재건축정비사업 조합 계약기간 : 실착공일로부터 40개월
523,817
25,033
25,033
-
-
2023-09-26
계약명 : 가산디씨제이브이 데이터센터 신축공사 계약상대방 : 가산디씨제이브이 주식회사 계약기간 : 2023-06-09 ~ 2025-09-08
199,100
121,047
140,812
133,698
157,039
2023-10-23
계약명 : 티더블유바이오매스에너지 열병합 발전소 건설공사 계약상대방 : 티더블유바이오매스에너지 주식회사 계약기간 : 2023-10-20 ~ 2026-11-30
242,550
48,266
54,165
80,817
80,817
2023-11-01
계약명 : 여수신기주공지역주택조합 신축사업 계약상대방 : 신기주공지역주택조합 계약기간 : 실착공일로부터 37개월
338,000
35,082
35,082
39,244
39,244
2023-11-22
계약명 : 능곡5구역 주택재개발정비사업 계약상대방 : 능곡5구역 주택재개발정비사업조합 계약기간 : 실착공일로부터 38개월
58,652
-
-
-
-
2023-12-07
계약명 : 부천열병합발전소 현대화사업 건설공사 계약상대방 : 지에스파워주식회사 계약기간 : 2023-12-06 ~ 2029-10-31
432,300
46,895
47,064
20,517
63,747
2023-12-13
계약명 : 광진구 한강호텔 부지 공동주택 개발사업 신축공사 계약상대방 : 주식회사 엠디엠플러스 계약기간 : 2021-12-15 ~ 2025-08-14
192,568
54,453
101,663
86,703
126,338
2023-12-20
계약명 : 세종-포천 고속도로 안성~구리 건설공사(제11공구) 계약상대방 : 한국도로공사 계약기간 : 2017-04-25 ~ 2024-12-18
274,658
16,450
240,893
15,134
275,425
2023-12-21
계약명 : 고속국도 제29호선 안성~성남간 건설공사(제9공구) 계약상대방 : 한국도로공사 계약기간 : 2017-12-27 ~ 2024-12-18
203,781
18,661
170,054
17,732
191,190
2024-03-04
계약명 : 삼성4구역 재개발정비사업 계약상대방 : 삼성4구역 재개발정비사업조합 계약기간 : 실착공일로부터 37개월
403,778
-
-
-
-
2024-03-28
계약명 : 방배삼익아파트 주택재건축정비사업 계약상대방 : 방배삼익아파트 주택재건축정비사업조합 계약기간 : 실착공일로부터 41개월
321,740
67,454
67,454
40,835
40,835
2024-03-29
계약명 : 대명2동 명덕지구 주택재개발정비사업 계약상대방 : 대명2동 명덕지구 주택재개발정비사업조합 계약기간 : 2022-08-05 ~ 2025-12-05
269,438
108,186
161,886
127,422
191,092
2024-06-11
계약명 : 효제동 오피스 개발사업 계약상대방 : 효제피에프브이 주식회사 계약기간 : 2024-05-30 ~ 2027-06-30
183,367
16,860
16,860
-
-
2024-06-17
계약명 : 수도권광역급행철도 B노선(용산~상봉) 제3-1공구 노반신설 기타공사 계약상대방 : 국가철도공단 계약기간 : 2024-06-17 ~ 2030-01-16
244,599
1,832
1,832
50,000
50,000
2024-07-31
계약명 : 부산항 신항 북컨2단계 항만배후단지 조성공사 계약상대방 : 부산항만공사 계약기간 : 2022-07-18 ~ 2034-07-17
309,181
21,766
33,588
14,603
22,512
2024-08-14
계약명 : 수도권광역급행철도A노선 민간투자시설사업 건설공사 계약상대방 : 에스지레일주식회사 계약기간 : 2019-03-20 ~ 2024-12-29
873,730
234,352
829,640
251,670
617,723
2024-08-30
계약명 : 영동양수발전소 1,2호기 토건공사 계약상대방 : 한국수력원자력(주) 계약기간 : 2024-09-01 ~ 2030-12-31
481,774
819
819
-
-
2024-09-30
계약명 : 부천대장 A-5BL, A-6BL 및 인천검단 AA19BL 통합형 민간참여 공공주택건설사업 계약상대방 : 한국토지주택공사 계약기간 : 2024-09-30 ~ 2027-12-31
362,357
-
-
-
-
2024-10-08
계약명 : 천안 성성호수공원 공동주택 신축공사 계약상대방 : (주)숲이랑코퍼레이션 계약기간 : 착공일로부터 37개월
583,451
-
-
-
-
2024-10-16
계약명 : 아산탕정 HUG 공공지원민간임대주택사업 신축사업 계약상대방 : 대한토지신탁(주) 계약기간 : 2024-10-31 ~ 2027-12-31
414,246
3,750
3,750
3,107
3,107
2024-10-25
계약명 : 분당복합 현대화사업 1Block 건설공사 계약상대방 : 한국남동발전(주) 계약기간 : 2024-11-13 ~ 2028-05-31
254,552
352
352
-
-
2024-10-28
계약명 : 호계온천 주변지구 재개발정비사업 계약상대방 : 호계온천 주변지구 재개발정비사업 조합 계약기간 : 2021-10-19 ~ 2025-02-25
342,301
166,004
315,438
45,589
259,590
2024-11-08
계약명 : 울릉공항 건설공사 계약상대방 : 국토교통부 부산지방항공청 계약기간 : 2020-07-23 ~ 2025-12-30
269,211
45,356
148,323
38,825
160,238
2024-11-08
계약명 : 북아현2 재정비촉진구역 주택재개발정비사업 계약상대방 : 북아현2 재정비촉진구역 주택재개발정비사업조합 계약기간 : 실착공일로부터 40개월
398,786
-
-
-
-
2024-12-02
계약명 : 여수 ABS 공장 재구축 투자 계약상대방 : (주)LG화학 계약기간 : 2022-08-16 ~ 2025-07-31 계약금, 선급금 유무 : 유 대금지급 조건 등 : - 계약금(5%) : 계약 체결 후 청구일 30일 이내 - 중도금(85%) : 월별 지급 - 잔금(10%) : 기계적 준공 및 인허가 완료 후
460,845
225,809
439,713
151,291
433,749
2024-12-13
계약명 : 판교 제2테크노밸리 특3구역 G2-1, 2BL 신축공사 계약상대방 : ㈜우아한형제들 포함 4개사 계약기간 : 2022-06-20 ~ 2025-03-31 계약금, 선급금 유무 : 무 대금지급 조건 등 : 매 2개월마다 청구 후 지급
239,460
126,041
206,012
133,460
186,728
2024-12-13
계약명 : 시민공원주변 재정비촉진지구 촉진3구역 주택재개발정비사업 계약상대방 : 시민공원주변 재정비촉진지구 촉진3구역 주택재개발정비사업조합 계약기간 : 실착공일로부터 66개월 계약금, 선급금 유무 : 무 대금지급 조건 등 : 분양불(분양 등 수입금으로 지급)
1,780,266
-
-
-
-
2024-12-19
계약명 : 남해 서면-여수 신덕 국도건설공사 계약상대방 : 국토교통부 부산지방국토관리청 계약기간 : 2023-07-10 ~ 2031-10-25 계약금, 선급금 유무 : 유 대금지급 조건 등 : 공사 진행에 따라 청구 및 지급
392,833
6,777
11,956
11,956
19,185
2024-12-20
계약명 : 고속국도 제29호선 세종~안성간 건설공사(제4공구) 계약상대방 : 한국도로공사 계약기간 : 2019-12-27 ~ 2026-12-31 계약금, 선급금 유무 : 유 대금지급 조건 등 : 공사 진행에 따라 청구 및 지급
230,497
53,032
109,534
56,670
117,387
2024-12-20
계약명 : Gas Chemical Complex for Polymerization of ethylene into polyethylene and linear alpha-olefin production 계약상대방 : China National Chemical Engineering & Construction Corporation Seven, Ltd. 계약기간 : 2021-12-29 ~ 2025-02-18 계약금, 선급금 유무 : 유 대금지급 조건 등 : 공사 진행에 따라 청구 및 지급
326,803
182,359
267,512
27,533
244,847
2024-12-26
계약명 : 시흥대야3 영남아파트 재건축정비사업 계약상대방 : 시흥대야3 영남아파트 재건축정비사업조합 계약기간 : 2023-08-16 ~ 2026-04-15 계약금, 선급금 유무 : 무 대금지급 조건 등 : 분양불(분양 등 수입금으로 지급)
249,065
56,648
71,864
47,776
95,451
2024-12-27
계약명 : GTG(Gas Turbine Generator) Project 계약상대방 : S-OIL 계약기간 : 2024-12-27 ~ 2027-04-30 계약금, 선급금 유무 : 유 대금지급 조건 등 : 선급금 : 청구서 수령 후 15일 이내 지급 / 중도금 : 공사 진행에 따라 매월 지급 / 잔금 : 기계적 준공 후 지급
236,700
-
-
-
-
2) 대금 미수령 사유
신고일자
계약명
계약금액총액
대금 미수령 사유
2022-01-03
도화1구역주택재개발정비사업
417,720
- 주택 재개발/재건축 사업으로 현재 착공 전 인허가 진행 단계
2022-07-07
무지개아파트 일대 재건축정비사업
244,424
- 주택 재개발/재건축 사업으로 현재 착공 전 인허가 진행 단계
2023-04-28
강북5구역 공공재개발사업
315,138
- 주택 재개발/재건축 사업으로 현재 착공 전 인허가 진행 단계
2023-07-18
서초 신동아아파트 주택재건축정비사업
523,817
- 공사 초기. '25년부터 대금 수령 예정
2023-11-22
능곡5구역 주택재개발정비사업
58,652
- 주택 재개발/재건축 사업으로 현재 착공 전 인허가 진행 단계
2024-03-04
삼성4구역 재개발정비사업
403,778
- 주택 재개발/재건축 사업으로 현재 착공 전 인허가 진행 단계
2024-06-11
효제동 오피스 개발사업
183,367
- 공사 초기. '25년부터 대금 수령 예정
2024-08-30
영동양수발전소 1,2호기 토건공사
481,774
- 공사 초기. '25년부터 대금 수령 예정
2024-09-30
부천대장 A-5BL, A-6BL 및 인천검단 AA19BL 통합형 민간참여 공공주택건설사업
362,357
- '25년중 착공 예정이며, 공사 진행에 따라 대금 수령 예정
2024-10-08
천안 성성호수공원 공동주택 신축공사
583,451
- '25년중 착공 예정이며, 공사 진행에 따라 대금 수령 예정
2024-10-25
분당복합 현대화사업 1Block 건설공사
254,552
- 공사 초기. '25년부터 대금 수령 예정
2024-11-08
북아현2 재정비촉진구역 주택재개발정비사업
398,786
- 주택 재개발/재건축 사업으로 현재 착공 전 인허가 진행 단계
2024-12-13
시민공원주변 재정비촉진지구 촉진3구역 주택재개발정비사업
1,780,266
- 주택 재개발/재건축 사업으로 현재 착공 전 인허가 진행 단계
2024-12-27
GTG(Gas Turbine Generator) Project
236,700
- 공사 초기. '25년부터 대금 수령 예정
3) 향후 추진계획
신고일자
계약명
계약금액
총액
향후 추진계획
변동 가능성
판매ㆍ공급 이행
대금수령
2022-01-03
도화1구역주택재개발정비사업
417,720
도시정비 인허가 진행 후 착공 예정
실착공 후부터 대금 수령 예정
도시정비 인허가 진행 상황에 따라 사업 일정 변동 가능
2022-06-29
서울특별시 영등포구 여의도동 25-11 복합시설 신축공사
231,765
일정에 따라 공사 이행
공사 진행에 따라 대금수령
공사 진행여건에 따라 일정 변동 가능
2022-07-07
무지개아파트 일대 재건축정비사업
244,424
도시정비 인허가 진행 후 착공 예정
실착공 후부터 대금 수령 예정
도시정비 인허가 진행 상황에 따라 사업 일정 변동 가능
2022-09-05
평택 장당 2블럭 복합시설 신축공사
330,000
일정에 따라 공사 이행
공사 진행에 따라 대금수령
공사 진행여건에 따라 일정 변동 가능
2023-02-15
홍실아파트 주택재건축정비사업
192,726
일정에 따라 공사 이행
공사 진행에 따라 대금수령
공사 진행여건에 따라 일정 변동 가능
2023-03-08
샤힌 프로젝트(SHAHEEN Project) 공사 PKG1
1,412,084
일정에 따라 공사 이행
공사 진행에 따라 대금수령
공사 진행여건에 따라 일정 변동 가능
2023-04-28
강북5구역 공공재개발사업
315,138
도시정비 인허가 진행 후 착공 예정
실착공 후부터 대금 수령 예정
도시정비 인허가 진행 상황에 따라 사업 일정 변동 가능
2023-07-18
서초 신동아아파트 주택재건축정비사업
523,817
일정에 따라 공사 이행
'25년부터 대금 수령 예정
공사 진행여건에 따라 일정 변동 가능
2023-09-26
가산디씨제이브이 데이터센터 신축공사
199,100
일정에 따라 공사 이행
공사 진행에 따라 대금수령
공사 진행여건에 따라 일정 변동 가능
2023-10-23
티더블유바이오매스에너지 열병합 발전소 건설공사
242,550
일정에 따라 공사 이행
공사 진행에 따라 대금수령
공사 진행여건에 따라 일정 변동 가능
2023-11-01
여수신기주공지역주택조합 신축사업
338,000
일정에 따라 공사 이행
공사 진행에 따라 대금수령
공사 진행여건에 따라 일정 변동 가능
2023-11-22
능곡5구역 주택재개발정비사업
58,652
도시정비 인허가 진행 후 착공 예정
실착공 후부터 대금 수령 예정
도시정비 인허가 진행 상황에 따라 사업 일정 변동 가능
2023-12-07
부천열병합발전소 현대화사업 건설공사
432,300
일정에 따라 공사 이행
공사 진행에 따라 대금수령
공사 진행여건에 따라 일정 변동 가능
2023-12-13
광진구 한강호텔 부지 공동주택 개발사업 신축공사
192,568
일정에 따라 공사 이행
공사 진행에 따라 대금수령
공사 진행여건에 따라 일정 변동 가능
2023-12-20
세종-포천 고속도로 안성~구리 건설공사(제11공구)
274,658
일정에 따라 공사 이행
공사 진행에 따라 대금수령
공사 진행여건에 따라 일정 변동 가능
2023-12-21
고속국도 제29호선 안성~성남간 건설공사(제9공구)
203,781
일정에 따라 공사 이행
공사 진행에 따라 대금수령
공사 진행여건에 따라 일정 변동 가능
2024-03-04
삼성4구역 재개발정비사업
403,778
도시정비 인허가 진행 후 착공 예정
실착공 후부터 대금 수령 예정
도시정비 인허가 진행 상황에 따라 사업 일정 변동 가능
2024-03-28
방배삼익아파트 주택재건축정비사업
321,740
일정에 따라 공사 이행
공사 진행에 따라 대금수령
공사 진행여건에 따라 일정 변동 가능
2024-03-29
대명2동 명덕지구 주택재개발정비사업
269,438
일정에 따라 공사 이행
공사 진행에 따라 대금수령
공사 진행여건에 따라 일정 변동 가능
2024-06-11
효제동 오피스 개발사업
183,367
일정에 따라 공사 이행
'25년부터 대금 수령 예정
공사 진행여건에 따라 일정 변동 가능
2024-06-17
수도권광역급행철도 B노선(용산~상봉) 제3-1공구 노반신설 기타공사
244,599
일정에 따라 공사 이행
공사 진행에 따라 대금수령
공사 진행여건에 따라 일정 변동 가능
2024-07-31
부산항 신항 북컨2단계 항만배후단지 조성공사
309,181
일정에 따라 공사 이행
공사 진행에 따라 대금수령
공사 진행여건에 따라 일정 변동 가능
2024-08-14
수도권광역급행철도A노선 민간투자시설사업 건설공사
873,730
일정에 따라 공사 이행
공사 진행에 따라 대금수령
공사 진행여건에 따라 일정 변동 가능
2024-08-30
영동양수발전소 1,2호기 토건공사
481,774
일정에 따라 공사 이행
'25년부터 대금 수령 예정
공사 진행여건에 따라 일정 변동 가능
2024-09-30
부천대장 A-5BL, A-6BL 및 인천검단 AA19BL 통합형 민간참여 공공주택건설사업
362,357
일정에 따라 공사 이행
'25년부터 대금 수령 예정
공사 진행여건에 따라 일정 변동 가능
2024-10-08
천안 성성호수공원 공동주택 신축공사
583,451
일정에 따라 공사 이행
'25년부터 대금 수령 예정
공사 진행여건에 따라 일정 변동 가능
2024-10-16
아산탕정 HUG 공공지원민간임대주택사업 신축사업
414,246
일정에 따라 공사 이행
공사 진행에 따라 대금수령
공사 진행여건에 따라 일정 변동 가능
2024-10-25
분당복합 현대화사업 1Block 건설공사
254,552
일정에 따라 공사 이행
'25년부터 대금 수령 예정
공사 진행여건에 따라 일정 변동 가능
2024-10-28
호계온천 주변지구 재개발정비사업
342,301
일정에 따라 공사 이행
공사 진행에 따라 대금수령
공사 진행여건에 따라 일정 변동 가능
2024-11-08
울릉공항 건설공사
269,211
일정에 따라 공사 이행
공사 진행에 따라 대금수령
공사 진행여건에 따라 일정 변동 가능
2024-11-08
북아현2 재정비촉진구역 주택재개발정비사업
398,786
도시정비 인허가 진행 후 착공 예정
실착공 후부터 대금 수령 예정
도시정비 인허가 진행 상황에 따라 사업 일정 변동 가능
2024-12-02
여수 ABS 공장 재구축 투자
460,845
일정에 따라 공사 이행
공사 진행에 따라 대금수령
공사 진행여건에 따라 일정 변동 가능
2024-12-13
판교 제2테크노밸리 특3구역 G2-1, 2BL 신축공사
239,460
일정에 따라 공사 이행
공사 진행에 따라 대금수령
공사 진행여건에 따라 일정 변동 가능
2024-12-13
시민공원주변 재정비촉진지구 촉진3구역 주택재개발정비사업
1,780,266
도시정비 인허가 진행 후 착공 예정
실착공 후부터 대금 수령 예정
도시정비 인허가 진행 상황에 따라 사업 일정 변동 가능
2024-12-19
남해 서면-여수 신덕 국도건설공사
392,833
일정에 따라 공사 이행
공사 진행에 따라 대금수령
공사 진행여건에 따라 일정 변동 가능
2024-12-20
고속국도 제29호선 세종~안성간 건설공사(제4공구)
230,497
일정에 따라 공사 이행
공사 진행에 따라 대금수령
공사 진행여건에 따라 일정 변동 가능
2024-12-20
Gas Chemical Complex for Polymerization of ethylene into polyethylene and linear alpha-olefin production
326,803
일정에 따라 공사 이행
공사 진행에 따라 대금수령
공사 진행여건에 따라 일정 변동 가능
2024-12-26
시흥대야3 영남아파트 재건축정비사업
249,065
일정에 따라 공사 이행
공사 진행에 따라 대금수령
공사 진행여건에 따라 일정 변동 가능
2024-12-27
GTG(Gas Turbine Generator) Project
236,700
일정에 따라 공사 이행
'25년부터 대금 수령 예정
공사 진행여건에 따라 일정 변동 가능"	ok_sub
20250814001964	TS트릴리온	예	VI. 3. 라. 경영권경쟁 사. 주주총회 의사록 요약	금융감독원 점검항목 기재	20250602000416	라. 경영권 경쟁당사는 공시서류 제출일 현재 회사의 경영지배권에 관하여 경쟁이 있습니다.	"라. 경영권 경쟁
경영권 경쟁 당사자
경영권 경쟁 진행 내용
경영권경쟁 주요목적
진행경과 및 그결과
회사가 취한 조치
장기영
임시주주총회소집허가(2024.02.26)
1. 임시주주총회 목적사항"	ok_sub
20250814001951	이니텍	예	I. 4. 나. 자기주식 현황 (3) 보유현황·보유 목적·취득 계획	미흡기재	20250321000486	"나. 자기주식 현황
(1) 자기주식 취득 및 처분 현황
(기준일 :
2024년 12월 31일
)
(단위 : 주)
취득방법
주식의 종류
기초수량
변동 수량
기말수량
비고
취득(+)
처분(-)
소각(-)
배당가능이익범위이내취득
직접취득
장내 직접 취득
보통주
399,280
-
-
-
399,280
-
종류주식
-
-
-
-
-
-
장외직접 취득
보통주
-
-
-
-
-
-
종류주식
-
-
-
-
-
-
공개매수
보통주
-
-
-
-
-
-
종류주식
-
-
-
-
-
-
소계(a)
보통주
399,280
-
-
-
399,280
-
종류주식
-
-
-
-
-
-
신탁계약에 의한취득
수탁자 보유물량
보통주
128,165
878,000
1,006,165
-
-
-
종류주식
-
-
-
-
-
-
현물보유물량
보통주
1,614,342
1,006,165
-
-
2,620,507
-
종류주식
-
-
-
-
-
-
소계(b)
보통주
1,742,507
1,884,165
1,006,165
-
2,620,507
-
종류주식
-
-
-
-
-
-
기타 취득(c)
보통주
-
-
-
-
-
-
종류주식
-
-
-
-
-
-
총 계(a+b+c)
보통주
2,141,787
1,884,165
1,006,165
-
3,019,787
-
종류주식
-
-
-
-
-
-
(2) 자기주식 신탁계약 체결ㆍ해지 이행현황
(기준일 :
2024년 12월 31일
)
(단위 : 원, %, 회)
구 분
계약기간
계약금액(A)
취득금액(B)
이행률(B/A)
매매방향 변경
결과보고일
시작일
종료일
횟수
일자
신탁 해지
2023.08.10
2024.08.09
3,500,000,000
3,555,400,625
101.58
-
-
2024.08.14
(3) 자기주식 보유현황 (가) 보유현황
(단위 : 주)
취득방법
취득(계약체결)결정 공시일자
주식종류
취득기간
취득목적
최초보유예상기간
최초취득수량
변동 수량
기말수량
비고
처분(-)
소각(-)
배당가능이익범위이내취득
직접취득
2002.07.22
보통주
2002.07.30~ 2002.10.17
주가안정 및 주식매수선택권 행사에 대비한자기주식 확보
-
800,000
800,000
-
0
- 취득 관련공시 :
2002.07.22 자기주식취득결정
2002.10.22 자기주식취득결과
2004.07.28
보통주
2004.08.04~2004.10.26
주가안정을 통한 주주권익 보호
-
800,000
413,370
-
386,630
- 취득 관련공시 :
2004.07.28 자기주식취득결정
2004.10.29 자기주식취득결과
2008.04.25
보통주
2008.05.23
주식매수청구에 의한 취득
3년
12,650
-
-
12,650
- 취득 관련공시 :
2008.04.25 영업 양수·도신고서
2008.04.25 영업 양수·도 종료보고서
신탁계약에의한 취득
2022.01.24
보통주
2022.01.25~ 2022.07.25
주가 안정 및 주주가치 제고
-
801,944
-
-
801,944
- 취득 관련공시 :
2022.01.24 주요사항보고서(자기주식취득신탁계약체결결정)
2022.07.25 신탁계약해지결과보고서
2022.10.28
보통주
2022.10.31~ 2023.05.02
주가 안정 및 주주가치 제고
-
812,398
-
-
812,398
- 취득 관련공시 :
2022.10.28 주요사항보고서(자기주식취득신탁계약체결결정)
2023.05.04 신탁계약해지결과보고서
2023.08.09
보통주
2023.08.10~ 2024.08.09
주가 안정 및 주주가치 제고
-
1,006,165
-
-
1,006,165
- 취득 관련공시 :
2023.08.09 주요사항보고서(자기주식취득신탁계약체결결정)
2024.08.14 신탁계약해지결과보고서
기타 취득
-
-
-
-
-
-
-
-
-
-
-
-
-
-
-
-
-
-
-
-
총계
4,233,157
1,213,370
-
3,019,787
-
※ 상기 자기주식 처분 1,213,370주는 2006년~2007년 주식매수선택권 행사 및 유동성 확대를 위한 장내매도 등에 의해 처분되었으며, 선입선출에 따라 작성되었습니다.
(나) 자기주식 보유 목적당사의 자기주식 취득은 주가안정 및 주주가치 제고를 목적으로 이루어졌습니다.(다) 자기주식 취득 계획
사업보고서 제출일 현재 자본시장법 시행령 제176조의2 제6항에 따른 이사회 승인을 받은 자기주식보고서상 자기주식의 취득계획은 없습니다.
(라) 자기주식 처분계획
사업보고서 제출일 현재 자본시장법 시행령 제176조의2 제6항에 따른 이사회 승인을 받은 자기주식보고서상 자기주식의 처분계획은 없습니다.
(마) 자기주식 소각계획
사업보고서 제출일 현재 자본시장법 시행령 제176조의2 제6항에 따른 이사회 승인을 받은 자기주식보고서상 자기주식의 소각계획은 없습니다. 추후 경영환경 변화로 자기주식 처분 등 변경사항 발생시 이사회 승인을 통해 처리할 예정입니다"	"나. 자기주식 현황
(1) 자기주식 취득 및 처분 현황
(기준일 :
2024년 12월 31일
)
(단위 : 주)
취득방법
주식의 종류
기초수량
변동 수량
기말수량
비고
취득(+)
처분(-)
소각(-)
배당가능이익범위이내취득
직접취득
장내 직접 취득
보통주
399,280
-
-
-
399,280
-
종류주식
-
-
-
-
-
-
장외직접 취득
보통주
-
-
-
-
-
-
종류주식
-
-
-
-
-
-
공개매수
보통주
-
-
-
-
-
-
종류주식
-
-
-
-
-
-
소계(a)
보통주
399,280
-
-
-
399,280
-
종류주식
-
-
-
-
-
-
신탁계약에 의한취득
수탁자 보유물량
보통주
128,165
878,000
1,006,165
-
-
-
종류주식
-
-
-
-
-
-
현물보유물량
보통주
1,614,342
1,006,165
-
-
2,620,507
-
종류주식
-
-
-
-
-
-
소계(b)
보통주
1,742,507
1,884,165
1,006,165
-
2,620,507
-
종류주식
-
-
-
-
-
-
기타 취득(c)
보통주
-
-
-
-
-
-
종류주식
-
-
-
-
-
-
총 계(a+b+c)
보통주
2,141,787
1,884,165
1,006,165
-
3,019,787
-
종류주식
-
-
-
-
-
-
(2) 자기주식 신탁계약 체결ㆍ해지 이행현황
(기준일 :
2024년 12월 31일
)
(단위 : 원, %, 회)
구 분
계약기간
계약금액(A)
취득금액(B)
이행률(B/A)
매매방향 변경
결과보고일
시작일
종료일
횟수
일자
신탁 해지
2023.08.10
2024.08.09
3,500,000,000
3,555,400,625
101.58
-
-
2024.08.14
(3) 자기주식 보유현황 (가) 보유현황
(단위 : 주)
취득방법
취득(계약체결)결정 공시일자
주식종류
취득기간
취득목적
최초보유예상기간
최초취득수량
변동 수량
기말수량
비고
처분(-)
소각(-)
배당가능이익범위이내취득
직접취득
2002.07.22
보통주
2002.07.30~ 2002.10.17
주가안정 및 주식매수선택권 행사에 대비한자기주식 확보
-
800,000
800,000
-
0
- 취득 관련공시 :
2002.07.22 자기주식취득결정
2002.10.22 자기주식취득결과
2004.07.28
보통주
2004.08.04~2004.10.26
주가안정을 통한 주주권익 보호
-
800,000
413,370
-
386,630
- 취득 관련공시 :
2004.07.28 자기주식취득결정
2004.10.29 자기주식취득결과
2008.04.25
보통주
2008.05.23
주식매수청구에 의한 취득
3년
12,650
-
-
12,650
- 취득 관련공시 :
2008.04.25 영업 양수·도신고서
2008.04.25 영업 양수·도 종료보고서
신탁계약에의한 취득
2022.01.24
보통주
2022.01.25~ 2022.07.25
주가 안정 및 주주가치 제고
-
801,944
-
-
801,944
- 취득 관련공시 :
2022.01.24 주요사항보고서(자기주식취득신탁계약체결결정)
2022.07.25 신탁계약해지결과보고서
2022.10.28
보통주
2022.10.31~ 2023.05.02
주가 안정 및 주주가치 제고
-
812,398
-
-
812,398
- 취득 관련공시 :
2022.10.28 주요사항보고서(자기주식취득신탁계약체결결정)
2023.05.04 신탁계약해지결과보고서
2023.08.09
보통주
2023.08.10~ 2024.08.09
주가 안정 및 주주가치 제고
-
1,006,165
-
-
1,006,165
- 취득 관련공시 :
2023.08.09 주요사항보고서(자기주식취득신탁계약체결결정)
2024.08.14 신탁계약해지결과보고서
기타 취득
-
-
-
-
-
-
-
-
-
-
-
-
-
-
-
-
-
-
-
-
총계
4,233,157
1,213,370
-
3,019,787
-
※ 상기 자기주식 처분 1,213,370주는 2006년~2007년 주식매수선택권 행사 및 유동성 확대를 위한 장내매도 등에 의해 처분되었으며, 선입선출에 따라 작성되었습니다.
(나) 자기주식 보유 목적당사는 주가 안정 및 주주가치 제고를 위하여 자기주식 취득 후, 해당 목적 유지를 위하여 보유 중입니다.(다) 자기주식 취득 계획당사는 주가 안정 및 주주가치 제고를 위한 목적으로 2022년부터 2024년까지 자기주식을 취득하였으며, 보고서 제출일 현재 주가 및 시장상황을 고려하였을 때 추가 취득 계획은 없습니다. 향후 시장상황의 변동에 따라 자기주식 취득 필요성이 발생할 경우 경영실적 및 현금흐름 등을 종합적으로 검토하여 이사회의 승인을 통해 결정할 예정입니다.
(라) 자기주식 처분계획
자기주식은 경영상의 필요 등으로 처분을 통해 임직원 보상이나 유동성 확보가 필요한 경우 현금을 확보할 재원으로 활용할 수 있습니다. 보고서 제출일 현재 이러한 목적을 위한 처분 계획은 없으나, 향후 처분이 필요하게 될 경우 이사회의 승인을 통해 결정할 예정입니다.
(마) 자기주식 소각계획
자기주식의 소각은 대내외 경영환경 및 시장상황을 종합적으로 고려하여 중장기적인 검토가 필요하기에 보고서 제출일 현재 소각과 관련된 계획은 없으나, 향후 회사의 지속 가능한 성장과 주주가치 제고를 고려하여 검토한 후 이사회의 승인을 통해 결정할 예정입니다.추후 경영환경 변화로 자기주식 처분 등 변경사항 발생시 이사회 승인을 통해 처리할 예정입니다"	ok_sub
20250814001902	아이씨디	예	XI. 1. 공시내용 진행 및 변경사항	공시내용 진행 및 변경사항 미기재에 따른 정정	20250320001746	"1. 공시내용 진행 및 변경사항
※ 해당사항 없습니다."	"1. 공시내용 진행 및 변경사항
신고일자
계약내역
계약금액총액
판매공급금액
대금수령금액
신고사항의 진행사항
당기
누적
당기
누적
2023.10.17
1. 계약명 : FPD제조장비2. 계약상대방 :BOE CHUANGYUAN Technology Co.,Ltd3. 계약기간 : 2023.10.12~2025.05.01
USD 6,456,532
USD 3,954,543
USD 3,954,543
USD 4,810,083
USD 4,810,083
- 고객사 계획에 따른 납품 진행 중 - 대금 지급조건에 따른 수령 진행 중
2024.08.23
1. 계약명 : FPD제조장비2. 계약상대방 :Chengdu BOE Display Technology Co.,Ltd.3. 계약기간 : 2024.08.14~2026.03.30
-
-
-
-
-
- 고객사 요청에 의한 공시유보건
2024.11.05
1. 계약명 : FPD제조장비2. 계약상대방 :삼성디스플레이3. 계약기간 : 2024.11.01~2025.07.15
13,151,400,000 원
-
-
3,945,420,000 원
3,945,420,000 원
- 장비 생산 진행 중 - 대금 지급 조건에 따른 수령 진행 중
2024.11.15
1. 계약명 : FPD제조장비2. 계약상대방 :Canon Tokki Corporation3. 계약기간 : 2024.11.15~2025.07.23
JPY 3,339,700,000
-
-
JPY 1,001,910,000
JPY 1,001,910,000
- 생산 진행 중 - 계약기간 종료일 변경 - 대금 지급조건에 따른 수령 진행 중"	ok
20250814001882	신세계건설	예	XI. 1. 가. 단일판매ㆍ공급계약체결 공시의 진행상황	미흡사항 추가기재	20250623000339	"가. 단일판매·공급계약체결 공시의 진행상황
(1) 진행상황
당사의 단일판매
·
공급계약체결 공시 건 중 계약 해지 또는 기간 만
료 전까지 계약과 관련된 진행상황은 아래와 같습니다.
(기준일 :
2024년 12월 31일
)
(단위 : 백만원)
신고일자(정정신고기준)
계약내역
계약금액총액
판매·공급금액
대금수령금액
당기
누적
당기
누적
2024-12-27
계약명: 대구 본동 주상복합 신축공사계약상대방: ㈜피엠밸류계약기간: 2021-10-28 ~ 2025-07-28
173,586
26,242
97,288
-
11,662
2024-10-15
계약명: 고양창릉 A-4BL 아파트 건설공사 1공구계약상대방: 한국토지주택공사계약기간: 2024-10-31 ~ 2027-08-21
171,318
272
272
-
-
2024-09-11
계약명: 부산 명지지구 오피스텔 2,5 BL 신축공사계약상대방: ㈜유승홀딩스계약기간: 2022-02-10 ~ 2025-08-25
213,729
74,242
139,484
44,200
102,360
2024-09-11
계약명: 부산 명지지구 오피스텔 1,6BL 신축공사계약상대방: ㈜대윤디앤씨계약기간: 2022-02-10 ~ 2025-08-25
140,378
47,334
94,649
11,600
58,810
2024-07-23
계약명: 이천 안흥동 272-6 주상복합 신축공사(2블럭)계약상대방: ㈜더랜드인베스트계약기간: 2021-09-07 ~ 2026-01-25
80,170
23,540
41,355
21,641
40,183
2024-07-23
계약명: 이천 안흥동 270 주상복합 신축공사(1블럭)계약상대방: ㈜더로렌계약기간: 2021-09-07 ~ 2026-01-25
80,339
25,452
45,289
21,088
39,440
2024-06-28
계약명: 스타필드청라 신축공사 中 전기공사계약상대방: ㈜스타필드청라계약기간: 2024-07-01 ~ 2027-12-31
101,105
1
1
-
-
2024-06-28
계약명: 스타필드청라 신축공사계약상대방: ㈜스타필드청라계약기간: 2024-07-01 ~ 2027-12-31
822,700
18,984
18,984
5,899
5,899
2024-06-28
계약명: 스타필드청라 신축공사 中 사전공사계약상대방: ㈜스타필드청라계약기간: 2023-04-28 ~ 2025-12-31
110,265
45,406
89,735
55,900
90,736
2024-05-31
계약명: 남양주 마석 주상복합 신축공사계약상대방: ㈜에코월드이엔씨계약기간: 2022-07-27 ~ 2025-09-26
103,309
43,193
67,284
33,883
56,625
2024-03-29
계약명: 제넥신 컨소시엄 신사옥 및 R&D센터 개발사업계약상대방: ㈜제넥신, ㈜프로젠, ㈜셀리드계약기간: 2023-07-12 ~ 2026-03-11
116,882
26,082
32,065
26,229
43,985
2024-03-21
계약명: 구월 트레이더스 신축공사계약상대방: ㈜이마트계약기간: 2024-05-01 ~ 2025-10-31
93,311
25,581
25,581
28,840
28,840
2024-03-12
계약명: 고성 봉포리 생활형숙박시설 신축공사계약상대방: ㈜리드온산업개발계약기간: 2022-01-17 ~ 2025-08-16
164,296
58,841
94,568
54,450
88,495
2023-12-21
계약명: 양주옥정물류센터 신축공사계약상대방: 지엘옥정일반사모부동산투자회사계약기간: 2024-01-21 ~ 2026-01-20
213,158
60,008
62,502
56,551
78,695
2023-05-03
계약명: 연신내 복합개발 철거 및 신축공사계약상대방: ㈜한조파트너스계약기간: 2023-05-03 ~ 2027-05-31
234,447
21,420
22,008
-
-
2023-01-05
계약명: 울산 신정동 22-4 주상복합 신축공사계약상대방: 히엘건설㈜계약기간: 2022-12-01 ~ 2025-11-30
89,759
29,521
45,738
27,570
41,011
2022-06-16
계약명: 양주옥정물류센터2 신축공사계약상대방: 지엘옥정피에프브이계약기간: 2022-06-16 ~ 2024-08-30
87,560
12
23
-
135
2022-03-22
계약명: 천안 백석동 공동주택 신축공사계약상대방: 하나글로벌프로젝트 유한회사계약기간: 2022-03-03 ~ 2025-03-31
98,307
-
107
-
-
2021-09-24
계약명: 마포 4-15지구 도시정비형 재개발사업 신축공사계약상대방: ㈜월송홀딩스계약기간: 2021-09-24 ~ 2025-04-01
88,268
33,204
63,279
15,100
44,887
※ 계약금액 총액은 단일판매 공급계약 체결 공시에 반영한 부가세 포함 계약 금액입니다.
(2) 대금 미수령 사유
계약명
미수령 사유
고양창릉 A-4BL 아파트 건설공사 1공구
공사초기 현장으로 진행률에 따른 대금 회수 예정
스타필드청라 신축공사 中 전기공사
공사초기 현장으로 진행률에 따른 대금 회수 예정
연신내 복합개발 철거 및 신축공사
초기 분양실적 부진으로 인한 대금 미수령최근 분양률 상승에 따라 금명간 대금 회수 예정
천안 백석동 공동주택 신축공사
미착공 현장으로 대금 청구 내역 없음
(3) 향후 추진계획 당사는 건설경기 침체 장기화 및 분양시장 악화로 인한 리스크를 해소하고자 사업관리 담당을 신설하였고, 대금 회수가 저조한 현장의 미분양 해소, 채권회수 집중 등 신속한 현안 해결을 위해 전사역량을 집중하겠습니다."	"가. 단일판매·공급계약체결 공시의 진행상황
(1) 진행상황 당사의 단일판매
·
공급계약체결 공시 건 중 계약 해지 또는 기간 만료 전까지 계약과 관련된 진행상황은 아래와 같습니다.
(기준일 :
2024년 12월 31일
)
(단위 : 백만원)
신고일자(정정신고기준)
계약내역
계약금액총액
판매·공급금액
대금수령금액
당기
누적
당기
누적
2024-12-27
계약명: 대구 본동 주상복합 신축공사계약상대방: ㈜피엠밸류계약기간: 2021-10-28 ~ 2025-07-28
173,586
26,242
97,288
-
11,662
2024-10-15
계약명: 고양창릉 A-4BL 아파트 건설공사 1공구계약상대방: 한국토지주택공사계약기간: 2024-10-31 ~ 2027-08-21
171,318
272
272
-
-
2024-09-11
계약명: 부산 명지지구 오피스텔 2,5 BL 신축공사계약상대방: ㈜유승홀딩스계약기간: 2022-02-10 ~ 2025-08-25
213,729
74,242
139,484
44,200
102,360
2024-09-11
계약명: 부산 명지지구 오피스텔 1,6BL 신축공사계약상대방: ㈜대윤디앤씨계약기간: 2022-02-10 ~ 2025-08-25
140,378
47,334
94,649
11,600
58,810
2024-07-23
계약명: 이천 안흥동 272-6 주상복합 신축공사(2블럭)계약상대방: ㈜더랜드인베스트계약기간: 2021-09-07 ~ 2026-01-25
80,170
23,540
41,355
21,641
40,183
2024-07-23
계약명: 이천 안흥동 270 주상복합 신축공사(1블럭)계약상대방: ㈜더로렌계약기간: 2021-09-07 ~ 2026-01-25
80,339
25,452
45,289
21,088
39,440
2024-06-28
계약명: 스타필드청라 신축공사 中 전기공사계약상대방: ㈜스타필드청라계약기간: 2024-07-01 ~ 2027-12-31
101,105
1
1
-
-
2024-06-28
계약명: 스타필드청라 신축공사계약상대방: ㈜스타필드청라계약기간: 2024-07-01 ~ 2027-12-31
822,700
18,984
18,984
5,899
5,899
2024-06-28
계약명: 스타필드청라 신축공사 中 사전공사계약상대방: ㈜스타필드청라계약기간: 2023-04-28 ~ 2025-12-31
110,265
45,406
89,735
55,900
90,736
2024-05-31
계약명: 남양주 마석 주상복합 신축공사계약상대방: ㈜에코월드이엔씨계약기간: 2022-07-27 ~ 2025-09-26
103,309
43,193
67,284
33,883
56,625
2024-03-29
계약명: 제넥신 컨소시엄 신사옥 및 R&D센터 개발사업계약상대방: ㈜제넥신, ㈜프로젠, ㈜셀리드계약기간: 2023-07-12 ~ 2026-03-11
116,882
26,082
32,065
26,229
43,985
2024-03-21
계약명: 구월 트레이더스 신축공사계약상대방: ㈜이마트계약기간: 2024-05-01 ~ 2025-10-31
93,311
25,581
25,581
28,840
28,840
2024-03-12
계약명: 고성 봉포리 생활형숙박시설 신축공사계약상대방: ㈜리드온산업개발계약기간: 2022-01-17 ~ 2025-08-16
164,296
58,841
94,568
54,450
88,495
2023-12-21
계약명: 양주옥정물류센터 신축공사계약상대방: 지엘옥정일반사모부동산투자회사계약기간: 2024-01-21 ~ 2026-01-20
213,158
60,008
62,502
56,551
78,695
2023-05-03
계약명: 연신내 복합개발 철거 및 신축공사계약상대방: ㈜한조파트너스계약기간: 2023-05-03 ~ 2027-05-31
234,447
21,420
22,008
-
-
2023-01-05
계약명: 울산 신정동 22-4 주상복합 신축공사계약상대방: 히엘건설㈜계약기간: 2022-12-01 ~ 2025-11-30
89,759
29,521
45,738
27,570
41,011
2022-06-16
계약명: 양주옥정물류센터2 신축공사계약상대방: 지엘옥정피에프브이계약기간: 2022-06-16 ~ 2024-08-30
87,560
12
23
-
135
2022-03-22
계약명: 천안 백석동 공동주택 신축공사계약상대방: 하나글로벌프로젝트 유한회사계약기간: 2022-03-03 ~ 2025-03-31
98,307
-
107
-
-
2021-09-24
계약명: 마포 4-15지구 도시정비형 재개발사업 신축공사계약상대방: ㈜월송홀딩스계약기간: 2021-09-24 ~ 2025-04-01
88,268
33,204
63,279
15,100
44,887
2024-03-12
계약명: 대구 칠성동 주상복합 신축공사계약상대방:
디에스자산개발 유한회사
계약기간:
2021-10-01 ~ 2025-02-28
114,914
19,544
52,758
34,580
36,416
2024-02-29
계약명:
신세계 강남점 리뉴얼 공사(면세/파미에)
계약상대방:
주식회사 신세계
계약기간:
2023-06-01 ~ 2025-06-30
132,737
59,012
81,624
67,448
89,674
※ 계약금액 총액은 단일판매 공급계약 체결 공시에 반영한 부가세 포함 계약 금액입니다.
(2) 대금 미수령 사유
계약명
미수령 사유
고양창릉 A-4BL 아파트 건설공사 1공구
공사초기 현장으로 진행률에 따른 대금 회수 예정
스타필드청라 신축공사 中 전기공사
공사초기 현장으로 진행률에 따른 대금 회수 예정
연신내 복합개발 철거 및 신축공사
초기 분양실적 부진으로 인한 대금 미수령최근 분양률 상승에 따라 금명간 대금 회수 예정
천안 백석동 공동주택 신축공사
미착공 현장으로 대금 청구 내역 없음
(3) 향후 추진계획 당사는 건설경기 침체 장기화 및 분양시장 악화로 인한 리스크를 해소하고자 사업관리 담당을 신설하였고, 대금 회수가 저조한 현장의 미분양 해소, 채권회수 집중 등 신속한 현안 해결을 위해 전사역량을 집중하겠습니다."	ok_sub
